[Licensing::Module] Trying to connect to existing licensing client channel...
Built from '6000.5/staging' branch; Version is '6000.5.8f1 (5cb7df797b7d) revision 6076383'; Using compiler version '194234433'; Build Type 'Release'
<<<<<<< HEAD
[Licensing::IpcConnector] Successfully connected to: "LicenseClient-paois" at "2026-08-29T19:34:12.4264879Z"
OS: 'Windows 10  (10.0.19045) 64bit Core' Language: 'en' Physical Memory: 32693 MB
=======
OS: 'Windows 11  (10.0.26100) Core' Language: 'es' Physical Memory: 8112 MB
>>>>>>> 4a75c996fa2e22985b19446780bd2d4c6bc4f3aa
BatchMode: 1, IsHumanControllingUs: 0, StartBugReporterOnCrash: 0, Is64bit: 1
[Licensing::IpcConnector] Successfully connected to: "LicenseClient-May" at "2026-08-29T16:19:07.4768328Z"
System  architecture: x64
Process architecture: x64
<<<<<<< HEAD
Date: 2026-08-29T19:34:12Z
=======
Date: 2026-08-29T16:19:07Z
>>>>>>> 4a75c996fa2e22985b19446780bd2d4c6bc4f3aa

COMMAND LINE ARGUMENTS:
C:\Program Files\Unity\Hub\Editor\6000.5.8f1\Editor\Unity.exe
-adb2
-batchMode
-noUpm
-name
AssetImportWorkerHW0
-projectPath
C:/Users/paois/Documents/SoulSeeker
-logFile
Logs/AssetImportWorkerHW0.log
-srvPort
<<<<<<< HEAD
55553
-parentPid
14268
=======
53720
-parentPid
1700
>>>>>>> 4a75c996fa2e22985b19446780bd2d4c6bc4f3aa
-analyticsCloudUserId
anonymous
-analyticsCloudProjectId
c576347a-05d0-4fb0-a4ea-0708e3165bef
-analyticsLocalProjectId
a56da116b9fe1124594780cc3d334692
-editorAnalyticsEnabled
1
-cbmEditorLicense
ccdefd822cb34aae35b9693a5b57fe011fa17935
-cbmMachineId
<<<<<<< HEAD
4lwPIFWQBcKCY4ogEttypPrCKkM=
-licensingIpc
LicenseClient-paois
=======
WhHCL6WshhAV/u+JZtnMQZrMpJU=
-licensingIpc
LicenseClient-May
>>>>>>> 4a75c996fa2e22985b19446780bd2d4c6bc4f3aa
-noDiagnosticSwitchPersistentStore
-job-worker-count
11
-background-job-worker-count
8
-asset-garbage-collectors
1
-force-d3d12
-name
AssetImport
Successfully changed project path to: C:/Users/paois/Documents/SoulSeeker
C:/Users/paois/Documents/SoulSeeker
[UnityMemory] Configuration Parameters - Can be set up in boot.config
    "memorysetup-temp-allocator-size-gi-baking-worker=262144"
    "memorysetup-temp-allocator-size-gi-baking-worker=262144"
    "memorysetup-temp-allocator-size-gi-baking-worker=262144"
    "memorysetup-temp-allocator-size-gi-baking-worker=262144"
    "memorysetup-temp-allocator-size-gi-baking-worker=262144"
    "memorysetup-temp-allocator-size-nav-mesh-worker=65536"
    "memorysetup-temp-allocator-size-audio-worker=65536"
    "memorysetup-temp-allocator-size-cloud-worker=32768"
    "memorysetup-temp-allocator-size-gfx=262144"
    "memorysetup-temp-allocator-size-preload-manager=33554432"
    "memorysetup-allocator-temp-initial-block-size-main=262144"
    "memorysetup-allocator-temp-initial-block-size-worker=262144"
    "memorysetup-temp-allocator-size-job-worker=262144"
    "memorysetup-temp-allocator-size-background-worker=32768"
    "memorysetup-bucket-allocator-granularity=16"
    "memorysetup-bucket-allocator-bucket-count=8"
    "memorysetup-bucket-allocator-block-size=33554432"
    "memorysetup-bucket-allocator-block-count=8"
    "memorysetup-main-allocator-block-size=16777216"
    "memorysetup-thread-allocator-block-size=16777216"
    "memorysetup-main-allocator-mimalloc-enabled=0"
    "memorysetup-gfx-main-allocator-block-size=16777216"
    "memorysetup-gfx-thread-allocator-block-size=16777216"
    "memorysetup-cache-allocator-block-size=4194304"
    "memorysetup-typetree-allocator-block-size=2097152"
    "memorysetup-profiler-bucket-allocator-granularity=16"
    "memorysetup-profiler-bucket-allocator-bucket-count=8"
    "memorysetup-profiler-bucket-allocator-block-size=33554432"
    "memorysetup-profiler-bucket-allocator-block-count=8"
    "memorysetup-profiler-allocator-block-size=16777216"
    "memorysetup-profiler-editor-allocator-block-size=1048576"
    "memorysetup-temp-allocator-size-main=16777216"
    "memorysetup-job-temp-allocator-block-size=2097152"
    "memorysetup-job-temp-allocator-block-size-background=1048576"
    "memorysetup-job-temp-allocator-reduction-small-platforms=262144"
<<<<<<< HEAD
Player connection [8256]  Target information:

Player connection [8256]  * "[IP] 192.168.0.14 [Port] 0 [Flags] 2 [Guid] 1984654972 [EditorId] 1984654972 [Version] 1048832 [Id] WindowsEditor(7,DESKTOP-6FK2FIO) [Debug] 1 [PackageName] WindowsEditor [ProjectName] Editor" 

Player connection [8256] Host joined multi-casting on [225.0.0.222:54997]...
Player connection [8256] Host joined alternative multi-casting on [225.0.0.222:34997]...
JobSystem: Creating JobQueue using job-worker-count value 11
=======
Player connection [13540]  Target information:

Player connection [13540]  * "[IP] 192.168.1.18 [Port] 0 [Flags] 2 [Guid] 3917796378 [EditorId] 3917796378 [Version] 1048832 [Id] WindowsEditor(7,LAPTOP-DM6U2RV0) [Debug] 1 [PackageName] WindowsEditor [ProjectName] Editor" 

Player connection [13540] Host joined multi-casting on [225.0.0.222:54997]...
Player connection [13540] Host joined alternative multi-casting on [225.0.0.222:34997]...
JobSystem: Creating JobQueue using job-worker-count value 3
>>>>>>> 4a75c996fa2e22985b19446780bd2d4c6bc4f3aa
Input System module state changed to: Initialized.
[Physics::Module] Initialized fallback backend.
[Physics::Module] Id: 0xdecafbad
Library Redirect Path: Library/
[Physics::Module] Selected backend.
[Physics::Module] Name: PhysX
[Physics::Module] Id: 0xf2b8ea05
[Physics::Module] SDK Version: 4.1.2
[Physics::Module] Integration Version: 1.0.0
[Physics::Module] Threading Mode: Multi-Threaded
<<<<<<< HEAD
Refreshing native plugins compatible for Editor in 6.24 ms, found 5 plugins.
=======
Refreshing native plugins compatible for Editor in 404.44 ms, found 5 plugins.
>>>>>>> 4a75c996fa2e22985b19446780bd2d4c6bc4f3aa
Initialize engine version: 6000.5.8f1 (5cb7df797b7d)
[Subsystems] Discovering subsystems at path C:/Program Files/Unity/Hub/Editor/6000.5.8f1/Editor/Data/Resources/UnitySubsystems
[Subsystems] Discovering subsystems at path C:/Users/paois/Documents/SoulSeeker/Assets
Forcing GfxDevice: Direct3D 12
GfxDevice: creating device client; kGfxThreadingModeNonThreaded
d3d12: failed to query info queue interface (0x80004002).
Direct3D:
    Version:         Direct3D 12 [level 12.1]
    Renderer:        AMD Radeon RX 5600 XT (ID=0x731f)
    Vendor:          ATI
    VRAM:            6103 MB
    App VRAM Budget: 5335 MB
    Driver:          32.0.21030.2001
Initialize mono
<<<<<<< HEAD
Mono path[0] = 'C:/Program Files/Unity/Hub/Editor/6000.5.8f1/Editor/Data/Managed'
Mono path[1] = 'C:/Program Files/Unity/Hub/Editor/6000.5.8f1/Editor/Data/BCLExtensions/runtime/netstandard2.1'
Mono path[2] = 'C:/Program Files/Unity/Hub/Editor/6000.5.8f1/Editor/Data/MonoBleedingEdge/lib/mono/unityjit-win32'
Mono config path = 'C:/Program Files/Unity/Hub/Editor/6000.5.8f1/Editor/Data/MonoBleedingEdge/etc'
Using monoOptions --debugger-agent=transport=dt_socket,embedding=1,server=y,suspend=n,address=127.0.0.1:56244
=======
Mono path[0] = 'F:/Unity/6000.5.8f1/Editor/Data/Managed'
Mono path[1] = 'F:/Unity/6000.5.8f1/Editor/Data/BCLExtensions/runtime/netstandard2.1'
Mono path[2] = 'F:/Unity/6000.5.8f1/Editor/Data/MonoBleedingEdge/lib/mono/unityjit-win32'
Mono config path = 'F:/Unity/6000.5.8f1/Editor/Data/MonoBleedingEdge/etc'
Using monoOptions --debugger-agent=transport=dt_socket,embedding=1,server=y,suspend=n,address=127.0.0.1:56188
>>>>>>> 4a75c996fa2e22985b19446780bd2d4c6bc4f3aa
CodeReloadManager initialized
Begin MonoManager ReloadAssembly
[Licensing::Client] Error: HandshakeResponse reported an error:
	ResponseCode: 505
	ResponseStatus: Unsupported protocol version '1.18.1'.
<<<<<<< HEAD
[Licensing::Module] Error: Failed to handshake to channel: "LicenseClient-paois"
[Licensing::IpcConnector] LicenseClient-paois channel disconnected successfully.
[Licensing::IpcConnector] Successfully connected to: "LicenseClient-paois-6000.5.8" at "2026-08-29T19:34:13.1956357Z"
[Licensing::Client] Code 10 while verifying Licensing Client signature (process Id: 11724, path: "C:/Program Files/Unity/Hub/Editor/6000.5.8f1/Editor/Data/Resources/Licensing/Client/Unity.Licensing.Client.exe")
[Licensing::Module] LicensingClient has failed validation; ignoring
[Licensing::Client] Handshaking with LicensingClient:
  Version:                 1.18.1+9fbee8e
  Session Id:              1537d6e19bea4db79c4bcce10a1c1613
  Correlation Id:          b74cf025a659a33c68c0ee7ae9708278
  External correlation Id: 1187241904189675248
  Machine Id:              4lwPIFWQBcKCY4ogEttypPrCKkM=
[Licensing::Module] Successfully connected to LicensingClient on channel: "LicenseClient-paois-6000.5.8" (connect: 0.00s, validation: 0.00s, handshake: 0.00s)
[Licensing::IpcConnector] Successfully connected to: "LicenseClient-paois-6000.5.8-notifications" at "2026-08-29T19:34:13.2019109Z"
[Licensing::Module] Licensing Background thread has ended after 0.78s
Registering precompiled unity dll's ...
Register platform support module: C:/Program Files/Unity/Hub/Editor/6000.5.8f1/Editor/Data/PlaybackEngines/WindowsStandaloneSupport/UnityEditor.WindowsStandalone.Extensions.dll
Registered in 0.002983 seconds.
=======
[Licensing::Module] Error: Failed to handshake to channel: "LicenseClient-May"
[Licensing::IpcConnector] LicenseClient-May channel disconnected successfully.
[Licensing::IpcConnector] Successfully connected to: "LicenseClient-May-6000.5.8" at "2026-08-29T16:19:18.2768775Z"
[Licensing::Client] Code 10 while verifying Licensing Client signature (process Id: 18504, path: "F:/unity/6000.5.8f1/Editor/Data/Resources/Licensing/Client/Unity.Licensing.Client.exe")
[Licensing::Module] LicensingClient has failed validation; ignoring
[Licensing::Client] Handshaking with LicensingClient:
  Version:                 1.18.1+9fbee8e
  Session Id:              f34fe8a7572d49a0953d5a4e7d82a553
  Correlation Id:          bbbee9324476c63cb34911aef89f6af7
  External correlation Id: 22715354192558470
  Machine Id:              WhHCL6WshhAV/u+JZtnMQZrMpJU=
[Licensing::Module] Successfully connected to LicensingClient on channel: "LicenseClient-May-6000.5.8" (connect: 0.00s, validation: 0.01s, handshake: 0.02s)
[Licensing::IpcConnector] Successfully connected to: "LicenseClient-May-6000.5.8-notifications" at "2026-08-29T16:19:18.2996747Z"
[Licensing::Module] Licensing Background thread has ended after 10.82s
Begin MonoManager ReloadAssembly
Registering precompiled unity dll's ...
Register platform support module: F:/Unity/6000.5.8f1/Editor/Data/PlaybackEngines/WebGLSupport/UnityEditor.WebGL.Extensions.dll
Register platform support module: F:/Unity/6000.5.8f1/Editor/Data/PlaybackEngines/WindowsStandaloneSupport/UnityEditor.WindowsStandalone.Extensions.dll
Registered in 1.330830 seconds.
>>>>>>> 4a75c996fa2e22985b19446780bd2d4c6bc4f3aa
Native extension for WindowsStandalone target not found
Package Manager log level set to [2]
[Package Manager] Failed to launch server process. Reason: Unity was launched with the -noUpm command-line argument
[Package Manager] Unable to send message (not connected to server process).
[Package Manager] Cannot connect to Unity Package Manager local server
ScheduleIndexationOnStartup MainProcess:False IndexOnStartup:True
Mono: successfully reloaded assembly
<<<<<<< HEAD
- Finished resetting the current domain, in  0.612 seconds
Domain Reload Profiling: 1194ms
	BeginReloadAssembly (154ms)
	RebuildCommonClasses (7ms)
	RebuildNativeTypeToScriptingClass (24ms)
	initialDomainReloadingComplete (79ms)
	LoadAllAssembliesAndSetupDomain (317ms)
		LoadAssemblies (149ms)
		AnalyzeDomain (235ms)
			TypeCache.Refresh (233ms)
				TypeCache.ScanAssembly (218ms)
	FinalizeReload (613ms)
		SetupLoadedEditorAssemblies (0ms)
			BeforeProcessingInitializeOnLoad (128ms)
			ProcessInitializeOnLoadAttributes (124ms)
			ProcessInitializeOnLoadMethodAttributes (260ms)
=======
- Finished resetting the current domain, in  1.126 seconds
Domain Reload Profiling: 5366ms
	BeginReloadAssembly (1265ms)
	RebuildCommonClasses (7ms)
	RebuildNativeTypeToScriptingClass (27ms)
	initialDomainReloadingComplete (1813ms)
	LoadAllAssembliesAndSetupDomain (1128ms)
		LoadAssemblies (1270ms)
		AnalyzeDomain (991ms)
			TypeCache.Refresh (990ms)
				TypeCache.ScanAssembly (964ms)
	FinalizeReload (1127ms)
		SetupLoadedEditorAssemblies (0ms)
			InitializePlatformSupportModulesInManaged (3ms)
			BeforeProcessingInitializeOnLoad (120ms)
			ProcessInitializeOnLoadAttributes (150ms)
			ProcessInitializeOnLoadMethodAttributes (731ms)
>>>>>>> 4a75c996fa2e22985b19446780bd2d4c6bc4f3aa
Initializing Unity extensions:
[Licensing::Client] Successfully resolved entitlement details
[Licensing::Module] License group:
  Id: 4674091325332-UnityPersXXXX
  Product: Unity Personal
  Type: Assigned
<<<<<<< HEAD
  Expiration: Unlimited
=======
  Expiration: 2026-12-08T15:48:24Z
Curl error 3: URL rejected: Malformed input to a URL function
>>>>>>> 4a75c996fa2e22985b19446780bd2d4c6bc4f3aa
========================================================================
Worker process is ready to serve import requests
Import Worker Mode flag is 0x00
Begin MonoManager ReloadAssembly
Symbol file LoadedFromMemory is not a mono symbol file
<<<<<<< HEAD
Refreshing native plugins compatible for Editor in 3.70 ms, found 5 plugins.
=======
Refreshing native plugins compatible for Editor in 60.62 ms, found 5 plugins.
>>>>>>> 4a75c996fa2e22985b19446780bd2d4c6bc4f3aa
Native extension for WindowsStandalone target not found
[Package Manager] Failed to launch server process. Reason: Unity was launched with the -noUpm command-line argument
[Package Manager] Unable to send message (not connected to server process).
[Package Manager] Cannot connect to Unity Package Manager local server
<<<<<<< HEAD
Refreshing native plugins compatible for Editor in 3.83 ms, found 5 plugins.
=======
Refreshing native plugins compatible for Editor in 2.44 ms, found 5 plugins.
>>>>>>> 4a75c996fa2e22985b19446780bd2d4c6bc4f3aa
[Package Manager] Failed to launch server process. Reason: Unity was launched with the -noUpm command-line argument
[Package Manager] Unable to send message (not connected to server process).
[Package Manager] Cannot connect to Unity Package Manager local server
ScheduleIndexationOnStartup MainProcess:False IndexOnStartup:True
Mono: successfully reloaded assembly
<<<<<<< HEAD
- Finished resetting the current domain, in  1.290 seconds
Domain Reload Profiling: 2541ms
	BeginReloadAssembly (229ms)
		DisableScriptedObjects (10ms)
		CreateAndSetChildDomain (37ms)
	RebuildCommonClasses (10ms)
	RebuildNativeTypeToScriptingClass (21ms)
	initialDomainReloadingComplete (83ms)
	LoadAllAssembliesAndSetupDomain (907ms)
		LoadAssemblies (471ms)
		AnalyzeDomain (381ms)
			TypeCache.Refresh (267ms)
				TypeCache.ScanAssembly (244ms)
			BuildScriptInfoCaches (107ms)
			ResolveRequiredComponents (5ms)
	FinalizeReload (1291ms)
		SetupLoadedEditorAssemblies (0ms)
			BeforeProcessingInitializeOnLoad (116ms)
			ProcessInitializeOnLoadAttributes (488ms)
			ProcessInitializeOnLoadMethodAttributes (445ms)
			AfterProcessingInitializeOnLoad (11ms)
		AwakeInstancesAfterBackupRestoration (8ms)
AcceleratorClientConnectionCallback - disconnected - :0
Launched and connected shader compiler UnityShaderCompiler.exe after 0.01 seconds
Refreshing native plugins compatible for Editor in 3.82 ms, found 5 plugins.
Unloading 22 Unused Serialized files (Serialized files now loaded: 0)
Curl error 3: URL rejected: Malformed input to a URL function
Unloading 9212 unused Assets / (6.0 MB). Loaded Objects now: 10214.
Memory consumption went from 386.8 MB to 380.7 MB.
Total: 16.474100 ms (FindLiveObjects: 1.394800 ms CreateObjectMapping: 2.607100 ms MarkObjects: 8.466500 ms  DeleteObjects: 4.003200 ms)
=======
- Finished resetting the current domain, in  2.509 seconds
Domain Reload Profiling: 7547ms
	BeginReloadAssembly (367ms)
		DisableScriptedObjects (16ms)
		CreateAndSetChildDomain (38ms)
	RebuildCommonClasses (10ms)
	RebuildNativeTypeToScriptingClass (24ms)
	initialDomainReloadingComplete (83ms)
	LoadAllAssembliesAndSetupDomain (4553ms)
		LoadAssemblies (3985ms)
		AnalyzeDomain (463ms)
			TypeCache.Refresh (340ms)
				TypeCache.ScanAssembly (312ms)
			BuildScriptInfoCaches (114ms)
			ResolveRequiredComponents (6ms)
	FinalizeReload (2510ms)
		SetupLoadedEditorAssemblies (0ms)
			BeforeProcessingInitializeOnLoad (116ms)
			ProcessInitializeOnLoadAttributes (600ms)
			ProcessInitializeOnLoadMethodAttributes (1036ms)
			AfterProcessingInitializeOnLoad (22ms)
		AwakeInstancesAfterBackupRestoration (9ms)
AcceleratorClientConnectionCallback - disconnected - :0
Launched and connected shader compiler UnityShaderCompiler.exe after 0.02 seconds
Refreshing native plugins compatible for Editor in 3.62 ms, found 5 plugins.
Unloading 22 Unused Serialized files (Serialized files now loaded: 0)
Curl error 3: URL rejected: Malformed input to a URL function
Unloading 9212 unused Assets / (6.5 MB). Loaded Objects now: 10214.
Memory consumption went from 384.4 MB to 378.0 MB.
Total: 16.276900 ms (FindLiveObjects: 1.633600 ms CreateObjectMapping: 3.936600 ms MarkObjects: 6.792000 ms  DeleteObjects: 3.912900 ms)
>>>>>>> 4a75c996fa2e22985b19446780bd2d4c6bc4f3aa

========================================================================
Received Prepare
AcceleratorClientConnectionCallback - disconnected - :0
<<<<<<< HEAD
Refreshing native plugins compatible for Editor in 3.84 ms, found 5 plugins.
Unloading 22 Unused Serialized files (Serialized files now loaded: 0)
Unloading 22 unused Assets / (2.6 MB). Loaded Objects now: 10214.
Memory consumption went from 376.8 MB to 374.2 MB.
Total: 9.377200 ms (FindLiveObjects: 0.709700 ms CreateObjectMapping: 0.966800 ms MarkObjects: 7.045300 ms  DeleteObjects: 0.654400 ms)

Prepare: number of updated asset objects reloaded= 0
========================================================================
Received Import Request.
  Time of request: 2026-08-29T21:04:38.1758165Z
  Time since last request: 7372.04264129999956 seconds.
  importAddress: GUID: 00000000000000001000000000000000 - Path: Assets - Importer: PreviewImporter
Importing 'GUID: 00000000000000001000000000000000 - Path: Assets - Importer: PreviewImporter' with importer (PreviewImporter)
Imported 'GUID: 00000000000000001000000000000000' -> (Import Result ID: '3aa02e5fcf64c7505b6d074e63811f0f') in 0.043 seconds [static and dynamic dependencies]. Details - ImportResultOutputID=923ecb25fcaecb4cb3c936046707f967 DependenciesID=983b8953d5ce8a7aaf78e1ef9832f984 StaticDependenciesID=1b9e5a313c60f6b85df4db3605c5c793 
Number of updated asset objects reloaded before import = 0
Number of asset objects unloaded after import = 0
========================================================================
Received Import Request.
  Time of request: 2026-08-29T21:04:43.4206191Z
  Time since last request: 5.0989279 seconds.
  importAddress: GUID: c2625bbc6aec43347aedf1f8911e441b - Path: Assets/Leo - Importer: PreviewImporter
Importing 'GUID: c2625bbc6aec43347aedf1f8911e441b - Path: Assets/Leo - Importer: PreviewImporter' with importer (PreviewImporter)
Imported 'GUID: c2625bbc6aec43347aedf1f8911e441b' -> (Import Result ID: 'ebeb51a7a5b7c1cceed5a24720d41099') in 0.016 seconds [static and dynamic dependencies]. Details - ImportResultOutputID=7ba8bd04ec773d46314faf73f3a08437 DependenciesID=e748d1e00efd4b4c5c9d8424ad6259e8 StaticDependenciesID=c831988a9bfedc309be14f59454b6f73 
Number of updated asset objects reloaded before import = 0
Number of asset objects unloaded after import = 0
========================================================================
Received Import Request.
  Time of request: 2026-08-29T21:04:44.341499Z
  Time since last request: 0.8876149 seconds.
  importAddress: GUID: c2625bbc6aec43347aedf1f8911e441b - Path: Assets/Leo - Importer: ScriptedImporter/UnityEditor.QuickSearchModule:UnityEditor.Search:ASIAI0B
Importing 'GUID: c2625bbc6aec43347aedf1f8911e441b - Path: Assets/Leo - Importer: ScriptedImporter/UnityEditor.QuickSearchModule:UnityEditor.Search:ASIAI0B' with importer (ScriptedImporter : UnityEditor.QuickSearchModule:UnityEditor.Search:ASIAI0B)
Imported 'GUID: c2625bbc6aec43347aedf1f8911e441b' -> (Import Result ID: 'ec23c78de7fadcd796d65a8d0f9bdb64') in 0.153 seconds [static and dynamic dependencies]. Details - ImportResultOutputID=c695b2da20b4efaba029f139e68aa0ab DependenciesID=fbbeadb177d57cd64eab5897f95a2509 StaticDependenciesID=7c8ead92acd0b5c05c836a0ce970b5cc 
Number of updated asset objects reloaded before import = 0
Number of asset objects unloaded after import = 1
========================================================================
Received Import Request.
  Time of request: 2026-08-29T21:05:00.7960939Z
  Time since last request: 16.2870189 seconds.
  importAddress: GUID: b15fb8ddfa61e094ea4218e20ab6f2c2 - Path: Assets/Leo/spritesheet.png - Importer: PreviewImporter
Importing 'GUID: b15fb8ddfa61e094ea4218e20ab6f2c2 - Path: Assets/Leo/spritesheet.png - Importer: PreviewImporter' with importer (PreviewImporter)
Imported 'GUID: b15fb8ddfa61e094ea4218e20ab6f2c2' -> (Import Result ID: '68cda2a37aad46ccfa759c72632f05db') in 0.177 seconds [static and dynamic dependencies]. Details - ImportResultOutputID=0b1c8d10b1525fa4f0aab75af90bd5be DependenciesID=aabdba38c8d7e4d370224f7acc499640 StaticDependenciesID=62d90deb5324425cfd5db4c6f9f15b3c 
Number of updated asset objects reloaded before import = 0
Number of asset objects unloaded after import = 14
========================================================================
Received Import Request.
  Time of request: 2026-08-29T21:05:02.0389351Z
  Time since last request: 1.0499282 seconds.
  importAddress: GUID: b15fb8ddfa61e094ea4218e20ab6f2c2 - Path: Assets/Leo/spritesheet.png - Importer: ScriptedImporter/UnityEditor.QuickSearchModule:UnityEditor.Search:ASIAI0B
Importing 'GUID: b15fb8ddfa61e094ea4218e20ab6f2c2 - Path: Assets/Leo/spritesheet.png - Importer: ScriptedImporter/UnityEditor.QuickSearchModule:UnityEditor.Search:ASIAI0B' with importer (ScriptedImporter : UnityEditor.QuickSearchModule:UnityEditor.Search:ASIAI0B)
Imported 'GUID: b15fb8ddfa61e094ea4218e20ab6f2c2' -> (Import Result ID: '2152c756eb6ad5506f4b53798bfce61e') in 0.087 seconds [static and dynamic dependencies]. Details - ImportResultOutputID=7652cb065007896cfc079350c08009df DependenciesID=ca34ae9139eeea4bec5564c5050df33b StaticDependenciesID=86ff62baace405d2841ee6f20dc70ff4 
Number of updated asset objects reloaded before import = 0
Number of asset objects unloaded after import = 14
========================================================================
Received Import Request.
  Time of request: 2026-08-29T21:05:57.1161031Z
  Time since last request: 54.9775384 seconds.
  importAddress: GUID: b15fb8ddfa61e094ea4218e20ab6f2c2 - Path: Assets/Leo/spritesheet.png - Importer: PreviewImporter
Importing 'GUID: b15fb8ddfa61e094ea4218e20ab6f2c2 - Path: Assets/Leo/spritesheet.png - Importer: PreviewImporter' with importer (PreviewImporter)
Imported 'GUID: b15fb8ddfa61e094ea4218e20ab6f2c2' -> (Import Result ID: '6ab2cc0b466e3c0342bf9a7d63d09b2c') in 0.044 seconds [static and dynamic dependencies]. Details - ImportResultOutputID=3ce4327e584703079a2f306cc7c17239 DependenciesID=43c440e2481fdd195df6737412d647c0 StaticDependenciesID=3181832e5b84f28595eba9d1a3acbab8 
Number of updated asset objects reloaded before import = 0
Number of asset objects unloaded after import = 14
========================================================================
Received Import Request.
  Time of request: 2026-08-29T21:05:58.0961099Z
  Time since last request: 0.921778 seconds.
  importAddress: GUID: b15fb8ddfa61e094ea4218e20ab6f2c2 - Path: Assets/Leo/spritesheet.png - Importer: ScriptedImporter/UnityEditor.QuickSearchModule:UnityEditor.Search:ASIAI0B
Importing 'GUID: b15fb8ddfa61e094ea4218e20ab6f2c2 - Path: Assets/Leo/spritesheet.png - Importer: ScriptedImporter/UnityEditor.QuickSearchModule:UnityEditor.Search:ASIAI0B' with importer (ScriptedImporter : UnityEditor.QuickSearchModule:UnityEditor.Search:ASIAI0B)
Imported 'GUID: b15fb8ddfa61e094ea4218e20ab6f2c2' -> (Import Result ID: 'ffee1f55992181fd703203af44d61eac') in 0.022 seconds [static and dynamic dependencies]. Details - ImportResultOutputID=9ffaac85af0046439b0f2b09a705d364 DependenciesID=94cb44d5d92e38d02435ec36dcd92671 StaticDependenciesID=9a1006ba262313da60232ab66da34104 
Number of updated asset objects reloaded before import = 0
Number of asset objects unloaded after import = 14
========================================================================
Received Import Request.
  Time of request: 2026-08-29T21:07:12.5595412Z
  Time since last request: 74.4285548 seconds.
  importAddress: GUID: b15fb8ddfa61e094ea4218e20ab6f2c2 - Path: Assets/Leo/spritesheet.png - Importer: PreviewImporter
Importing 'GUID: b15fb8ddfa61e094ea4218e20ab6f2c2 - Path: Assets/Leo/spritesheet.png - Importer: PreviewImporter' with importer (PreviewImporter)
Imported 'GUID: b15fb8ddfa61e094ea4218e20ab6f2c2' -> (Import Result ID: '7da874a323b0f35142cb014f13903ca4') in 0.042 seconds [static and dynamic dependencies]. Details - ImportResultOutputID=52eff78c8bd601c1a398251dfe7c90b5 DependenciesID=2042f86c786ba849235d76235d9e7bb8 StaticDependenciesID=6dfa61ad9bb1749c5f1a327bceaa3c27 
Number of updated asset objects reloaded before import = 0
Number of asset objects unloaded after import = 14
========================================================================
Received Import Request.
  Time of request: 2026-08-29T21:07:13.5120746Z
  Time since last request: 0.8967281 seconds.
  importAddress: GUID: b15fb8ddfa61e094ea4218e20ab6f2c2 - Path: Assets/Leo/spritesheet.png - Importer: ScriptedImporter/UnityEditor.QuickSearchModule:UnityEditor.Search:ASIAI0B
Importing 'GUID: b15fb8ddfa61e094ea4218e20ab6f2c2 - Path: Assets/Leo/spritesheet.png - Importer: ScriptedImporter/UnityEditor.QuickSearchModule:UnityEditor.Search:ASIAI0B' with importer (ScriptedImporter : UnityEditor.QuickSearchModule:UnityEditor.Search:ASIAI0B)
Imported 'GUID: b15fb8ddfa61e094ea4218e20ab6f2c2' -> (Import Result ID: '1361c43f8f79bbcdb099697dce31c5a1') in 0.021 seconds [static and dynamic dependencies]. Details - ImportResultOutputID=d49c35f473158fd0dbdcc7b1c70cafa6 DependenciesID=44874a1e7ef92712158e51f455cf3c97 StaticDependenciesID=3c688813eaf4e1aa1f1a30b6d56797e6 
Number of updated asset objects reloaded before import = 0
Number of asset objects unloaded after import = 14
========================================================================
Received Prepare
AcceleratorClientConnectionCallback - disconnected - :0
Refreshing native plugins compatible for Editor in 4.64 ms, found 5 plugins.
Unloading 22 Unused Serialized files (Serialized files now loaded: 0)
Unloading 22 unused Assets / (2.6 MB). Loaded Objects now: 10239.
Memory consumption went from 381.2 MB to 378.6 MB.
Total: 22.625100 ms (FindLiveObjects: 2.443700 ms CreateObjectMapping: 1.543000 ms MarkObjects: 17.817700 ms  DeleteObjects: 0.818900 ms)

Prepare: number of updated asset objects reloaded= 0
========================================================================
Received Import Request.
  Time of request: 2026-08-29T21:08:35.6515214Z
  Time since last request: 82.1051076 seconds.
  importAddress: GUID: bbad2d1448b2d204187f6e9b19e5607a - Path: Assets/Leo/player_placeholder.controller - Importer: ScriptedImporter/UnityEditor.QuickSearchModule:UnityEditor.Search:ASIAI0B
Importing 'GUID: bbad2d1448b2d204187f6e9b19e5607a - Path: Assets/Leo/player_placeholder.controller - Importer: ScriptedImporter/UnityEditor.QuickSearchModule:UnityEditor.Search:ASIAI0B' with importer (ScriptedImporter : UnityEditor.QuickSearchModule:UnityEditor.Search:ASIAI0B)
Imported 'GUID: bbad2d1448b2d204187f6e9b19e5607a' -> (Import Result ID: '6a1dafb228b881d709f422ba0d20747e') in 0.007 seconds [static and dynamic dependencies]. Details - ImportResultOutputID=af31de1227d24c0d8cba3877a941527c DependenciesID=ab4e76bed1b43a4b6dd6f95d5422b150 StaticDependenciesID=d594038eca443b9f5ed23a21ff5bea0f 
Number of updated asset objects reloaded before import = 0
Number of asset objects unloaded after import = 1
========================================================================
Received Prepare
AcceleratorClientConnectionCallback - disconnected - :0
Refreshing native plugins compatible for Editor in 3.73 ms, found 5 plugins.
Unloading 22 Unused Serialized files (Serialized files now loaded: 0)
Unloading 22 unused Assets / (2.6 MB). Loaded Objects now: 10239.
Memory consumption went from 383.1 MB to 380.5 MB.
Total: 11.833600 ms (FindLiveObjects: 0.790100 ms CreateObjectMapping: 0.992500 ms MarkObjects: 9.241900 ms  DeleteObjects: 0.808100 ms)

Prepare: number of updated asset objects reloaded= 0
========================================================================
Received Import Request.
  Time of request: 2026-08-29T21:18:35.6704454Z
  Time since last request: 599.99878330000001 seconds.
  importAddress: GUID: b15fb8ddfa61e094ea4218e20ab6f2c2 - Path: Assets/Leo/spritesheet.png - Importer: PreviewImporter
Importing 'GUID: b15fb8ddfa61e094ea4218e20ab6f2c2 - Path: Assets/Leo/spritesheet.png - Importer: PreviewImporter' with importer (PreviewImporter)
Imported 'GUID: b15fb8ddfa61e094ea4218e20ab6f2c2' -> (Import Result ID: '057102a22e60ec0113c575ce015b0e22') in 0.043 seconds [static and dynamic dependencies]. Details - ImportResultOutputID=9d74c7d589b6e9772ea9a3f57ebe54da DependenciesID=1b3aa6e9696faf8aed150824d85b7da8 StaticDependenciesID=11277f328c353d58c39f38ee25b79418 
Number of updated asset objects reloaded before import = 0
Number of asset objects unloaded after import = 14
========================================================================
Received Import Request.
  Time of request: 2026-08-29T21:18:36.422936Z
  Time since last request: 0.69705 seconds.
  importAddress: GUID: b15fb8ddfa61e094ea4218e20ab6f2c2 - Path: Assets/Leo/spritesheet.png - Importer: ScriptedImporter/UnityEditor.QuickSearchModule:UnityEditor.Search:ASIAI0B
Importing 'GUID: b15fb8ddfa61e094ea4218e20ab6f2c2 - Path: Assets/Leo/spritesheet.png - Importer: ScriptedImporter/UnityEditor.QuickSearchModule:UnityEditor.Search:ASIAI0B' with importer (ScriptedImporter : UnityEditor.QuickSearchModule:UnityEditor.Search:ASIAI0B)
Imported 'GUID: b15fb8ddfa61e094ea4218e20ab6f2c2' -> (Import Result ID: '3df7a15ac12459ddfeb777180fec5c06') in 0.023 seconds [static and dynamic dependencies]. Details - ImportResultOutputID=0bd1ed3b0ced7d3ec12e0799e50009ff DependenciesID=63cd61b31f96e3f7eaccdf6ad0aba124 StaticDependenciesID=698db9f1a51e4ab58b0567f6897ce59c 
Number of updated asset objects reloaded before import = 0
Number of asset objects unloaded after import = 14
========================================================================
Received Prepare
AcceleratorClientConnectionCallback - disconnected - :0
Refreshing native plugins compatible for Editor in 3.95 ms, found 5 plugins.
Unloading 22 Unused Serialized files (Serialized files now loaded: 0)
Unloading 22 unused Assets / (2.6 MB). Loaded Objects now: 10239.
Memory consumption went from 381.3 MB to 378.7 MB.
Total: 10.479200 ms (FindLiveObjects: 0.771200 ms CreateObjectMapping: 1.022000 ms MarkObjects: 7.992500 ms  DeleteObjects: 0.691900 ms)

Prepare: number of updated asset objects reloaded= 0
========================================================================
Received Prepare
AcceleratorClientConnectionCallback - disconnected - :0
Refreshing native plugins compatible for Editor in 3.70 ms, found 5 plugins.
Unloading 22 Unused Serialized files (Serialized files now loaded: 0)
Unloading 22 unused Assets / (2.6 MB). Loaded Objects now: 10239.
Memory consumption went from 383.1 MB to 380.5 MB.
Total: 10.681300 ms (FindLiveObjects: 0.786200 ms CreateObjectMapping: 1.337700 ms MarkObjects: 7.760000 ms  DeleteObjects: 0.795800 ms)

Prepare: number of updated asset objects reloaded= 0
========================================================================
Received Import Request.
  Time of request: 2026-08-29T21:19:06.4993943Z
  Time since last request: 30.0368348 seconds.
  importAddress: GUID: b15fb8ddfa61e094ea4218e20ab6f2c2 - Path: Assets/Leo/spritesheet.png - Importer: PreviewImporter
Importing 'GUID: b15fb8ddfa61e094ea4218e20ab6f2c2 - Path: Assets/Leo/spritesheet.png - Importer: PreviewImporter' with importer (PreviewImporter)
Imported 'GUID: b15fb8ddfa61e094ea4218e20ab6f2c2' -> (Import Result ID: 'e9a639360b695b2b6797ec983ed71da9') in 0.044 seconds [static and dynamic dependencies]. Details - ImportResultOutputID=52eff78c8bd601c1a398251dfe7c90b5 DependenciesID=9ebe95cfe4130cd873bd01e7ee76408e StaticDependenciesID=30025284941fd49c6c632a138ab41353 
Number of updated asset objects reloaded before import = 0
Number of asset objects unloaded after import = 14
========================================================================
Received Import Request.
  Time of request: 2026-08-29T21:19:07.4795441Z
  Time since last request: 0.9227657 seconds.
  importAddress: GUID: b15fb8ddfa61e094ea4218e20ab6f2c2 - Path: Assets/Leo/spritesheet.png - Importer: ScriptedImporter/UnityEditor.QuickSearchModule:UnityEditor.Search:ASIAI0B
Importing 'GUID: b15fb8ddfa61e094ea4218e20ab6f2c2 - Path: Assets/Leo/spritesheet.png - Importer: ScriptedImporter/UnityEditor.QuickSearchModule:UnityEditor.Search:ASIAI0B' with importer (ScriptedImporter : UnityEditor.QuickSearchModule:UnityEditor.Search:ASIAI0B)
Imported 'GUID: b15fb8ddfa61e094ea4218e20ab6f2c2' -> (Import Result ID: '3d21dd692d0076f3b38bfe6a7a2724c6') in 0.023 seconds [static and dynamic dependencies]. Details - ImportResultOutputID=d27627b48b14a479598f2724048d9261 DependenciesID=7b1dea8419752ee44a51986dc4ebe3aa StaticDependenciesID=f46f420b00146e9fa8cba50e68f3cef8 
Number of updated asset objects reloaded before import = 0
Number of asset objects unloaded after import = 14
========================================================================
Received Import Request.
  Time of request: 2026-08-29T21:19:12.912593Z
  Time since last request: 5.397175 seconds.
  importAddress: GUID: b15fb8ddfa61e094ea4218e20ab6f2c2 - Path: Assets/Leo/spritesheet.png - Importer: PreviewImporter
Importing 'GUID: b15fb8ddfa61e094ea4218e20ab6f2c2 - Path: Assets/Leo/spritesheet.png - Importer: PreviewImporter' with importer (PreviewImporter)
Imported 'GUID: b15fb8ddfa61e094ea4218e20ab6f2c2' -> (Import Result ID: 'a4395bdb59f06abc63e9efcbaafd39b9') in 0.039 seconds [static and dynamic dependencies]. Details - ImportResultOutputID=52eff78c8bd601c1a398251dfe7c90b5 DependenciesID=ea5106ca8fce838ddf229de6d316c3e8 StaticDependenciesID=1f7b705b9474c5c48283f3a891e70b4c 
Number of updated asset objects reloaded before import = 0
Number of asset objects unloaded after import = 14
========================================================================
Received Import Request.
  Time of request: 2026-08-29T21:19:13.8947648Z
  Time since last request: 0.9301573 seconds.
  importAddress: GUID: b15fb8ddfa61e094ea4218e20ab6f2c2 - Path: Assets/Leo/spritesheet.png - Importer: ScriptedImporter/UnityEditor.QuickSearchModule:UnityEditor.Search:ASIAI0B
Importing 'GUID: b15fb8ddfa61e094ea4218e20ab6f2c2 - Path: Assets/Leo/spritesheet.png - Importer: ScriptedImporter/UnityEditor.QuickSearchModule:UnityEditor.Search:ASIAI0B' with importer (ScriptedImporter : UnityEditor.QuickSearchModule:UnityEditor.Search:ASIAI0B)
Imported 'GUID: b15fb8ddfa61e094ea4218e20ab6f2c2' -> (Import Result ID: '7eb7d76f04d1836aaf9c75efa8e3a801') in 0.022 seconds [static and dynamic dependencies]. Details - ImportResultOutputID=d8f8a4c03c716b1876c8f5e7989336c8 DependenciesID=2a1d21368438a30be7640e46795800a7 StaticDependenciesID=1779966ba004dd7c5368a6f0b4f3f1a6 
Number of updated asset objects reloaded before import = 0
Number of asset objects unloaded after import = 14
========================================================================
Received Import Request.
  Time of request: 2026-08-29T21:19:29.7669828Z
  Time since last request: 15.837276 seconds.
  importAddress: GUID: b15fb8ddfa61e094ea4218e20ab6f2c2 - Path: Assets/Leo/spritesheet.png - Importer: PreviewImporter
Importing 'GUID: b15fb8ddfa61e094ea4218e20ab6f2c2 - Path: Assets/Leo/spritesheet.png - Importer: PreviewImporter' with importer (PreviewImporter)
Imported 'GUID: b15fb8ddfa61e094ea4218e20ab6f2c2' -> (Import Result ID: '2e01f114c5d9da9ba9e90e3fac76f1eb') in 0.044 seconds [static and dynamic dependencies]. Details - ImportResultOutputID=3f22d23742b4515ac8dd58e2dfdc692a DependenciesID=89354ab9d2c7575a0e744209bf3b6f1c StaticDependenciesID=6c8c0b8582d43a741a5b5eebe9d203aa 
Number of updated asset objects reloaded before import = 0
Number of asset objects unloaded after import = 14
========================================================================
Received Import Request.
  Time of request: 2026-08-29T21:19:30.7488426Z
  Time since last request: 0.9237794 seconds.
  importAddress: GUID: b15fb8ddfa61e094ea4218e20ab6f2c2 - Path: Assets/Leo/spritesheet.png - Importer: ScriptedImporter/UnityEditor.QuickSearchModule:UnityEditor.Search:ASIAI0B
Importing 'GUID: b15fb8ddfa61e094ea4218e20ab6f2c2 - Path: Assets/Leo/spritesheet.png - Importer: ScriptedImporter/UnityEditor.QuickSearchModule:UnityEditor.Search:ASIAI0B' with importer (ScriptedImporter : UnityEditor.QuickSearchModule:UnityEditor.Search:ASIAI0B)
Imported 'GUID: b15fb8ddfa61e094ea4218e20ab6f2c2' -> (Import Result ID: 'b9116130f4ff7aa390eaa65c5023305b') in 0.020 seconds [static and dynamic dependencies]. Details - ImportResultOutputID=02c23fbd7e5a8c09c2584eac7998a299 DependenciesID=162d0d44cee169cd4c83ccf7f4c30653 StaticDependenciesID=fd29bd85f858ba55ab016720e751b124 
Number of updated asset objects reloaded before import = 0
Number of asset objects unloaded after import = 14
========================================================================
Received Prepare
AcceleratorClientConnectionCallback - disconnected - :0
Refreshing native plugins compatible for Editor in 4.61 ms, found 5 plugins.
Unloading 22 Unused Serialized files (Serialized files now loaded: 0)
Unloading 22 unused Assets / (2.6 MB). Loaded Objects now: 10239.
Memory consumption went from 381.3 MB to 378.7 MB.
Total: 11.032400 ms (FindLiveObjects: 0.764700 ms CreateObjectMapping: 1.059300 ms MarkObjects: 8.472200 ms  DeleteObjects: 0.734500 ms)

Prepare: number of updated asset objects reloaded= 0
========================================================================
Received Import Request.
  Time of request: 2026-08-29T21:25:18.4114428Z
  Time since last request: 347.62916259999997 seconds.
  importAddress: GUID: bbad2d1448b2d204187f6e9b19e5607a - Path: Assets/Leo/player_placeholder.controller - Importer: ScriptedImporter/UnityEditor.QuickSearchModule:UnityEditor.Search:ASIAI0B
Importing 'GUID: bbad2d1448b2d204187f6e9b19e5607a - Path: Assets/Leo/player_placeholder.controller - Importer: ScriptedImporter/UnityEditor.QuickSearchModule:UnityEditor.Search:ASIAI0B' with importer (ScriptedImporter : UnityEditor.QuickSearchModule:UnityEditor.Search:ASIAI0B)
Imported 'GUID: bbad2d1448b2d204187f6e9b19e5607a' -> (Import Result ID: 'd593d939ccb562c81afaa52fcd3af821') in 0.007 seconds [static and dynamic dependencies]. Details - ImportResultOutputID=9eed1a22d72d1591941714944e077b92 DependenciesID=bda20c9c6bf9e5ed6e261d07876b2ceb StaticDependenciesID=5a7fd10bcd10442a0dc7cc70ec8f91a2 
Number of updated asset objects reloaded before import = 0
Number of asset objects unloaded after import = 4
========================================================================
Received Import Request.
  Time of request: 2026-08-29T21:27:18.2744792Z
  Time since last request: 119.8433394 seconds.
  importAddress: GUID: 246bd979aef724d43ac94980e33645e1 - Path: Assets/Leo/WalkUp.anim - Importer: ScriptedImporter/UnityEditor.QuickSearchModule:UnityEditor.Search:ASIAI0B
Importing 'GUID: 246bd979aef724d43ac94980e33645e1 - Path: Assets/Leo/WalkUp.anim - Importer: ScriptedImporter/UnityEditor.QuickSearchModule:UnityEditor.Search:ASIAI0B' with importer (ScriptedImporter : UnityEditor.QuickSearchModule:UnityEditor.Search:ASIAI0B)
Imported 'GUID: 246bd979aef724d43ac94980e33645e1' -> (Import Result ID: '21c4897b2b39ce63ec127b08c8989769') in 0.012 seconds [static and dynamic dependencies]. Details - ImportResultOutputID=d6da83466d80178f5dd60c3bde5e6787 DependenciesID=2f30579f49e61a36aca1d08ca8d5f3c9 StaticDependenciesID=cf22713d180040291749f773c8e89533 
Number of updated asset objects reloaded before import = 0
Number of asset objects unloaded after import = 1
========================================================================
Received Import Request.
  Time of request: 2026-08-29T21:28:37.8055683Z
  Time since last request: 79.5068156 seconds.
  importAddress: GUID: b0eda6decc2630540900068185777153 - Path: Assets/Leo/WalkRight.anim - Importer: ScriptedImporter/UnityEditor.QuickSearchModule:UnityEditor.Search:ASIAI0B
Importing 'GUID: b0eda6decc2630540900068185777153 - Path: Assets/Leo/WalkRight.anim - Importer: ScriptedImporter/UnityEditor.QuickSearchModule:UnityEditor.Search:ASIAI0B' with importer (ScriptedImporter : UnityEditor.QuickSearchModule:UnityEditor.Search:ASIAI0B)
Imported 'GUID: b0eda6decc2630540900068185777153' -> (Import Result ID: 'a5cb1b171807dd4f55872a03f5da3e8c') in 0.005 seconds [static and dynamic dependencies]. Details - ImportResultOutputID=f806e262bd29f65434090991e02a84b9 DependenciesID=46e5e5511db28997f434a220320afdc5 StaticDependenciesID=cca5df83ad291e73931da0ae987bb975 
Number of updated asset objects reloaded before import = 0
Number of asset objects unloaded after import = 1
========================================================================
Received Import Request.
  Time of request: 2026-08-29T21:29:24.0457263Z
  Time since last request: 46.2227415 seconds.
  importAddress: GUID: 27b0c66206aba744cb383a522f2c46eb - Path: Assets/Leo/WalkLeft.anim - Importer: ScriptedImporter/UnityEditor.QuickSearchModule:UnityEditor.Search:ASIAI0B
Importing 'GUID: 27b0c66206aba744cb383a522f2c46eb - Path: Assets/Leo/WalkLeft.anim - Importer: ScriptedImporter/UnityEditor.QuickSearchModule:UnityEditor.Search:ASIAI0B' with importer (ScriptedImporter : UnityEditor.QuickSearchModule:UnityEditor.Search:ASIAI0B)
Imported 'GUID: 27b0c66206aba744cb383a522f2c46eb' -> (Import Result ID: '9537bee31cf642491b756828e6e9624d') in 0.005 seconds [static and dynamic dependencies]. Details - ImportResultOutputID=2c2135839c9e25c1780a0008b9e6c535 DependenciesID=f372c208fdd1056f81bf35d25e6fc105 StaticDependenciesID=a2182bc83eddde526a9d7109d3d0291b 
Number of updated asset objects reloaded before import = 0
Number of asset objects unloaded after import = 1
========================================================================
Received Prepare
AcceleratorClientConnectionCallback - disconnected - :0
Refreshing native plugins compatible for Editor in 5.20 ms, found 5 plugins.
Unloading 22 Unused Serialized files (Serialized files now loaded: 0)
Unloading 22 unused Assets / (2.6 MB). Loaded Objects now: 10239.
Memory consumption went from 381.3 MB to 378.7 MB.
Total: 11.720400 ms (FindLiveObjects: 0.845600 ms CreateObjectMapping: 1.012300 ms MarkObjects: 8.899000 ms  DeleteObjects: 0.961500 ms)

Prepare: number of updated asset objects reloaded= 0
========================================================================
Received Import Request.
  Time of request: 2026-08-29T21:36:25.0216577Z
  Time since last request: 420.95834969999999 seconds.
  importAddress: GUID: fae22a06d1021af468e8b2ed0666e16f - Path: Assets/Scenes/sprites/player_placeholder.png - Importer: PreviewImporter
Importing 'GUID: fae22a06d1021af468e8b2ed0666e16f - Path: Assets/Scenes/sprites/player_placeholder.png - Importer: PreviewImporter' with importer (PreviewImporter)
Imported 'GUID: fae22a06d1021af468e8b2ed0666e16f' -> (Import Result ID: '5ec481f77f60aea61b4b05b0b1103a7d') in 0.012 seconds [static and dynamic dependencies]. Details - ImportResultOutputID=73ae5a41351199e6832c877981a89ff0 DependenciesID=3eef6596c7b9f5fb5bb954c3cc3e98c2 StaticDependenciesID=9505fb400d1b85a1fb26f62f7ff63728 
Number of updated asset objects reloaded before import = 0
Number of asset objects unloaded after import = 3
========================================================================
Received Import Request.
  Time of request: 2026-08-29T21:36:29.1370578Z
  Time since last request: 4.090231 seconds.
  importAddress: GUID: ec3c2c2cb43adef42b0c2827235c9505 - Path: Assets/Scenes/sprites/lvl1/walls_levelone.png - Importer: PreviewImporter
Importing 'GUID: ec3c2c2cb43adef42b0c2827235c9505 - Path: Assets/Scenes/sprites/lvl1/walls_levelone.png - Importer: PreviewImporter' with importer (PreviewImporter)
Imported 'GUID: ec3c2c2cb43adef42b0c2827235c9505' -> (Import Result ID: 'e2c10a232f29bd7cb91989cda3d4e478') in 0.014 seconds [static and dynamic dependencies]. Details - ImportResultOutputID=b0a716c4371fa499142ce2500e7c3cd9 DependenciesID=d02bd2fe7d08c771d1a83d6cf426c17a StaticDependenciesID=5a248fbf330246045bb4cd7ec42ef282 
Number of updated asset objects reloaded before import = 0
Number of asset objects unloaded after import = 4
========================================================================
Received Prepare
AcceleratorClientConnectionCallback - disconnected - :0
Refreshing native plugins compatible for Editor in 4.49 ms, found 5 plugins.
Unloading 22 Unused Serialized files (Serialized files now loaded: 0)
Unloading 9190 unused Assets / (5.8 MB). Loaded Objects now: 10245.
Memory consumption went from 388.1 MB to 382.3 MB.
Total: 18.934500 ms (FindLiveObjects: 1.592000 ms CreateObjectMapping: 3.003800 ms MarkObjects: 10.331400 ms  DeleteObjects: 4.005200 ms)

Prepare: number of updated asset objects reloaded= 0
========================================================================
Received Import Request.
  Time of request: 2026-08-29T21:43:39.9128584Z
  Time since last request: 430.7493278 seconds.
  importAddress: GUID: 4ef7c13bf2ae5e9448a71970207bb4a0 - Path: Assets/PlayerMovementS.cs - Importer: ScriptedImporter/UnityEditor.QuickSearchModule:UnityEditor.Search:ASIAI0B
Importing 'GUID: 4ef7c13bf2ae5e9448a71970207bb4a0 - Path: Assets/PlayerMovementS.cs - Importer: ScriptedImporter/UnityEditor.QuickSearchModule:UnityEditor.Search:ASIAI0B' with importer (ScriptedImporter : UnityEditor.QuickSearchModule:UnityEditor.Search:ASIAI0B)
Imported 'GUID: 4ef7c13bf2ae5e9448a71970207bb4a0' -> (Import Result ID: 'e9aa876846615ec90ffe75c238ace42c') in 0.006 seconds [static and dynamic dependencies]. Details - ImportResultOutputID=cb87b6374789b461ba0cd31dfbad5de2 DependenciesID=8e40d1cb5a761ce3026c9c5c17abdddb StaticDependenciesID=57979441c00984d7eb0b212edc446d95 
Number of updated asset objects reloaded before import = 0
Number of asset objects unloaded after import = 0
========================================================================
Received Prepare
AcceleratorClientConnectionCallback - disconnected - :0
[Licensing::Client] Successfully resolved entitlement details
Begin MonoManager ReloadAssembly
The type Unity.AssetManager.Core.Editor Unity.AssetManager.Core.Editor.IOProxy is being serialized by [SerializeReference], but its parent type Unity.AssetManager.Core.Editor Unity.AssetManager.Core.Editor.BaseService`1 is missing the [Serializable] attribute. To suppress this warning add [Serializable] to Unity.AssetManager.Core.Editor Unity.AssetManager.Core.Editor.BaseService`1 or use [MakeSerializable].
The type Unity.AssetManager.Core.Editor Unity.AssetManager.Core.Editor.ApplicationProxy is being serialized by [SerializeReference], but its parent type Unity.AssetManager.Core.Editor Unity.AssetManager.Core.Editor.BaseService`1 is missing the [Serializable] attribute. To suppress this warning add [Serializable] to Unity.AssetManager.Core.Editor Unity.AssetManager.Core.Editor.BaseService`1 or use [MakeSerializable].
The type Unity.AssetManager.Core.Editor Unity.AssetManager.Core.Editor.AssetOperationManager is being serialized by [SerializeReference], but its parent type Unity.AssetManager.Core.Editor Unity.AssetManager.Core.Editor.BaseService`1 is missing the [Serializable] attribute. To suppress this warning add [Serializable] to Unity.AssetManager.Core.Editor Unity.AssetManager.Core.Editor.BaseService`1 or use [MakeSerializable].
The type Unity.AssetManager.Core.Editor Unity.AssetManager.Core.Editor.DownloadManager is being serialized by [SerializeReference], but its parent type Unity.AssetManager.Core.Editor Unity.AssetManager.Core.Editor.BaseService`1 is missing the [Serializable] attribute. To suppress this warning add [Serializable] to Unity.AssetManager.Core.Editor Unity.AssetManager.Core.Editor.BaseService`1 or use [MakeSerializable].
The type Unity.AssetManager.Core.Editor Unity.AssetManager.Core.Editor.ImportedAssetsTracker is being serialized by [SerializeReference], but its parent type Unity.AssetManager.Core.Editor Unity.AssetManager.Core.Editor.BaseService`1 is missing the [Serializable] attribute. To suppress this warning add [Serializable] to Unity.AssetManager.Core.Editor Unity.AssetManager.Core.Editor.BaseService`1 or use [MakeSerializable].
The type Unity.AssetManager.Core.Editor Unity.AssetManager.Core.Editor.AssetsSdkProvider is being serialized by [SerializeReference], but its parent type Unity.AssetManager.Core.Editor Unity.AssetManager.Core.Editor.BaseSdkService is missing the [Serializable] attribute. To suppress this warning add [Serializable] to Unity.AssetManager.Core.Editor Unity.AssetManager.Core.Editor.BaseSdkService or use [MakeSerializable].
The type Unity.AssetManager.Core.Editor Unity.AssetManager.Core.Editor.AssetDataManager is being serialized by [SerializeReference], but its parent type Unity.AssetManager.Core.Editor Unity.AssetManager.Core.Editor.BaseService`1 is missing the [Serializable] attribute. To suppress this warning add [Serializable] to Unity.AssetManager.Core.Editor Unity.AssetManager.Core.Editor.BaseService`1 or use [MakeSerializable].
The type Unity.AssetManager.Upload.Editor Unity.AssetManager.Upload.Editor.UploadManager is being serialized by [SerializeReference], but its parent type Unity.AssetManager.Core.Editor Unity.AssetManager.Core.Editor.BaseService`1 is missing the [Serializable] attribute. To suppress this warning add [Serializable] to Unity.AssetManager.Core.Editor Unity.AssetManager.Core.Editor.BaseService`1 or use [MakeSerializable].
The type Unity.AssetManager.Core.Editor Unity.AssetManager.Core.Editor.CachePathHelper is being serialized by [SerializeReference], but its parent type Unity.AssetManager.Core.Editor Unity.AssetManager.Core.Editor.BaseService`1 is missing the [Serializable] attribute. To suppress this warning add [Serializable] to Unity.AssetManager.Core.Editor Unity.AssetManager.Core.Editor.BaseService`1 or use [MakeSerializable].
The type Unity.AssetManager.Core.Editor Unity.AssetManager.Core.Editor.AssetManagerSettingsManager is being serialized by [SerializeReference], but its parent type Unity.AssetManager.Core.Editor Unity.AssetManager.Core.Editor.BaseService`1 is missing the [Serializable] attribute. To suppress this warning add [Serializable] to Unity.AssetManager.Core.Editor Unity.AssetManager.Core.Editor.BaseService`1 or use [MakeSerializable].
The type Unity.AssetManager.Core.Editor Unity.AssetManager.Core.Editor.CacheEvictionManager is being serialized by [SerializeReference], but its parent type Unity.AssetManager.Core.Editor Unity.AssetManager.Core.Editor.BaseService`1 is missing the [Serializable] attribute. To suppress this warning add [Serializable] to Unity.AssetManager.Core.Editor Unity.AssetManager.Core.Editor.BaseService`1 or use [MakeSerializable].
The type Unity.AssetManager.Core.Editor Unity.AssetManager.Core.Editor.ThumbnailDownloader is being serialized by [SerializeReference], but its parent type Unity.AssetManager.Core.Editor Unity.AssetManager.Core.Editor.BaseService`1 is missing the [Serializable] attribute. To suppress this warning add [Serializable] to Unity.AssetManager.Core.Editor Unity.AssetManager.Core.Editor.BaseService`1 or use [MakeSerializable].
The type Unity.AssetManager.Core.Editor Unity.AssetManager.Core.Editor.UnityConnectProxy is being serialized by [SerializeReference], but its parent type Unity.AssetManager.Core.Editor Unity.AssetManager.Core.Editor.BaseService`1 is missing the [Serializable] attribute. To suppress this warning add [Serializable] to Unity.AssetManager.Core.Editor Unity.AssetManager.Core.Editor.BaseService`1 or use [MakeSerializable].
The type Unity.AssetManager.Core.Editor Unity.AssetManager.Core.Editor.MessageManager is being serialized by [SerializeReference], but its parent type Unity.AssetManager.Core.Editor Unity.AssetManager.Core.Editor.BaseService`1 is missing the [Serializable] attribute. To suppress this warning add [Serializable] to Unity.AssetManager.Core.Editor Unity.AssetManager.Core.Editor.BaseService`1 or use [MakeSerializable].
The type Unity.AssetManager.Core.Editor Unity.AssetManager.Core.Editor.AssetDataCacheManager is being serialized by [SerializeReference], but its parent type Unity.AssetManager.Core.Editor Unity.AssetManager.Core.Editor.BaseService`1 is missing the [Serializable] attribute. To suppress this warning add [Serializable] to Unity.AssetManager.Core.Editor Unity.AssetManager.Core.Editor.BaseService`1 or use [MakeSerializable].
The type Unity.AssetManager.Core.Editor Unity.AssetManager.Core.Editor.AssetDataCacheSyncService is being serialized by [SerializeReference], but its parent type Unity.AssetManager.Core.Editor Unity.AssetManager.Core.Editor.BaseService`1 is missing the [Serializable] attribute. To suppress this warning add [Serializable] to Unity.AssetManager.Core.Editor Unity.AssetManager.Core.Editor.BaseService`1 or use [MakeSerializable].
The type Unity.AssetManager.Core.Editor Unity.AssetManager.Core.Editor.ProjectIconDownloader is being serialized by [SerializeReference], but its parent type Unity.AssetManager.Core.Editor Unity.AssetManager.Core.Editor.BaseService`1 is missing the [Serializable] attribute. To suppress this warning add [Serializable] to Unity.AssetManager.Core.Editor Unity.AssetManager.Core.Editor.BaseService`1 or use [MakeSerializable].
The type Unity.AssetManager.Core.Editor Unity.AssetManager.Core.Editor.AssetDatabaseProxy is being serialized by [SerializeReference], but its parent type Unity.AssetManager.Core.Editor Unity.AssetManager.Core.Editor.BaseService`1 is missing the [Serializable] attribute. To suppress this warning add [Serializable] to Unity.AssetManager.Core.Editor Unity.AssetManager.Core.Editor.BaseService`1 or use [MakeSerializable].
The type Unity.AssetManager.Core.Editor Unity.AssetManager.Core.Editor.PersistenceManager is being serialized by [SerializeReference], but its parent type Unity.AssetManager.Core.Editor Unity.AssetManager.Core.Editor.BaseService`1 is missing the [Serializable] attribute. To suppress this warning add [Serializable] to Unity.AssetManager.Core.Editor Unity.AssetManager.Core.Editor.BaseService`1 or use [MakeSerializable].
The type Unity.AssetManager.Core.Editor Unity.AssetManager.Core.Editor.FileUtility is being serialized by [SerializeReference], but its parent type Unity.AssetManager.Core.Editor Unity.AssetManager.Core.Editor.BaseService`1 is missing the [Serializable] attribute. To suppress this warning add [Serializable] to Unity.AssetManager.Core.Editor Unity.AssetManager.Core.Editor.BaseService`1 or use [MakeSerializable].
The type Unity.AssetManager.Core.Editor Unity.AssetManager.Core.Editor.EditorUtilityProxy is being serialized by [SerializeReference], but its parent type Unity.AssetManager.Core.Editor Unity.AssetManager.Core.Editor.BaseService`1 is missing the [Serializable] attribute. To suppress this warning add [Serializable] to Unity.AssetManager.Core.Editor Unity.AssetManager.Core.Editor.BaseService`1 or use [MakeSerializable].
The type Unity.AssetManager.Core.Editor Unity.AssetManager.Core.Editor.AssetImportResolver is being serialized by [SerializeReference], but its parent type Unity.AssetManager.Core.Editor Unity.AssetManager.Core.Editor.BaseService`1 is missing the [Serializable] attribute. To suppress this warning add [Serializable] to Unity.AssetManager.Core.Editor Unity.AssetManager.Core.Editor.BaseService`1 or use [MakeSerializable].
The type Unity.AssetManager.Core.Editor Unity.AssetManager.Core.Editor.AssetImporter is being serialized by [SerializeReference], but its parent type Unity.AssetManager.Core.Editor Unity.AssetManager.Core.Editor.BaseService`1 is missing the [Serializable] attribute. To suppress this warning add [Serializable] to Unity.AssetManager.Core.Editor Unity.AssetManager.Core.Editor.BaseService`1 or use [MakeSerializable].
The type Unity.AssetManager.Core.Editor Unity.AssetManager.Core.Editor.UIPreferences is being serialized by [SerializeReference], but its parent type Unity.AssetManager.Core.Editor Unity.AssetManager.Core.Editor.BaseService`1 is missing the [Serializable] attribute. To suppress this warning add [Serializable] to Unity.AssetManager.Core.Editor Unity.AssetManager.Core.Editor.BaseService`1 or use [MakeSerializable].
The type Unity.AssetManager.Core.Editor Unity.AssetManager.Core.Editor.DragAndDropProjectBrowserProxy is being serialized by [SerializeReference], but its parent type Unity.AssetManager.Core.Editor Unity.AssetManager.Core.Editor.BaseService`1 is missing the [Serializable] attribute. To suppress this warning add [Serializable] to Unity.AssetManager.Core.Editor Unity.AssetManager.Core.Editor.BaseService`1 or use [MakeSerializable].
The type Unity.AssetManager.Core.Editor Unity.AssetManager.Core.Editor.SavedAssetSearchFilterManager is being serialized by [SerializeReference], but its parent type Unity.AssetManager.Core.Editor Unity.AssetManager.Core.Editor.BaseService`1 is missing the [Serializable] attribute. To suppress this warning add [Serializable] to Unity.AssetManager.Core.Editor Unity.AssetManager.Core.Editor.BaseService`1 or use [MakeSerializable].
The type Unity.AssetManager.Core.Editor Unity.AssetManager.Core.Editor.PackageVersionService is being serialized by [SerializeReference], but its parent type Unity.AssetManager.Core.Editor Unity.AssetManager.Core.Editor.BaseService`1 is missing the [Serializable] attribute. To suppress this warning add [Serializable] to Unity.AssetManager.Core.Editor Unity.AssetManager.Core.Editor.BaseService`1 or use [MakeSerializable].
The type Unity.AssetManager.Core.Editor Unity.AssetManager.Core.Editor.InlineEditService is being serialized by [SerializeReference], but its parent type Unity.AssetManager.Core.Editor Unity.AssetManager.Core.Editor.BaseService`1 is missing the [Serializable] attribute. To suppress this warning add [Serializable] to Unity.AssetManager.Core.Editor Unity.AssetManager.Core.Editor.BaseService`1 or use [MakeSerializable].
The type Unity.AssetManager.UI.Editor Unity.AssetManager.UI.Editor.StateManager is being serialized by [SerializeReference], but its parent type Unity.AssetManager.Core.Editor Unity.AssetManager.Core.Editor.BaseService`1 is missing the [Serializable] attribute. To suppress this warning add [Serializable] to Unity.AssetManager.Core.Editor Unity.AssetManager.Core.Editor.BaseService`1 or use [MakeSerializable].
The type Unity.AssetManager.UI.Editor Unity.AssetManager.UI.Editor.PageManager is being serialized by [SerializeReference], but its parent type Unity.AssetManager.Core.Editor Unity.AssetManager.Core.Editor.BaseService`1 is missing the [Serializable] attribute. To suppress this warning add [Serializable] to Unity.AssetManager.Core.Editor Unity.AssetManager.Core.Editor.BaseService`1 or use [MakeSerializable].
The type Unity.AssetManager.UI.Editor Unity.AssetManager.UI.Editor.LinksProxy is being serialized by [SerializeReference], but its parent type Unity.AssetManager.Core.Editor Unity.AssetManager.Core.Editor.BaseService`1 is missing the [Serializable] attribute. To suppress this warning add [Serializable] to Unity.AssetManager.Core.Editor Unity.AssetManager.Core.Editor.BaseService`1 or use [MakeSerializable].
The type Unity.AssetManager.UI.Editor Unity.AssetManager.UI.Editor.PopupManager is being serialized by [SerializeReference], but its parent type Unity.AssetManager.Core.Editor Unity.AssetManager.Core.Editor.BaseService`1 is missing the [Serializable] attribute. To suppress this warning add [Serializable] to Unity.AssetManager.Core.Editor Unity.AssetManager.Core.Editor.BaseService`1 or use [MakeSerializable].
The type Unity.AssetManager.Core.Editor Unity.AssetManager.Core.Editor.DialogManager is being serialized by [SerializeReference], but its parent type Unity.AssetManager.Core.Editor Unity.AssetManager.Core.Editor.BaseService`1 is missing the [Serializable] attribute. To suppress this warning add [Serializable] to Unity.AssetManager.Core.Editor Unity.AssetManager.Core.Editor.BaseService`1 or use [MakeSerializable].
The type Unity.AssetManager.UI.Editor Unity.AssetManager.UI.Editor.ContextMenuBuilder is being serialized by [SerializeReference], but its parent type Unity.AssetManager.Core.Editor Unity.AssetManager.Core.Editor.BaseService`1 is missing the [Serializable] attribute. To suppress this warning add [Serializable] to Unity.AssetManager.Core.Editor Unity.AssetManager.Core.Editor.BaseService`1 or use [MakeSerializable].
The type Unity.AssetManager.UI.Editor Unity.AssetManager.UI.Editor.ProjectWindowProxy is being serialized by [SerializeReference], but its parent type Unity.AssetManager.Core.Editor Unity.AssetManager.Core.Editor.BaseService`1 is missing the [Serializable] attribute. To suppress this warning add [Serializable] to Unity.AssetManager.Core.Editor Unity.AssetManager.Core.Editor.BaseService`1 or use [MakeSerializable].
The type Unity.AssetManager.UI.Editor Unity.AssetManager.UI.Editor.ProjectWindowIconOverlay is being serialized by [SerializeReference], but its parent type Unity.AssetManager.Core.Editor Unity.AssetManager.Core.Editor.BaseService`1 is missing the [Serializable] attribute. To suppress this warning add [Serializable] to Unity.AssetManager.Core.Editor Unity.AssetManager.Core.Editor.BaseService`1 or use [MakeSerializable].
Symbol file LoadedFromMemory is not a mono symbol file
Refreshing native plugins compatible for Editor in 3.67 ms, found 5 plugins.
Native extension for WindowsStandalone target not found
[Package Manager] Failed to launch server process. Reason: Unity was launched with the -noUpm command-line argument
[Package Manager] Unable to send message (not connected to server process).
[Package Manager] Cannot connect to Unity Package Manager local server
[Package Manager] Failed to launch server process. Reason: Unity was launched with the -noUpm command-line argument
[Package Manager] Unable to send message (not connected to server process).
[Package Manager] Cannot connect to Unity Package Manager local server
ScheduleIndexationOnStartup MainProcess:False IndexOnStartup:True
Mono: successfully reloaded assembly
- Finished resetting the current domain, in  1.104 seconds
Domain Reload Profiling: 2720ms
	BeginReloadAssembly (433ms)
		DisableScriptedObjects (54ms)
		CreateAndSetChildDomain (111ms)
	RebuildCommonClasses (11ms)
	RebuildNativeTypeToScriptingClass (21ms)
	initialDomainReloadingComplete (115ms)
	LoadAllAssembliesAndSetupDomain (1036ms)
		LoadAssemblies (710ms)
		AnalyzeDomain (291ms)
			TypeCache.Refresh (15ms)
			BuildScriptInfoCaches (267ms)
			ResolveRequiredComponents (6ms)
	FinalizeReload (1105ms)
		SetupLoadedEditorAssemblies (0ms)
			BeforeProcessingInitializeOnLoad (121ms)
			ProcessInitializeOnLoadAttributes (452ms)
			ProcessInitializeOnLoadMethodAttributes (198ms)
			AfterProcessingInitializeOnLoad (11ms)
		AwakeInstancesAfterBackupRestoration (27ms)
Refreshing native plugins compatible for Editor in 4.26 ms, found 5 plugins.
Unloading 22 Unused Serialized files (Serialized files now loaded: 0)
Unloading 9211 unused Assets / (5.2 MB). Loaded Objects now: 10248.
Memory consumption went from 381.0 MB to 375.8 MB.
Total: 14.465200 ms (FindLiveObjects: 1.479500 ms CreateObjectMapping: 2.779900 ms MarkObjects: 7.004100 ms  DeleteObjects: 3.200800 ms)
=======
Refreshing native plugins compatible for Editor in 11.46 ms, found 5 plugins.
Unloading 22 Unused Serialized files (Serialized files now loaded: 0)
Unloading 22 unused Assets / (2.6 MB). Loaded Objects now: 10214.
Memory consumption went from 374.5 MB to 371.9 MB.
Total: 578.949700 ms (FindLiveObjects: 22.780000 ms CreateObjectMapping: 4.266800 ms MarkObjects: 548.292700 ms  DeleteObjects: 3.270700 ms)
>>>>>>> 4a75c996fa2e22985b19446780bd2d4c6bc4f3aa

Prepare: number of updated asset objects reloaded= 0
========================================================================
Received Import Request.
  Time of request: 2026-08-29T18:12:05.9731976Z
  Time since last request: 363820.67572499997914 seconds.
  importAddress: GUID: 7e39a08a05a96fd4a85117ca3818e969 - Path: Assets/cabinet.png - Importer: PreviewImporter
Importing 'GUID: 7e39a08a05a96fd4a85117ca3818e969 - Path: Assets/cabinet.png - Importer: PreviewImporter' with importer (PreviewImporter)
Imported 'GUID: 7e39a08a05a96fd4a85117ca3818e969' -> (Import Result ID: '638f02d48c11893799112b6932084672') in 10.444 seconds [static and dynamic dependencies]. Details - ImportResultOutputID=7fd12bef9eff61dd6af92b7f1dad3144 DependenciesID=12dd2c46496a91c25a12a6c96cab4001 StaticDependenciesID=4e081563b4313d3961c08b91a97bac44 
Number of updated asset objects reloaded before import = 0
Number of asset objects unloaded after import = 3
========================================================================
Received Import Request.
  Time of request: 2026-08-29T18:12:16.6136264Z
  Time since last request: 0.0008755 seconds.
  importAddress: GUID: 7e39a08a05a96fd4a85117ca3818e969 - Path: Assets/cabinet.png - Importer: ScriptedImporter/UnityEditor.QuickSearchModule:UnityEditor.Search:ASIAI0B
Importing 'GUID: 7e39a08a05a96fd4a85117ca3818e969 - Path: Assets/cabinet.png - Importer: ScriptedImporter/UnityEditor.QuickSearchModule:UnityEditor.Search:ASIAI0B' with importer (ScriptedImporter : UnityEditor.QuickSearchModule:UnityEditor.Search:ASIAI0B)
Imported 'GUID: 7e39a08a05a96fd4a85117ca3818e969' -> (Import Result ID: '0f5ff2d372d7dd05a67f7f542d5ba552') in 0.651 seconds [static and dynamic dependencies]. Details - ImportResultOutputID=1c6391325ab0fb45ce7f501a17b16975 DependenciesID=20a9a4ce3fa4537f1cbeb453e60fd6c2 StaticDependenciesID=5ce33411f3557a508b23e344923b74a7 
Number of updated asset objects reloaded before import = 0
Number of asset objects unloaded after import = 3
========================================================================
Received Prepare
AcceleratorClientConnectionCallback - disconnected - :0
<<<<<<< HEAD
Refreshing native plugins compatible for Editor in 5.33 ms, found 5 plugins.
Unloading 22 Unused Serialized files (Serialized files now loaded: 0)
Unloading 9190 unused Assets / (6.1 MB). Loaded Objects now: 10248.
Memory consumption went from 382.9 MB to 376.8 MB.
Total: 16.973900 ms (FindLiveObjects: 1.542600 ms CreateObjectMapping: 3.129600 ms MarkObjects: 7.528300 ms  DeleteObjects: 4.771800 ms)

Prepare: number of updated asset objects reloaded= 0
========================================================================
Received Prepare
AcceleratorClientConnectionCallback - disconnected - :0
[Licensing::Client] Successfully resolved entitlement details
Begin MonoManager ReloadAssembly
The type Unity.AssetManager.Core.Editor Unity.AssetManager.Core.Editor.IOProxy is being serialized by [SerializeReference], but its parent type Unity.AssetManager.Core.Editor Unity.AssetManager.Core.Editor.BaseService`1 is missing the [Serializable] attribute. To suppress this warning add [Serializable] to Unity.AssetManager.Core.Editor Unity.AssetManager.Core.Editor.BaseService`1 or use [MakeSerializable].
The type Unity.AssetManager.Core.Editor Unity.AssetManager.Core.Editor.ApplicationProxy is being serialized by [SerializeReference], but its parent type Unity.AssetManager.Core.Editor Unity.AssetManager.Core.Editor.BaseService`1 is missing the [Serializable] attribute. To suppress this warning add [Serializable] to Unity.AssetManager.Core.Editor Unity.AssetManager.Core.Editor.BaseService`1 or use [MakeSerializable].
The type Unity.AssetManager.Core.Editor Unity.AssetManager.Core.Editor.AssetOperationManager is being serialized by [SerializeReference], but its parent type Unity.AssetManager.Core.Editor Unity.AssetManager.Core.Editor.BaseService`1 is missing the [Serializable] attribute. To suppress this warning add [Serializable] to Unity.AssetManager.Core.Editor Unity.AssetManager.Core.Editor.BaseService`1 or use [MakeSerializable].
The type Unity.AssetManager.Core.Editor Unity.AssetManager.Core.Editor.DownloadManager is being serialized by [SerializeReference], but its parent type Unity.AssetManager.Core.Editor Unity.AssetManager.Core.Editor.BaseService`1 is missing the [Serializable] attribute. To suppress this warning add [Serializable] to Unity.AssetManager.Core.Editor Unity.AssetManager.Core.Editor.BaseService`1 or use [MakeSerializable].
The type Unity.AssetManager.Core.Editor Unity.AssetManager.Core.Editor.ImportedAssetsTracker is being serialized by [SerializeReference], but its parent type Unity.AssetManager.Core.Editor Unity.AssetManager.Core.Editor.BaseService`1 is missing the [Serializable] attribute. To suppress this warning add [Serializable] to Unity.AssetManager.Core.Editor Unity.AssetManager.Core.Editor.BaseService`1 or use [MakeSerializable].
The type Unity.AssetManager.Core.Editor Unity.AssetManager.Core.Editor.AssetsSdkProvider is being serialized by [SerializeReference], but its parent type Unity.AssetManager.Core.Editor Unity.AssetManager.Core.Editor.BaseSdkService is missing the [Serializable] attribute. To suppress this warning add [Serializable] to Unity.AssetManager.Core.Editor Unity.AssetManager.Core.Editor.BaseSdkService or use [MakeSerializable].
The type Unity.AssetManager.Core.Editor Unity.AssetManager.Core.Editor.AssetDataManager is being serialized by [SerializeReference], but its parent type Unity.AssetManager.Core.Editor Unity.AssetManager.Core.Editor.BaseService`1 is missing the [Serializable] attribute. To suppress this warning add [Serializable] to Unity.AssetManager.Core.Editor Unity.AssetManager.Core.Editor.BaseService`1 or use [MakeSerializable].
The type Unity.AssetManager.Upload.Editor Unity.AssetManager.Upload.Editor.UploadManager is being serialized by [SerializeReference], but its parent type Unity.AssetManager.Core.Editor Unity.AssetManager.Core.Editor.BaseService`1 is missing the [Serializable] attribute. To suppress this warning add [Serializable] to Unity.AssetManager.Core.Editor Unity.AssetManager.Core.Editor.BaseService`1 or use [MakeSerializable].
The type Unity.AssetManager.Core.Editor Unity.AssetManager.Core.Editor.CachePathHelper is being serialized by [SerializeReference], but its parent type Unity.AssetManager.Core.Editor Unity.AssetManager.Core.Editor.BaseService`1 is missing the [Serializable] attribute. To suppress this warning add [Serializable] to Unity.AssetManager.Core.Editor Unity.AssetManager.Core.Editor.BaseService`1 or use [MakeSerializable].
The type Unity.AssetManager.Core.Editor Unity.AssetManager.Core.Editor.AssetManagerSettingsManager is being serialized by [SerializeReference], but its parent type Unity.AssetManager.Core.Editor Unity.AssetManager.Core.Editor.BaseService`1 is missing the [Serializable] attribute. To suppress this warning add [Serializable] to Unity.AssetManager.Core.Editor Unity.AssetManager.Core.Editor.BaseService`1 or use [MakeSerializable].
The type Unity.AssetManager.Core.Editor Unity.AssetManager.Core.Editor.CacheEvictionManager is being serialized by [SerializeReference], but its parent type Unity.AssetManager.Core.Editor Unity.AssetManager.Core.Editor.BaseService`1 is missing the [Serializable] attribute. To suppress this warning add [Serializable] to Unity.AssetManager.Core.Editor Unity.AssetManager.Core.Editor.BaseService`1 or use [MakeSerializable].
The type Unity.AssetManager.Core.Editor Unity.AssetManager.Core.Editor.ThumbnailDownloader is being serialized by [SerializeReference], but its parent type Unity.AssetManager.Core.Editor Unity.AssetManager.Core.Editor.BaseService`1 is missing the [Serializable] attribute. To suppress this warning add [Serializable] to Unity.AssetManager.Core.Editor Unity.AssetManager.Core.Editor.BaseService`1 or use [MakeSerializable].
The type Unity.AssetManager.Core.Editor Unity.AssetManager.Core.Editor.UnityConnectProxy is being serialized by [SerializeReference], but its parent type Unity.AssetManager.Core.Editor Unity.AssetManager.Core.Editor.BaseService`1 is missing the [Serializable] attribute. To suppress this warning add [Serializable] to Unity.AssetManager.Core.Editor Unity.AssetManager.Core.Editor.BaseService`1 or use [MakeSerializable].
The type Unity.AssetManager.Core.Editor Unity.AssetManager.Core.Editor.MessageManager is being serialized by [SerializeReference], but its parent type Unity.AssetManager.Core.Editor Unity.AssetManager.Core.Editor.BaseService`1 is missing the [Serializable] attribute. To suppress this warning add [Serializable] to Unity.AssetManager.Core.Editor Unity.AssetManager.Core.Editor.BaseService`1 or use [MakeSerializable].
The type Unity.AssetManager.Core.Editor Unity.AssetManager.Core.Editor.AssetDataCacheManager is being serialized by [SerializeReference], but its parent type Unity.AssetManager.Core.Editor Unity.AssetManager.Core.Editor.BaseService`1 is missing the [Serializable] attribute. To suppress this warning add [Serializable] to Unity.AssetManager.Core.Editor Unity.AssetManager.Core.Editor.BaseService`1 or use [MakeSerializable].
The type Unity.AssetManager.Core.Editor Unity.AssetManager.Core.Editor.AssetDataCacheSyncService is being serialized by [SerializeReference], but its parent type Unity.AssetManager.Core.Editor Unity.AssetManager.Core.Editor.BaseService`1 is missing the [Serializable] attribute. To suppress this warning add [Serializable] to Unity.AssetManager.Core.Editor Unity.AssetManager.Core.Editor.BaseService`1 or use [MakeSerializable].
The type Unity.AssetManager.Core.Editor Unity.AssetManager.Core.Editor.ProjectIconDownloader is being serialized by [SerializeReference], but its parent type Unity.AssetManager.Core.Editor Unity.AssetManager.Core.Editor.BaseService`1 is missing the [Serializable] attribute. To suppress this warning add [Serializable] to Unity.AssetManager.Core.Editor Unity.AssetManager.Core.Editor.BaseService`1 or use [MakeSerializable].
The type Unity.AssetManager.Core.Editor Unity.AssetManager.Core.Editor.AssetDatabaseProxy is being serialized by [SerializeReference], but its parent type Unity.AssetManager.Core.Editor Unity.AssetManager.Core.Editor.BaseService`1 is missing the [Serializable] attribute. To suppress this warning add [Serializable] to Unity.AssetManager.Core.Editor Unity.AssetManager.Core.Editor.BaseService`1 or use [MakeSerializable].
The type Unity.AssetManager.Core.Editor Unity.AssetManager.Core.Editor.PersistenceManager is being serialized by [SerializeReference], but its parent type Unity.AssetManager.Core.Editor Unity.AssetManager.Core.Editor.BaseService`1 is missing the [Serializable] attribute. To suppress this warning add [Serializable] to Unity.AssetManager.Core.Editor Unity.AssetManager.Core.Editor.BaseService`1 or use [MakeSerializable].
The type Unity.AssetManager.Core.Editor Unity.AssetManager.Core.Editor.FileUtility is being serialized by [SerializeReference], but its parent type Unity.AssetManager.Core.Editor Unity.AssetManager.Core.Editor.BaseService`1 is missing the [Serializable] attribute. To suppress this warning add [Serializable] to Unity.AssetManager.Core.Editor Unity.AssetManager.Core.Editor.BaseService`1 or use [MakeSerializable].
The type Unity.AssetManager.Core.Editor Unity.AssetManager.Core.Editor.EditorUtilityProxy is being serialized by [SerializeReference], but its parent type Unity.AssetManager.Core.Editor Unity.AssetManager.Core.Editor.BaseService`1 is missing the [Serializable] attribute. To suppress this warning add [Serializable] to Unity.AssetManager.Core.Editor Unity.AssetManager.Core.Editor.BaseService`1 or use [MakeSerializable].
The type Unity.AssetManager.Core.Editor Unity.AssetManager.Core.Editor.AssetImportResolver is being serialized by [SerializeReference], but its parent type Unity.AssetManager.Core.Editor Unity.AssetManager.Core.Editor.BaseService`1 is missing the [Serializable] attribute. To suppress this warning add [Serializable] to Unity.AssetManager.Core.Editor Unity.AssetManager.Core.Editor.BaseService`1 or use [MakeSerializable].
The type Unity.AssetManager.Core.Editor Unity.AssetManager.Core.Editor.AssetImporter is being serialized by [SerializeReference], but its parent type Unity.AssetManager.Core.Editor Unity.AssetManager.Core.Editor.BaseService`1 is missing the [Serializable] attribute. To suppress this warning add [Serializable] to Unity.AssetManager.Core.Editor Unity.AssetManager.Core.Editor.BaseService`1 or use [MakeSerializable].
The type Unity.AssetManager.Core.Editor Unity.AssetManager.Core.Editor.UIPreferences is being serialized by [SerializeReference], but its parent type Unity.AssetManager.Core.Editor Unity.AssetManager.Core.Editor.BaseService`1 is missing the [Serializable] attribute. To suppress this warning add [Serializable] to Unity.AssetManager.Core.Editor Unity.AssetManager.Core.Editor.BaseService`1 or use [MakeSerializable].
The type Unity.AssetManager.Core.Editor Unity.AssetManager.Core.Editor.DragAndDropProjectBrowserProxy is being serialized by [SerializeReference], but its parent type Unity.AssetManager.Core.Editor Unity.AssetManager.Core.Editor.BaseService`1 is missing the [Serializable] attribute. To suppress this warning add [Serializable] to Unity.AssetManager.Core.Editor Unity.AssetManager.Core.Editor.BaseService`1 or use [MakeSerializable].
The type Unity.AssetManager.Core.Editor Unity.AssetManager.Core.Editor.SavedAssetSearchFilterManager is being serialized by [SerializeReference], but its parent type Unity.AssetManager.Core.Editor Unity.AssetManager.Core.Editor.BaseService`1 is missing the [Serializable] attribute. To suppress this warning add [Serializable] to Unity.AssetManager.Core.Editor Unity.AssetManager.Core.Editor.BaseService`1 or use [MakeSerializable].
The type Unity.AssetManager.Core.Editor Unity.AssetManager.Core.Editor.PackageVersionService is being serialized by [SerializeReference], but its parent type Unity.AssetManager.Core.Editor Unity.AssetManager.Core.Editor.BaseService`1 is missing the [Serializable] attribute. To suppress this warning add [Serializable] to Unity.AssetManager.Core.Editor Unity.AssetManager.Core.Editor.BaseService`1 or use [MakeSerializable].
The type Unity.AssetManager.Core.Editor Unity.AssetManager.Core.Editor.InlineEditService is being serialized by [SerializeReference], but its parent type Unity.AssetManager.Core.Editor Unity.AssetManager.Core.Editor.BaseService`1 is missing the [Serializable] attribute. To suppress this warning add [Serializable] to Unity.AssetManager.Core.Editor Unity.AssetManager.Core.Editor.BaseService`1 or use [MakeSerializable].
The type Unity.AssetManager.UI.Editor Unity.AssetManager.UI.Editor.StateManager is being serialized by [SerializeReference], but its parent type Unity.AssetManager.Core.Editor Unity.AssetManager.Core.Editor.BaseService`1 is missing the [Serializable] attribute. To suppress this warning add [Serializable] to Unity.AssetManager.Core.Editor Unity.AssetManager.Core.Editor.BaseService`1 or use [MakeSerializable].
The type Unity.AssetManager.UI.Editor Unity.AssetManager.UI.Editor.PageManager is being serialized by [SerializeReference], but its parent type Unity.AssetManager.Core.Editor Unity.AssetManager.Core.Editor.BaseService`1 is missing the [Serializable] attribute. To suppress this warning add [Serializable] to Unity.AssetManager.Core.Editor Unity.AssetManager.Core.Editor.BaseService`1 or use [MakeSerializable].
The type Unity.AssetManager.UI.Editor Unity.AssetManager.UI.Editor.LinksProxy is being serialized by [SerializeReference], but its parent type Unity.AssetManager.Core.Editor Unity.AssetManager.Core.Editor.BaseService`1 is missing the [Serializable] attribute. To suppress this warning add [Serializable] to Unity.AssetManager.Core.Editor Unity.AssetManager.Core.Editor.BaseService`1 or use [MakeSerializable].
The type Unity.AssetManager.UI.Editor Unity.AssetManager.UI.Editor.PopupManager is being serialized by [SerializeReference], but its parent type Unity.AssetManager.Core.Editor Unity.AssetManager.Core.Editor.BaseService`1 is missing the [Serializable] attribute. To suppress this warning add [Serializable] to Unity.AssetManager.Core.Editor Unity.AssetManager.Core.Editor.BaseService`1 or use [MakeSerializable].
The type Unity.AssetManager.Core.Editor Unity.AssetManager.Core.Editor.DialogManager is being serialized by [SerializeReference], but its parent type Unity.AssetManager.Core.Editor Unity.AssetManager.Core.Editor.BaseService`1 is missing the [Serializable] attribute. To suppress this warning add [Serializable] to Unity.AssetManager.Core.Editor Unity.AssetManager.Core.Editor.BaseService`1 or use [MakeSerializable].
The type Unity.AssetManager.UI.Editor Unity.AssetManager.UI.Editor.ContextMenuBuilder is being serialized by [SerializeReference], but its parent type Unity.AssetManager.Core.Editor Unity.AssetManager.Core.Editor.BaseService`1 is missing the [Serializable] attribute. To suppress this warning add [Serializable] to Unity.AssetManager.Core.Editor Unity.AssetManager.Core.Editor.BaseService`1 or use [MakeSerializable].
The type Unity.AssetManager.UI.Editor Unity.AssetManager.UI.Editor.ProjectWindowProxy is being serialized by [SerializeReference], but its parent type Unity.AssetManager.Core.Editor Unity.AssetManager.Core.Editor.BaseService`1 is missing the [Serializable] attribute. To suppress this warning add [Serializable] to Unity.AssetManager.Core.Editor Unity.AssetManager.Core.Editor.BaseService`1 or use [MakeSerializable].
The type Unity.AssetManager.UI.Editor Unity.AssetManager.UI.Editor.ProjectWindowIconOverlay is being serialized by [SerializeReference], but its parent type Unity.AssetManager.Core.Editor Unity.AssetManager.Core.Editor.BaseService`1 is missing the [Serializable] attribute. To suppress this warning add [Serializable] to Unity.AssetManager.Core.Editor Unity.AssetManager.Core.Editor.BaseService`1 or use [MakeSerializable].
Symbol file LoadedFromMemory is not a mono symbol file
Refreshing native plugins compatible for Editor in 3.93 ms, found 5 plugins.
Native extension for WindowsStandalone target not found
[Package Manager] Failed to launch server process. Reason: Unity was launched with the -noUpm command-line argument
[Package Manager] Unable to send message (not connected to server process).
[Package Manager] Cannot connect to Unity Package Manager local server
[Package Manager] Failed to launch server process. Reason: Unity was launched with the -noUpm command-line argument
[Package Manager] Unable to send message (not connected to server process).
[Package Manager] Cannot connect to Unity Package Manager local server
ScheduleIndexationOnStartup MainProcess:False IndexOnStartup:True
Mono: successfully reloaded assembly
- Finished resetting the current domain, in  1.108 seconds
Domain Reload Profiling: 2409ms
	BeginReloadAssembly (306ms)
		DisableScriptedObjects (20ms)
		CreateAndSetChildDomain (73ms)
	RebuildCommonClasses (10ms)
	RebuildNativeTypeToScriptingClass (20ms)
	initialDomainReloadingComplete (87ms)
	LoadAllAssembliesAndSetupDomain (876ms)
		LoadAssemblies (500ms)
		AnalyzeDomain (295ms)
			TypeCache.Refresh (15ms)
			BuildScriptInfoCaches (271ms)
			ResolveRequiredComponents (7ms)
	FinalizeReload (1109ms)
		SetupLoadedEditorAssemblies (0ms)
			BeforeProcessingInitializeOnLoad (121ms)
			ProcessInitializeOnLoadAttributes (465ms)
			ProcessInitializeOnLoadMethodAttributes (195ms)
			AfterProcessingInitializeOnLoad (12ms)
		AwakeInstancesAfterBackupRestoration (29ms)
Refreshing native plugins compatible for Editor in 4.77 ms, found 5 plugins.
Unloading 22 Unused Serialized files (Serialized files now loaded: 0)
Unloading 9211 unused Assets / (6.1 MB). Loaded Objects now: 10251.
Memory consumption went from 385.1 MB to 379.0 MB.
Total: 17.479700 ms (FindLiveObjects: 1.513500 ms CreateObjectMapping: 4.093300 ms MarkObjects: 7.597900 ms  DeleteObjects: 4.274000 ms)

Prepare: number of updated asset objects reloaded= 0
========================================================================
Received Prepare
AcceleratorClientConnectionCallback - disconnected - :0
Refreshing native plugins compatible for Editor in 5.20 ms, found 5 plugins.
Unloading 22 Unused Serialized files (Serialized files now loaded: 0)
Unloading 9190 unused Assets / (6.5 MB). Loaded Objects now: 10251.
Memory consumption went from 387.0 MB to 380.5 MB.
Total: 18.108900 ms (FindLiveObjects: 1.615700 ms CreateObjectMapping: 2.965700 ms MarkObjects: 8.095400 ms  DeleteObjects: 5.430300 ms)

Prepare: number of updated asset objects reloaded= 0
========================================================================
Received Prepare
AcceleratorClientConnectionCallback - disconnected - :0
[Licensing::Client] Successfully resolved entitlement details
Begin MonoManager ReloadAssembly
The type Unity.AssetManager.Core.Editor Unity.AssetManager.Core.Editor.IOProxy is being serialized by [SerializeReference], but its parent type Unity.AssetManager.Core.Editor Unity.AssetManager.Core.Editor.BaseService`1 is missing the [Serializable] attribute. To suppress this warning add [Serializable] to Unity.AssetManager.Core.Editor Unity.AssetManager.Core.Editor.BaseService`1 or use [MakeSerializable].
The type Unity.AssetManager.Core.Editor Unity.AssetManager.Core.Editor.ApplicationProxy is being serialized by [SerializeReference], but its parent type Unity.AssetManager.Core.Editor Unity.AssetManager.Core.Editor.BaseService`1 is missing the [Serializable] attribute. To suppress this warning add [Serializable] to Unity.AssetManager.Core.Editor Unity.AssetManager.Core.Editor.BaseService`1 or use [MakeSerializable].
The type Unity.AssetManager.Core.Editor Unity.AssetManager.Core.Editor.AssetOperationManager is being serialized by [SerializeReference], but its parent type Unity.AssetManager.Core.Editor Unity.AssetManager.Core.Editor.BaseService`1 is missing the [Serializable] attribute. To suppress this warning add [Serializable] to Unity.AssetManager.Core.Editor Unity.AssetManager.Core.Editor.BaseService`1 or use [MakeSerializable].
The type Unity.AssetManager.Core.Editor Unity.AssetManager.Core.Editor.DownloadManager is being serialized by [SerializeReference], but its parent type Unity.AssetManager.Core.Editor Unity.AssetManager.Core.Editor.BaseService`1 is missing the [Serializable] attribute. To suppress this warning add [Serializable] to Unity.AssetManager.Core.Editor Unity.AssetManager.Core.Editor.BaseService`1 or use [MakeSerializable].
The type Unity.AssetManager.Core.Editor Unity.AssetManager.Core.Editor.ImportedAssetsTracker is being serialized by [SerializeReference], but its parent type Unity.AssetManager.Core.Editor Unity.AssetManager.Core.Editor.BaseService`1 is missing the [Serializable] attribute. To suppress this warning add [Serializable] to Unity.AssetManager.Core.Editor Unity.AssetManager.Core.Editor.BaseService`1 or use [MakeSerializable].
The type Unity.AssetManager.Core.Editor Unity.AssetManager.Core.Editor.AssetsSdkProvider is being serialized by [SerializeReference], but its parent type Unity.AssetManager.Core.Editor Unity.AssetManager.Core.Editor.BaseSdkService is missing the [Serializable] attribute. To suppress this warning add [Serializable] to Unity.AssetManager.Core.Editor Unity.AssetManager.Core.Editor.BaseSdkService or use [MakeSerializable].
The type Unity.AssetManager.Core.Editor Unity.AssetManager.Core.Editor.AssetDataManager is being serialized by [SerializeReference], but its parent type Unity.AssetManager.Core.Editor Unity.AssetManager.Core.Editor.BaseService`1 is missing the [Serializable] attribute. To suppress this warning add [Serializable] to Unity.AssetManager.Core.Editor Unity.AssetManager.Core.Editor.BaseService`1 or use [MakeSerializable].
The type Unity.AssetManager.Upload.Editor Unity.AssetManager.Upload.Editor.UploadManager is being serialized by [SerializeReference], but its parent type Unity.AssetManager.Core.Editor Unity.AssetManager.Core.Editor.BaseService`1 is missing the [Serializable] attribute. To suppress this warning add [Serializable] to Unity.AssetManager.Core.Editor Unity.AssetManager.Core.Editor.BaseService`1 or use [MakeSerializable].
The type Unity.AssetManager.Core.Editor Unity.AssetManager.Core.Editor.CachePathHelper is being serialized by [SerializeReference], but its parent type Unity.AssetManager.Core.Editor Unity.AssetManager.Core.Editor.BaseService`1 is missing the [Serializable] attribute. To suppress this warning add [Serializable] to Unity.AssetManager.Core.Editor Unity.AssetManager.Core.Editor.BaseService`1 or use [MakeSerializable].
The type Unity.AssetManager.Core.Editor Unity.AssetManager.Core.Editor.AssetManagerSettingsManager is being serialized by [SerializeReference], but its parent type Unity.AssetManager.Core.Editor Unity.AssetManager.Core.Editor.BaseService`1 is missing the [Serializable] attribute. To suppress this warning add [Serializable] to Unity.AssetManager.Core.Editor Unity.AssetManager.Core.Editor.BaseService`1 or use [MakeSerializable].
The type Unity.AssetManager.Core.Editor Unity.AssetManager.Core.Editor.CacheEvictionManager is being serialized by [SerializeReference], but its parent type Unity.AssetManager.Core.Editor Unity.AssetManager.Core.Editor.BaseService`1 is missing the [Serializable] attribute. To suppress this warning add [Serializable] to Unity.AssetManager.Core.Editor Unity.AssetManager.Core.Editor.BaseService`1 or use [MakeSerializable].
The type Unity.AssetManager.Core.Editor Unity.AssetManager.Core.Editor.ThumbnailDownloader is being serialized by [SerializeReference], but its parent type Unity.AssetManager.Core.Editor Unity.AssetManager.Core.Editor.BaseService`1 is missing the [Serializable] attribute. To suppress this warning add [Serializable] to Unity.AssetManager.Core.Editor Unity.AssetManager.Core.Editor.BaseService`1 or use [MakeSerializable].
The type Unity.AssetManager.Core.Editor Unity.AssetManager.Core.Editor.UnityConnectProxy is being serialized by [SerializeReference], but its parent type Unity.AssetManager.Core.Editor Unity.AssetManager.Core.Editor.BaseService`1 is missing the [Serializable] attribute. To suppress this warning add [Serializable] to Unity.AssetManager.Core.Editor Unity.AssetManager.Core.Editor.BaseService`1 or use [MakeSerializable].
The type Unity.AssetManager.Core.Editor Unity.AssetManager.Core.Editor.MessageManager is being serialized by [SerializeReference], but its parent type Unity.AssetManager.Core.Editor Unity.AssetManager.Core.Editor.BaseService`1 is missing the [Serializable] attribute. To suppress this warning add [Serializable] to Unity.AssetManager.Core.Editor Unity.AssetManager.Core.Editor.BaseService`1 or use [MakeSerializable].
The type Unity.AssetManager.Core.Editor Unity.AssetManager.Core.Editor.AssetDataCacheManager is being serialized by [SerializeReference], but its parent type Unity.AssetManager.Core.Editor Unity.AssetManager.Core.Editor.BaseService`1 is missing the [Serializable] attribute. To suppress this warning add [Serializable] to Unity.AssetManager.Core.Editor Unity.AssetManager.Core.Editor.BaseService`1 or use [MakeSerializable].
The type Unity.AssetManager.Core.Editor Unity.AssetManager.Core.Editor.AssetDataCacheSyncService is being serialized by [SerializeReference], but its parent type Unity.AssetManager.Core.Editor Unity.AssetManager.Core.Editor.BaseService`1 is missing the [Serializable] attribute. To suppress this warning add [Serializable] to Unity.AssetManager.Core.Editor Unity.AssetManager.Core.Editor.BaseService`1 or use [MakeSerializable].
The type Unity.AssetManager.Core.Editor Unity.AssetManager.Core.Editor.ProjectIconDownloader is being serialized by [SerializeReference], but its parent type Unity.AssetManager.Core.Editor Unity.AssetManager.Core.Editor.BaseService`1 is missing the [Serializable] attribute. To suppress this warning add [Serializable] to Unity.AssetManager.Core.Editor Unity.AssetManager.Core.Editor.BaseService`1 or use [MakeSerializable].
The type Unity.AssetManager.Core.Editor Unity.AssetManager.Core.Editor.AssetDatabaseProxy is being serialized by [SerializeReference], but its parent type Unity.AssetManager.Core.Editor Unity.AssetManager.Core.Editor.BaseService`1 is missing the [Serializable] attribute. To suppress this warning add [Serializable] to Unity.AssetManager.Core.Editor Unity.AssetManager.Core.Editor.BaseService`1 or use [MakeSerializable].
The type Unity.AssetManager.Core.Editor Unity.AssetManager.Core.Editor.PersistenceManager is being serialized by [SerializeReference], but its parent type Unity.AssetManager.Core.Editor Unity.AssetManager.Core.Editor.BaseService`1 is missing the [Serializable] attribute. To suppress this warning add [Serializable] to Unity.AssetManager.Core.Editor Unity.AssetManager.Core.Editor.BaseService`1 or use [MakeSerializable].
The type Unity.AssetManager.Core.Editor Unity.AssetManager.Core.Editor.FileUtility is being serialized by [SerializeReference], but its parent type Unity.AssetManager.Core.Editor Unity.AssetManager.Core.Editor.BaseService`1 is missing the [Serializable] attribute. To suppress this warning add [Serializable] to Unity.AssetManager.Core.Editor Unity.AssetManager.Core.Editor.BaseService`1 or use [MakeSerializable].
The type Unity.AssetManager.Core.Editor Unity.AssetManager.Core.Editor.EditorUtilityProxy is being serialized by [SerializeReference], but its parent type Unity.AssetManager.Core.Editor Unity.AssetManager.Core.Editor.BaseService`1 is missing the [Serializable] attribute. To suppress this warning add [Serializable] to Unity.AssetManager.Core.Editor Unity.AssetManager.Core.Editor.BaseService`1 or use [MakeSerializable].
The type Unity.AssetManager.Core.Editor Unity.AssetManager.Core.Editor.AssetImportResolver is being serialized by [SerializeReference], but its parent type Unity.AssetManager.Core.Editor Unity.AssetManager.Core.Editor.BaseService`1 is missing the [Serializable] attribute. To suppress this warning add [Serializable] to Unity.AssetManager.Core.Editor Unity.AssetManager.Core.Editor.BaseService`1 or use [MakeSerializable].
The type Unity.AssetManager.Core.Editor Unity.AssetManager.Core.Editor.AssetImporter is being serialized by [SerializeReference], but its parent type Unity.AssetManager.Core.Editor Unity.AssetManager.Core.Editor.BaseService`1 is missing the [Serializable] attribute. To suppress this warning add [Serializable] to Unity.AssetManager.Core.Editor Unity.AssetManager.Core.Editor.BaseService`1 or use [MakeSerializable].
The type Unity.AssetManager.Core.Editor Unity.AssetManager.Core.Editor.UIPreferences is being serialized by [SerializeReference], but its parent type Unity.AssetManager.Core.Editor Unity.AssetManager.Core.Editor.BaseService`1 is missing the [Serializable] attribute. To suppress this warning add [Serializable] to Unity.AssetManager.Core.Editor Unity.AssetManager.Core.Editor.BaseService`1 or use [MakeSerializable].
The type Unity.AssetManager.Core.Editor Unity.AssetManager.Core.Editor.DragAndDropProjectBrowserProxy is being serialized by [SerializeReference], but its parent type Unity.AssetManager.Core.Editor Unity.AssetManager.Core.Editor.BaseService`1 is missing the [Serializable] attribute. To suppress this warning add [Serializable] to Unity.AssetManager.Core.Editor Unity.AssetManager.Core.Editor.BaseService`1 or use [MakeSerializable].
The type Unity.AssetManager.Core.Editor Unity.AssetManager.Core.Editor.SavedAssetSearchFilterManager is being serialized by [SerializeReference], but its parent type Unity.AssetManager.Core.Editor Unity.AssetManager.Core.Editor.BaseService`1 is missing the [Serializable] attribute. To suppress this warning add [Serializable] to Unity.AssetManager.Core.Editor Unity.AssetManager.Core.Editor.BaseService`1 or use [MakeSerializable].
The type Unity.AssetManager.Core.Editor Unity.AssetManager.Core.Editor.PackageVersionService is being serialized by [SerializeReference], but its parent type Unity.AssetManager.Core.Editor Unity.AssetManager.Core.Editor.BaseService`1 is missing the [Serializable] attribute. To suppress this warning add [Serializable] to Unity.AssetManager.Core.Editor Unity.AssetManager.Core.Editor.BaseService`1 or use [MakeSerializable].
The type Unity.AssetManager.Core.Editor Unity.AssetManager.Core.Editor.InlineEditService is being serialized by [SerializeReference], but its parent type Unity.AssetManager.Core.Editor Unity.AssetManager.Core.Editor.BaseService`1 is missing the [Serializable] attribute. To suppress this warning add [Serializable] to Unity.AssetManager.Core.Editor Unity.AssetManager.Core.Editor.BaseService`1 or use [MakeSerializable].
The type Unity.AssetManager.UI.Editor Unity.AssetManager.UI.Editor.StateManager is being serialized by [SerializeReference], but its parent type Unity.AssetManager.Core.Editor Unity.AssetManager.Core.Editor.BaseService`1 is missing the [Serializable] attribute. To suppress this warning add [Serializable] to Unity.AssetManager.Core.Editor Unity.AssetManager.Core.Editor.BaseService`1 or use [MakeSerializable].
The type Unity.AssetManager.UI.Editor Unity.AssetManager.UI.Editor.PageManager is being serialized by [SerializeReference], but its parent type Unity.AssetManager.Core.Editor Unity.AssetManager.Core.Editor.BaseService`1 is missing the [Serializable] attribute. To suppress this warning add [Serializable] to Unity.AssetManager.Core.Editor Unity.AssetManager.Core.Editor.BaseService`1 or use [MakeSerializable].
The type Unity.AssetManager.UI.Editor Unity.AssetManager.UI.Editor.LinksProxy is being serialized by [SerializeReference], but its parent type Unity.AssetManager.Core.Editor Unity.AssetManager.Core.Editor.BaseService`1 is missing the [Serializable] attribute. To suppress this warning add [Serializable] to Unity.AssetManager.Core.Editor Unity.AssetManager.Core.Editor.BaseService`1 or use [MakeSerializable].
The type Unity.AssetManager.UI.Editor Unity.AssetManager.UI.Editor.PopupManager is being serialized by [SerializeReference], but its parent type Unity.AssetManager.Core.Editor Unity.AssetManager.Core.Editor.BaseService`1 is missing the [Serializable] attribute. To suppress this warning add [Serializable] to Unity.AssetManager.Core.Editor Unity.AssetManager.Core.Editor.BaseService`1 or use [MakeSerializable].
The type Unity.AssetManager.Core.Editor Unity.AssetManager.Core.Editor.DialogManager is being serialized by [SerializeReference], but its parent type Unity.AssetManager.Core.Editor Unity.AssetManager.Core.Editor.BaseService`1 is missing the [Serializable] attribute. To suppress this warning add [Serializable] to Unity.AssetManager.Core.Editor Unity.AssetManager.Core.Editor.BaseService`1 or use [MakeSerializable].
The type Unity.AssetManager.UI.Editor Unity.AssetManager.UI.Editor.ContextMenuBuilder is being serialized by [SerializeReference], but its parent type Unity.AssetManager.Core.Editor Unity.AssetManager.Core.Editor.BaseService`1 is missing the [Serializable] attribute. To suppress this warning add [Serializable] to Unity.AssetManager.Core.Editor Unity.AssetManager.Core.Editor.BaseService`1 or use [MakeSerializable].
The type Unity.AssetManager.UI.Editor Unity.AssetManager.UI.Editor.ProjectWindowProxy is being serialized by [SerializeReference], but its parent type Unity.AssetManager.Core.Editor Unity.AssetManager.Core.Editor.BaseService`1 is missing the [Serializable] attribute. To suppress this warning add [Serializable] to Unity.AssetManager.Core.Editor Unity.AssetManager.Core.Editor.BaseService`1 or use [MakeSerializable].
The type Unity.AssetManager.UI.Editor Unity.AssetManager.UI.Editor.ProjectWindowIconOverlay is being serialized by [SerializeReference], but its parent type Unity.AssetManager.Core.Editor Unity.AssetManager.Core.Editor.BaseService`1 is missing the [Serializable] attribute. To suppress this warning add [Serializable] to Unity.AssetManager.Core.Editor Unity.AssetManager.Core.Editor.BaseService`1 or use [MakeSerializable].
Symbol file LoadedFromMemory is not a mono symbol file
Refreshing native plugins compatible for Editor in 4.64 ms, found 5 plugins.
Native extension for WindowsStandalone target not found
[Package Manager] Failed to launch server process. Reason: Unity was launched with the -noUpm command-line argument
[Package Manager] Unable to send message (not connected to server process).
[Package Manager] Cannot connect to Unity Package Manager local server
[Package Manager] Failed to launch server process. Reason: Unity was launched with the -noUpm command-line argument
[Package Manager] Unable to send message (not connected to server process).
[Package Manager] Cannot connect to Unity Package Manager local server
ScheduleIndexationOnStartup MainProcess:False IndexOnStartup:True
Mono: successfully reloaded assembly
- Finished resetting the current domain, in  1.112 seconds
Domain Reload Profiling: 2446ms
	BeginReloadAssembly (318ms)
		DisableScriptedObjects (35ms)
		CreateAndSetChildDomain (72ms)
	RebuildCommonClasses (10ms)
	RebuildNativeTypeToScriptingClass (21ms)
	initialDomainReloadingComplete (90ms)
	LoadAllAssembliesAndSetupDomain (895ms)
		LoadAssemblies (475ms)
		AnalyzeDomain (336ms)
			TypeCache.Refresh (14ms)
			BuildScriptInfoCaches (310ms)
			ResolveRequiredComponents (8ms)
	FinalizeReload (1113ms)
		SetupLoadedEditorAssemblies (0ms)
			BeforeProcessingInitializeOnLoad (120ms)
			ProcessInitializeOnLoadAttributes (444ms)
			ProcessInitializeOnLoadMethodAttributes (196ms)
			AfterProcessingInitializeOnLoad (12ms)
		AwakeInstancesAfterBackupRestoration (26ms)
Refreshing native plugins compatible for Editor in 4.96 ms, found 5 plugins.
Unloading 22 Unused Serialized files (Serialized files now loaded: 0)
Unloading 9211 unused Assets / (5.7 MB). Loaded Objects now: 10254.
Memory consumption went from 389.6 MB to 384.0 MB.
Total: 15.293900 ms (FindLiveObjects: 1.496000 ms CreateObjectMapping: 2.749600 ms MarkObjects: 7.233900 ms  DeleteObjects: 3.813100 ms)
=======
Refreshing native plugins compatible for Editor in 3.00 ms, found 5 plugins.
Unloading 22 Unused Serialized files (Serialized files now loaded: 0)
Unloading 22 unused Assets / (2.6 MB). Loaded Objects now: 10223.
Memory consumption went from 378.5 MB to 375.9 MB.
Total: 14.965700 ms (FindLiveObjects: 1.488700 ms CreateObjectMapping: 2.235500 ms MarkObjects: 10.641700 ms  DeleteObjects: 0.597100 ms)
>>>>>>> 4a75c996fa2e22985b19446780bd2d4c6bc4f3aa

Prepare: number of updated asset objects reloaded= 0
========================================================================
Received Import Request.
  Time of request: 2026-08-29T18:13:37.4938188Z
  Time since last request: 80.2114249 seconds.
  importAddress: GUID: 37a3ebf2cbd62e144b1d74fd60554b12 - Path: Assets/pot.png - Importer: ScriptedImporter/UnityEditor.QuickSearchModule:UnityEditor.Search:ASIAI0B
Importing 'GUID: 37a3ebf2cbd62e144b1d74fd60554b12 - Path: Assets/pot.png - Importer: ScriptedImporter/UnityEditor.QuickSearchModule:UnityEditor.Search:ASIAI0B' with importer (ScriptedImporter : UnityEditor.QuickSearchModule:UnityEditor.Search:ASIAI0B)
Imported 'GUID: 37a3ebf2cbd62e144b1d74fd60554b12' -> (Import Result ID: '6e61f988a57a9d689009e9a3c0837db5') in 0.145 seconds [static and dynamic dependencies]. Details - ImportResultOutputID=7d4cc93335679b4ac49a6621b1804c23 DependenciesID=3e58c255fdda89c6dffe66d63c966378 StaticDependenciesID=ef1ecbb26bd0f69057c52718a05441fd 
Number of updated asset objects reloaded before import = 0
Number of asset objects unloaded after import = 3
========================================================================
Received Prepare
AcceleratorClientConnectionCallback - disconnected - :0
Refreshing native plugins compatible for Editor in 2.78 ms, found 5 plugins.
Unloading 22 Unused Serialized files (Serialized files now loaded: 0)
Unloading 22 unused Assets / (2.6 MB). Loaded Objects now: 10223.
Memory consumption went from 380.4 MB to 377.8 MB.
Total: 15.414400 ms (FindLiveObjects: 0.792500 ms CreateObjectMapping: 2.420000 ms MarkObjects: 11.207000 ms  DeleteObjects: 0.993100 ms)

Prepare: number of updated asset objects reloaded= 0
========================================================================
Received Import Request.
  Time of request: 2026-08-29T18:16:15.7982224Z
  Time since last request: 158.14602379999999 seconds.
  importAddress: GUID: 3dd98dfa4fdce29438feaafb2e4d8766 - Path: Assets/nightstand.png - Importer: PreviewImporter
Importing 'GUID: 3dd98dfa4fdce29438feaafb2e4d8766 - Path: Assets/nightstand.png - Importer: PreviewImporter' with importer (PreviewImporter)
Imported 'GUID: 3dd98dfa4fdce29438feaafb2e4d8766' -> (Import Result ID: '8505abc58ecbf91af11cebf1603a35af') in 0.085 seconds [static and dynamic dependencies]. Details - ImportResultOutputID=18940882d1d5a9f263a49bd78a18f842 DependenciesID=e8822c22859b2093b5df94a8d6470f30 StaticDependenciesID=84b89612dcc7f68dc0a19142d580660a 
Number of updated asset objects reloaded before import = 0
Number of asset objects unloaded after import = 3
========================================================================
Received Prepare
AcceleratorClientConnectionCallback - disconnected - :0
Refreshing native plugins compatible for Editor in 4.39 ms, found 5 plugins.
Unloading 22 Unused Serialized files (Serialized files now loaded: 0)
Unloading 22 unused Assets / (2.6 MB). Loaded Objects now: 10226.
Memory consumption went from 378.6 MB to 376.0 MB.
Total: 48.969900 ms (FindLiveObjects: 3.299000 ms CreateObjectMapping: 1.962000 ms MarkObjects: 43.140400 ms  DeleteObjects: 0.563400 ms)

Prepare: number of updated asset objects reloaded= 0
========================================================================
Received Import Request.
  Time of request: 2026-08-29T18:20:35.6428495Z
  Time since last request: 259.74219640000001 seconds.
  importAddress: GUID: 9137656df385f9b448c55b54fa1e6337 - Path: Assets/garden.prefab - Importer: PreviewImporter
Importing 'GUID: 9137656df385f9b448c55b54fa1e6337 - Path: Assets/garden.prefab - Importer: PreviewImporter' with importer (PreviewImporter)
Imported 'GUID: 9137656df385f9b448c55b54fa1e6337' -> (Import Result ID: 'ff3bc20e4b575fc90927ee598d84f610') in 1.789 seconds [static and dynamic dependencies]. Details - ImportResultOutputID=95a44a785d2332e253f83b73a0bd65c5 DependenciesID=e0e774bb1a42c4123dfb6f9ed5950fc0 StaticDependenciesID=7dfdbb30f6889be2bd094b73c20e547d 
Number of updated asset objects reloaded before import = 0
Number of asset objects unloaded after import = 10
========================================================================
Received Prepare
AcceleratorClientConnectionCallback - disconnected - :0
Refreshing native plugins compatible for Editor in 3.85 ms, found 5 plugins.
Unloading 22 Unused Serialized files (Serialized files now loaded: 0)
Unloading 22 unused Assets / (2.6 MB). Loaded Objects now: 10325.
Memory consumption went from 387.6 MB to 385.0 MB.
Total: 15.165800 ms (FindLiveObjects: 0.826000 ms CreateObjectMapping: 1.671600 ms MarkObjects: 12.154200 ms  DeleteObjects: 0.512500 ms)

Prepare: number of updated asset objects reloaded= 0
========================================================================
Received Import Request.
  Time of request: 2026-08-29T18:20:54.8240211Z
  Time since last request: 17.3725345 seconds.
  importAddress: GUID: ef586c6cdb983fe41ba51271d89b0c84 - Path: Assets/bg_garden.png - Importer: ScriptedImporter/UnityEditor.QuickSearchModule:UnityEditor.Search:ASIAI0B
Importing 'GUID: ef586c6cdb983fe41ba51271d89b0c84 - Path: Assets/bg_garden.png - Importer: ScriptedImporter/UnityEditor.QuickSearchModule:UnityEditor.Search:ASIAI0B' with importer (ScriptedImporter : UnityEditor.QuickSearchModule:UnityEditor.Search:ASIAI0B)
Imported 'GUID: ef586c6cdb983fe41ba51271d89b0c84' -> (Import Result ID: '28a3c2241e326d7a16d69863484d508d') in 0.028 seconds [static and dynamic dependencies]. Details - ImportResultOutputID=755518417fd7f3a933e8db88ddd0e76e DependenciesID=9e0e321dff51fa3f10181958d5d05026 StaticDependenciesID=a8670ee17ee25255f457cab529610f81 
Number of updated asset objects reloaded before import = 0
Number of asset objects unloaded after import = 3
========================================================================
Received Prepare
AcceleratorClientConnectionCallback - disconnected - :0
Refreshing native plugins compatible for Editor in 3.29 ms, found 5 plugins.
Unloading 22 Unused Serialized files (Serialized files now loaded: 0)
Unloading 22 unused Assets / (2.6 MB). Loaded Objects now: 10325.
Memory consumption went from 389.5 MB to 386.9 MB.
Total: 15.180100 ms (FindLiveObjects: 1.016700 ms CreateObjectMapping: 1.838800 ms MarkObjects: 11.564800 ms  DeleteObjects: 0.758300 ms)

Prepare: number of updated asset objects reloaded= 0
========================================================================
Received Import Request.
  Time of request: 2026-08-29T18:20:56.9867518Z
  Time since last request: 2.1154567 seconds.
  importAddress: GUID: 9137656df385f9b448c55b54fa1e6337 - Path: Assets/garden.prefab - Importer: ScriptedImporter/UnityEditor.QuickSearchModule:UnityEditor.Search:ASIAI0B
Importing 'GUID: 9137656df385f9b448c55b54fa1e6337 - Path: Assets/garden.prefab - Importer: ScriptedImporter/UnityEditor.QuickSearchModule:UnityEditor.Search:ASIAI0B' with importer (ScriptedImporter : UnityEditor.QuickSearchModule:UnityEditor.Search:ASIAI0B)
Imported 'GUID: 9137656df385f9b448c55b54fa1e6337' -> (Import Result ID: 'c7ba70d696aade80d7d3f59b0e906f69') in 0.128 seconds [static and dynamic dependencies]. Details - ImportResultOutputID=88ca1749862d567a55a28a3e125aece7 DependenciesID=9a21bc2d58d2d1a285687419e7a22ca5 StaticDependenciesID=ba028d53a8f2df41af68f322f109323e 
Number of updated asset objects reloaded before import = 0
Number of asset objects unloaded after import = 15
========================================================================
Received Prepare
AcceleratorClientConnectionCallback - disconnected - :0
Refreshing native plugins compatible for Editor in 4.43 ms, found 5 plugins.
Unloading 22 Unused Serialized files (Serialized files now loaded: 0)
Unloading 22 unused Assets / (2.6 MB). Loaded Objects now: 10325.
Memory consumption went from 389.9 MB to 387.3 MB.
Total: 17.475100 ms (FindLiveObjects: 0.844100 ms CreateObjectMapping: 1.630400 ms MarkObjects: 14.229300 ms  DeleteObjects: 0.769900 ms)

Prepare: number of updated asset objects reloaded= 0
========================================================================
Received Import Request.
  Time of request: 2026-08-29T18:21:18.2883994Z
  Time since last request: 21.1588931 seconds.
  importAddress: GUID: 752d6e04701f9864b967294ba833ee56 - Path: Assets/bg_garden_0.asset - Importer: PreviewImporter
Importing 'GUID: 752d6e04701f9864b967294ba833ee56 - Path: Assets/bg_garden_0.asset - Importer: PreviewImporter' with importer (PreviewImporter)
Imported 'GUID: 752d6e04701f9864b967294ba833ee56' -> (Import Result ID: '16c3bf3f27a0b41798321c4163390f1d') in 0.055 seconds [static and dynamic dependencies]. Details - ImportResultOutputID=39bf3f0411096fa02aa5a3d0b3c4d531 DependenciesID=99b3e9aacbacc2230430b6b6bf24f6ba StaticDependenciesID=04d9680d8aa7d26b28f03295459bb611 
Number of updated asset objects reloaded before import = 0
Number of asset objects unloaded after import = 3
========================================================================
Received Import Request.
  Time of request: 2026-08-29T18:21:19.2594374Z
  Time since last request: 0.8972046 seconds.
  importAddress: GUID: 752d6e04701f9864b967294ba833ee56 - Path: Assets/bg_garden_0.asset - Importer: ScriptedImporter/UnityEditor.QuickSearchModule:UnityEditor.Search:ASIAI0B
Importing 'GUID: 752d6e04701f9864b967294ba833ee56 - Path: Assets/bg_garden_0.asset - Importer: ScriptedImporter/UnityEditor.QuickSearchModule:UnityEditor.Search:ASIAI0B' with importer (ScriptedImporter : UnityEditor.QuickSearchModule:UnityEditor.Search:ASIAI0B)
Imported 'GUID: 752d6e04701f9864b967294ba833ee56' -> (Import Result ID: '5343fc1c4e86e72af20aa4688d8e43a8') in 0.055 seconds [static and dynamic dependencies]. Details - ImportResultOutputID=e4c115b86039e8f5105f127aa7514974 DependenciesID=4829c1196a3fbc367b660d453f039cfc StaticDependenciesID=73349c2ccd92a9e426a9de557a698f7d 
Number of updated asset objects reloaded before import = 0
Number of asset objects unloaded after import = 2
========================================================================
Received Import Request.
  Time of request: 2026-08-29T18:24:43.0061646Z
  Time since last request: 203.676931 seconds.
  importAddress: GUID: 44f09b0ee79fba048af5c3ce8f9f7c6d - Path: Assets/miniwall.png - Importer: PreviewImporter
Importing 'GUID: 44f09b0ee79fba048af5c3ce8f9f7c6d - Path: Assets/miniwall.png - Importer: PreviewImporter' with importer (PreviewImporter)
Imported 'GUID: 44f09b0ee79fba048af5c3ce8f9f7c6d' -> (Import Result ID: '958714314674671cf208f5c33c8c11c4') in 0.054 seconds [static and dynamic dependencies]. Details - ImportResultOutputID=775939ccf62cdd921c44e9ceb03ed567 DependenciesID=fa7ccf48a8bc798d69ac4ba9cbb649a1 StaticDependenciesID=3415e9731cc4b845a7200bedfb8ff885 
Number of updated asset objects reloaded before import = 0
Number of asset objects unloaded after import = 3
========================================================================
Received Import Request.
  Time of request: 2026-08-29T18:24:43.9918019Z
  Time since last request: 0.9043571 seconds.
  importAddress: GUID: 44f09b0ee79fba048af5c3ce8f9f7c6d - Path: Assets/miniwall.png - Importer: ScriptedImporter/UnityEditor.QuickSearchModule:UnityEditor.Search:ASIAI0B
Importing 'GUID: 44f09b0ee79fba048af5c3ce8f9f7c6d - Path: Assets/miniwall.png - Importer: ScriptedImporter/UnityEditor.QuickSearchModule:UnityEditor.Search:ASIAI0B' with importer (ScriptedImporter : UnityEditor.QuickSearchModule:UnityEditor.Search:ASIAI0B)
Imported 'GUID: 44f09b0ee79fba048af5c3ce8f9f7c6d' -> (Import Result ID: '5d16e4f664856abeb28c84497590c620') in 0.029 seconds [static and dynamic dependencies]. Details - ImportResultOutputID=4c577027b87856856924f089a0897928 DependenciesID=87497c654fd3b457addd1e6760999593 StaticDependenciesID=a9326eccf98b06b546d05944a660c10e 
Number of updated asset objects reloaded before import = 0
Number of asset objects unloaded after import = 3
========================================================================
Received Import Request.
  Time of request: 2026-08-29T18:25:11.1172683Z
  Time since last request: 27.0775513 seconds.
  importAddress: GUID: 2d65bfca586946846860449644d682e1 - Path: Assets/New Palette.prefab - Importer: PreviewImporter
Importing 'GUID: 2d65bfca586946846860449644d682e1 - Path: Assets/New Palette.prefab - Importer: PreviewImporter' with importer (PreviewImporter)
Imported 'GUID: 2d65bfca586946846860449644d682e1' -> (Import Result ID: '0d5115bebc602f8f2c82aac662a0cad7') in 0.225 seconds [static and dynamic dependencies]. Details - ImportResultOutputID=46c325803819a7afd7b7c5de957da0fd DependenciesID=c4d5ebd17a54095a90c14ca51764400c StaticDependenciesID=b8591300cbed056eab3315c7d3a3b41b 
Number of updated asset objects reloaded before import = 0
Number of asset objects unloaded after import = 10
========================================================================
Received Import Request.
  Time of request: 2026-08-29T18:25:11.7526753Z
  Time since last request: 0.3973293 seconds.
  importAddress: GUID: 2d65bfca586946846860449644d682e1 - Path: Assets/New Palette.prefab - Importer: ScriptedImporter/UnityEditor.QuickSearchModule:UnityEditor.Search:ASIAI0B
Importing 'GUID: 2d65bfca586946846860449644d682e1 - Path: Assets/New Palette.prefab - Importer: ScriptedImporter/UnityEditor.QuickSearchModule:UnityEditor.Search:ASIAI0B' with importer (ScriptedImporter : UnityEditor.QuickSearchModule:UnityEditor.Search:ASIAI0B)
Imported 'GUID: 2d65bfca586946846860449644d682e1' -> (Import Result ID: 'c2af79c689c6fb12c7a7cfb20ed4b5f1') in 0.302 seconds [static and dynamic dependencies]. Details - ImportResultOutputID=c8a2818d26f519d979e22850cabbd783 DependenciesID=f87c723f007484f408a4792a0f1dbd17 StaticDependenciesID=eebc89081fcd4662a2c737f46c27e52d 
Number of updated asset objects reloaded before import = 0
Number of asset objects unloaded after import = 10
========================================================================
Received Prepare
AcceleratorClientConnectionCallback - disconnected - :0
Refreshing native plugins compatible for Editor in 5.32 ms, found 5 plugins.
Unloading 22 Unused Serialized files (Serialized files now loaded: 0)
Unloading 22 unused Assets / (2.6 MB). Loaded Objects now: 10330.
Memory consumption went from 388.1 MB to 385.5 MB.
Total: 84.613900 ms (FindLiveObjects: 3.579000 ms CreateObjectMapping: 7.854300 ms MarkObjects: 72.686400 ms  DeleteObjects: 0.492600 ms)

Prepare: number of updated asset objects reloaded= 0
========================================================================
Received Import Request.
  Time of request: 2026-08-29T18:25:17.6157875Z
  Time since last request: 5.5484757 seconds.
  importAddress: GUID: 55147e7a45371a247b1747854b43dbd3 - Path: Assets/miniwall_0.asset - Importer: ScriptedImporter/UnityEditor.QuickSearchModule:UnityEditor.Search:ASIAI0B
Importing 'GUID: 55147e7a45371a247b1747854b43dbd3 - Path: Assets/miniwall_0.asset - Importer: ScriptedImporter/UnityEditor.QuickSearchModule:UnityEditor.Search:ASIAI0B' with importer (ScriptedImporter : UnityEditor.QuickSearchModule:UnityEditor.Search:ASIAI0B)
Imported 'GUID: 55147e7a45371a247b1747854b43dbd3' -> (Import Result ID: '5fcccba167cd522163235fbc3cdd3710') in 0.021 seconds [static and dynamic dependencies]. Details - ImportResultOutputID=73d6ad7a2fd9c1bd330d2396c97ae6bf DependenciesID=7cb7496840051f0733d016852988ace2 StaticDependenciesID=47a9f7191c4e3321e24baf647c12e29f 
Number of updated asset objects reloaded before import = 0
Number of asset objects unloaded after import = 2
========================================================================
Received Import Request.
  Time of request: 2026-08-29T18:25:17.6557411Z
  Time since last request: 0.0019893 seconds.
  importAddress: GUID: 2d65bfca586946846860449644d682e1 - Path: Assets/New Palette.prefab - Importer: PreviewImporter
Importing 'GUID: 2d65bfca586946846860449644d682e1 - Path: Assets/New Palette.prefab - Importer: PreviewImporter' with importer (PreviewImporter)
Imported 'GUID: 2d65bfca586946846860449644d682e1' -> (Import Result ID: '2068ef490126552f2707523f0fd5d2e2') in 0.053 seconds [static and dynamic dependencies]. Details - ImportResultOutputID=1212c3ad97e4e34f202e30449de2d88e DependenciesID=9670d3a089ac2be08f7eeb07cbdcf05a StaticDependenciesID=26b7895cfcb244c1f9630d547a62ea55 
Number of updated asset objects reloaded before import = 0
Number of asset objects unloaded after import = 13
========================================================================
Received Import Request.
  Time of request: 2026-08-29T18:26:25.2108534Z
  Time since last request: 67.4848138 seconds.
  importAddress: GUID: 2d65bfca586946846860449644d682e1 - Path: Assets/New Palette.prefab - Importer: PreviewImporter
Importing 'GUID: 2d65bfca586946846860449644d682e1 - Path: Assets/New Palette.prefab - Importer: PreviewImporter' with importer (PreviewImporter)
Imported 'GUID: 2d65bfca586946846860449644d682e1' -> (Import Result ID: 'a04d98bdd72827a82048ec4242f8c52e') in 0.010 seconds [static and dynamic dependencies]. Details - ImportResultOutputID=46c325803819a7afd7b7c5de957da0fd DependenciesID=998936390f9888d3557fb146f22b8ccc StaticDependenciesID=24da685117c2d8648b386ad93d5581b7 
Number of updated asset objects reloaded before import = 0
Number of asset objects unloaded after import = 10
========================================================================
Received Import Request.
  Time of request: 2026-08-29T18:26:26.1595802Z
  Time since last request: 0.9227756 seconds.
  importAddress: GUID: 2d65bfca586946846860449644d682e1 - Path: Assets/New Palette.prefab - Importer: ScriptedImporter/UnityEditor.QuickSearchModule:UnityEditor.Search:ASIAI0B
Importing 'GUID: 2d65bfca586946846860449644d682e1 - Path: Assets/New Palette.prefab - Importer: ScriptedImporter/UnityEditor.QuickSearchModule:UnityEditor.Search:ASIAI0B' with importer (ScriptedImporter : UnityEditor.QuickSearchModule:UnityEditor.Search:ASIAI0B)
Imported 'GUID: 2d65bfca586946846860449644d682e1' -> (Import Result ID: '6ad799249dae94de316fd95f950e5dab') in 0.021 seconds [static and dynamic dependencies]. Details - ImportResultOutputID=f5eb6e27b8a2ebf7242e62160628169a DependenciesID=37efeb1551017d9e647098c6931132ee StaticDependenciesID=4213e0553c7072f9251b9e8d29bd3eb6 
Number of updated asset objects reloaded before import = 0
Number of asset objects unloaded after import = 10
========================================================================
Received Import Request.
  Time of request: 2026-08-29T18:53:14.3182057Z
  Time since last request: 1608.12171770000009 seconds.
  importAddress: GUID: 5bd4ac98741ca014fb6dc5823029a020 - Path: Assets/gardenwall.png - Importer: PreviewImporter
Importing 'GUID: 5bd4ac98741ca014fb6dc5823029a020 - Path: Assets/gardenwall.png - Importer: PreviewImporter' with importer (PreviewImporter)
Imported 'GUID: 5bd4ac98741ca014fb6dc5823029a020' -> (Import Result ID: 'b6447b55932eb8778624108dc7a70cee') in 0.352 seconds [static and dynamic dependencies]. Details - ImportResultOutputID=bcdf4c2d80af51ee7117c42128d40038 DependenciesID=626cc0f297fd2979510b7dc36f4ddfaf StaticDependenciesID=a02e0bdbd6f0c24ece734be7639a2d4d 
Number of updated asset objects reloaded before import = 0
Number of asset objects unloaded after import = 3
========================================================================
Received Import Request.
  Time of request: 2026-08-29T18:53:14.9855812Z
  Time since last request: 0.1282165 seconds.
  importAddress: GUID: 5bd4ac98741ca014fb6dc5823029a020 - Path: Assets/gardenwall.png - Importer: ScriptedImporter/UnityEditor.QuickSearchModule:UnityEditor.Search:ASIAI0B
Importing 'GUID: 5bd4ac98741ca014fb6dc5823029a020 - Path: Assets/gardenwall.png - Importer: ScriptedImporter/UnityEditor.QuickSearchModule:UnityEditor.Search:ASIAI0B' with importer (ScriptedImporter : UnityEditor.QuickSearchModule:UnityEditor.Search:ASIAI0B)
Imported 'GUID: 5bd4ac98741ca014fb6dc5823029a020' -> (Import Result ID: '9ab7597a053ac0f3f07cc1c0059cbfbf') in 0.074 seconds [static and dynamic dependencies]. Details - ImportResultOutputID=bde4e32904726d54b95dab8ae7fbaa03 DependenciesID=3d8058524839805291596f2bdc3a16c6 StaticDependenciesID=c4c714a7c3e22a1a20d5c61a9dea51ac 
Number of updated asset objects reloaded before import = 0
Number of asset objects unloaded after import = 3
========================================================================
Received Import Request.
  Time of request: 2026-08-29T18:54:07.0101854Z
  Time since last request: 51.9348542 seconds.
  importAddress: GUID: 39000bdd50af2cf47b9bfbc8a403dbe2 - Path: Assets/gardenwalls.prefab - Importer: PreviewImporter
Importing 'GUID: 39000bdd50af2cf47b9bfbc8a403dbe2 - Path: Assets/gardenwalls.prefab - Importer: PreviewImporter' with importer (PreviewImporter)
Imported 'GUID: 39000bdd50af2cf47b9bfbc8a403dbe2' -> (Import Result ID: '42d6d125e3d2ee4bfa88f8add99ccffe') in 0.131 seconds [static and dynamic dependencies]. Details - ImportResultOutputID=128b0761a2823e697350d694906b16f4 DependenciesID=599e2a5d626c4f636259cea559c377bc StaticDependenciesID=97cb71b19c686cf9a3f196486ccd6368 
Number of updated asset objects reloaded before import = 0
Number of asset objects unloaded after import = 10
========================================================================
Received Import Request.
  Time of request: 2026-08-29T18:54:07.8007361Z
  Time since last request: 0.6179204 seconds.
  importAddress: GUID: 39000bdd50af2cf47b9bfbc8a403dbe2 - Path: Assets/gardenwalls.prefab - Importer: ScriptedImporter/UnityEditor.QuickSearchModule:UnityEditor.Search:ASIAI0B
Importing 'GUID: 39000bdd50af2cf47b9bfbc8a403dbe2 - Path: Assets/gardenwalls.prefab - Importer: ScriptedImporter/UnityEditor.QuickSearchModule:UnityEditor.Search:ASIAI0B' with importer (ScriptedImporter : UnityEditor.QuickSearchModule:UnityEditor.Search:ASIAI0B)
Imported 'GUID: 39000bdd50af2cf47b9bfbc8a403dbe2' -> (Import Result ID: '418ace2255797dcc8e7721c8b2fb4ea6') in 0.030 seconds [static and dynamic dependencies]. Details - ImportResultOutputID=a6444c3a801aacd67ef7afce47832f6d DependenciesID=d2263e2ad424533f775d4a6eb424efb1 StaticDependenciesID=9575dd44c237ef94aa56b8c852069737 
Number of updated asset objects reloaded before import = 0
Number of asset objects unloaded after import = 10
========================================================================
Received Prepare
AcceleratorClientConnectionCallback - disconnected - :0
Refreshing native plugins compatible for Editor in 6.89 ms, found 5 plugins.
Unloading 22 Unused Serialized files (Serialized files now loaded: 0)
Unloading 22 unused Assets / (2.6 MB). Loaded Objects now: 10333.
Memory consumption went from 388.1 MB to 385.5 MB.
Total: 274.441900 ms (FindLiveObjects: 21.809400 ms CreateObjectMapping: 3.381900 ms MarkObjects: 247.759200 ms  DeleteObjects: 1.126800 ms)

Prepare: number of updated asset objects reloaded= 0
========================================================================
Received Import Request.
  Time of request: 2026-08-29T18:54:14.293262Z
  Time since last request: 6.4474135 seconds.
  importAddress: GUID: 1d507909e70673444b2896b0ea532837 - Path: Assets/gardenwall_0.asset - Importer: PreviewImporter
Importing 'GUID: 1d507909e70673444b2896b0ea532837 - Path: Assets/gardenwall_0.asset - Importer: PreviewImporter' with importer (PreviewImporter)
Imported 'GUID: 1d507909e70673444b2896b0ea532837' -> (Import Result ID: 'f6826d2cc2b0922d13ad92210ff412f4') in 0.047 seconds [static and dynamic dependencies]. Details - ImportResultOutputID=f73c37e6f2cdf6797237d24dc017c475 DependenciesID=15825edc8f6cf7796c90eb7f73b832c5 StaticDependenciesID=75ff548225b2a4d775f4b58f718eb3a5 
Number of updated asset objects reloaded before import = 0
Number of asset objects unloaded after import = 3
========================================================================
Received Import Request.
  Time of request: 2026-08-29T18:54:14.3581039Z
  Time since last request: 0.002121 seconds.
  importAddress: GUID: 39000bdd50af2cf47b9bfbc8a403dbe2 - Path: Assets/gardenwalls.prefab - Importer: ScriptedImporter/UnityEditor.QuickSearchModule:UnityEditor.Search:ASIAI0B
Importing 'GUID: 39000bdd50af2cf47b9bfbc8a403dbe2 - Path: Assets/gardenwalls.prefab - Importer: ScriptedImporter/UnityEditor.QuickSearchModule:UnityEditor.Search:ASIAI0B' with importer (ScriptedImporter : UnityEditor.QuickSearchModule:UnityEditor.Search:ASIAI0B)
Imported 'GUID: 39000bdd50af2cf47b9bfbc8a403dbe2' -> (Import Result ID: '69b9dc36245e5a5c6d3981b3938828fa') in 0.025 seconds [static and dynamic dependencies]. Details - ImportResultOutputID=32be28f2a7f7aee5ac2df9ff29e2900f DependenciesID=ce7058a5d567a66c129fdd45298b063a StaticDependenciesID=9cff81a78ec84fbb537e9db3a4d055c0 
Number of updated asset objects reloaded before import = 0
Number of asset objects unloaded after import = 10
========================================================================
Received Import Request.
  Time of request: 2026-08-29T18:54:14.4001597Z
  Time since last request: 0.0013777 seconds.
  importAddress: GUID: 39000bdd50af2cf47b9bfbc8a403dbe2 - Path: Assets/gardenwalls.prefab - Importer: PreviewImporter
Importing 'GUID: 39000bdd50af2cf47b9bfbc8a403dbe2 - Path: Assets/gardenwalls.prefab - Importer: PreviewImporter' with importer (PreviewImporter)
Imported 'GUID: 39000bdd50af2cf47b9bfbc8a403dbe2' -> (Import Result ID: '0aa8218943ba0342deccc4f9e128f10c') in 0.028 seconds [static and dynamic dependencies]. Details - ImportResultOutputID=40b3052a9fd59a7112e0eb97d53efade DependenciesID=6f3fc4ba2459acffe6fbe99126079e6d StaticDependenciesID=872756138a2d70c5480564141d53c734 
Number of updated asset objects reloaded before import = 0
Number of asset objects unloaded after import = 13
========================================================================
Received Import Request.
  Time of request: 2026-08-29T18:55:08.2481914Z
  Time since last request: 53.8057953 seconds.
  importAddress: GUID: 39000bdd50af2cf47b9bfbc8a403dbe2 - Path: Assets/gardenwalls.prefab - Importer: PreviewImporter
Importing 'GUID: 39000bdd50af2cf47b9bfbc8a403dbe2 - Path: Assets/gardenwalls.prefab - Importer: PreviewImporter' with importer (PreviewImporter)
Imported 'GUID: 39000bdd50af2cf47b9bfbc8a403dbe2' -> (Import Result ID: '63a58f214b599c31766796ece484bb3b') in 0.016 seconds [static and dynamic dependencies]. Details - ImportResultOutputID=128b0761a2823e697350d694906b16f4 DependenciesID=55a1790e9c6bdbbb717f254f62e6cc5b StaticDependenciesID=3e1e8208233bb969f424666349a67f5f 
Number of updated asset objects reloaded before import = 0
Number of asset objects unloaded after import = 10
========================================================================
Received Import Request.
  Time of request: 2026-08-29T18:55:09.210874Z
  Time since last request: 0.9310408 seconds.
  importAddress: GUID: 39000bdd50af2cf47b9bfbc8a403dbe2 - Path: Assets/gardenwalls.prefab - Importer: ScriptedImporter/UnityEditor.QuickSearchModule:UnityEditor.Search:ASIAI0B
Importing 'GUID: 39000bdd50af2cf47b9bfbc8a403dbe2 - Path: Assets/gardenwalls.prefab - Importer: ScriptedImporter/UnityEditor.QuickSearchModule:UnityEditor.Search:ASIAI0B' with importer (ScriptedImporter : UnityEditor.QuickSearchModule:UnityEditor.Search:ASIAI0B)
Imported 'GUID: 39000bdd50af2cf47b9bfbc8a403dbe2' -> (Import Result ID: '4bef8cb60a7ae4b43bfae2ad67faa0a5') in 0.017 seconds [static and dynamic dependencies]. Details - ImportResultOutputID=e0a650fc8820a305eb7b5866bd80fd3b DependenciesID=ee61109ad42a50e0a1025366b0b1f451 StaticDependenciesID=413119bc54050d9ce1220c1eca05e304 
Number of updated asset objects reloaded before import = 0
Number of asset objects unloaded after import = 10
========================================================================
Received Import Request.
  Time of request: 2026-08-29T19:00:50.0009297Z
  Time since last request: 340.76012969999999 seconds.
  importAddress: GUID: 39000bdd50af2cf47b9bfbc8a403dbe2 - Path: Assets/gardenwalls.prefab - Importer: PreviewImporter
Importing 'GUID: 39000bdd50af2cf47b9bfbc8a403dbe2 - Path: Assets/gardenwalls.prefab - Importer: PreviewImporter' with importer (PreviewImporter)
Imported 'GUID: 39000bdd50af2cf47b9bfbc8a403dbe2' -> (Import Result ID: 'd1ad619d036a18472e2798914bc2572a') in 0.042 seconds [static and dynamic dependencies]. Details - ImportResultOutputID=40b3052a9fd59a7112e0eb97d53efade DependenciesID=969ccac3f1292f9ecc212d371ee870be StaticDependenciesID=f45cd911aca53da6b357825f776fea34 
Number of updated asset objects reloaded before import = 0
Number of asset objects unloaded after import = 13
========================================================================
Received Import Request.
  Time of request: 2026-08-29T19:00:50.946835Z
  Time since last request: 0.8858167 seconds.
  importAddress: GUID: 39000bdd50af2cf47b9bfbc8a403dbe2 - Path: Assets/gardenwalls.prefab - Importer: ScriptedImporter/UnityEditor.QuickSearchModule:UnityEditor.Search:ASIAI0B
Importing 'GUID: 39000bdd50af2cf47b9bfbc8a403dbe2 - Path: Assets/gardenwalls.prefab - Importer: ScriptedImporter/UnityEditor.QuickSearchModule:UnityEditor.Search:ASIAI0B' with importer (ScriptedImporter : UnityEditor.QuickSearchModule:UnityEditor.Search:ASIAI0B)
Imported 'GUID: 39000bdd50af2cf47b9bfbc8a403dbe2' -> (Import Result ID: '517484c7c41139d13ff8c44223455be4') in 0.025 seconds [static and dynamic dependencies]. Details - ImportResultOutputID=c872f689fa92eac883b2d269796d1f1d DependenciesID=b3f719b542df31d4e965285752706532 StaticDependenciesID=62454d517de44a1f31ee72de18a2e87e 
Number of updated asset objects reloaded before import = 0
Number of asset objects unloaded after import = 10
========================================================================
Received Import Request.
  Time of request: 2026-08-29T19:01:40.8454987Z
  Time since last request: 49.8583741 seconds.
  importAddress: GUID: 8c9cfa26abfee488c85f1582747f6a02 - Path: Assets/Scenes/SampleScene.unity - Importer: ScriptedImporter/UnityEditor.QuickSearchModule:UnityEditor.Search:ASIAI0B
Importing 'GUID: 8c9cfa26abfee488c85f1582747f6a02 - Path: Assets/Scenes/SampleScene.unity - Importer: ScriptedImporter/UnityEditor.QuickSearchModule:UnityEditor.Search:ASIAI0B' with importer (ScriptedImporter : UnityEditor.QuickSearchModule:UnityEditor.Search:ASIAI0B)
Imported 'GUID: 8c9cfa26abfee488c85f1582747f6a02' -> (Import Result ID: 'bb2bd5efdd5bce84a980ac05ec2d5d1d') in 0.036 seconds [static and dynamic dependencies]. Details - ImportResultOutputID=20987824f852e30b505c76962c5ee748 DependenciesID=ef498b540507e53627d8eff93d6a591c StaticDependenciesID=a6725c6854b9d7c9e849c2ebe33d142b 
Number of updated asset objects reloaded before import = 0
Number of asset objects unloaded after import = 1
Editor requested this worker to shutdown with reason: Editor is closing down
AcceleratorClientConnectionCallback - disconnected - :0
AssetImportWorker is now disconnected from the server
Process exiting
Exiting without the bug reporter. Application will terminate with return code 0