[Licensing::Module] Trying to connect to existing licensing client channel...
Built from '6000.5/staging' branch; Version is '6000.5.8f1 (5cb7df797b7d) revision 6076383'; Using compiler version '194234433'; Build Type 'Release'
[Licensing::IpcConnector] Successfully connected to: "LicenseClient-May" at "2026-08-29T16:17:45.8990932Z"
OS: 'Windows 11  (10.0.26100) Core' Language: 'es' Physical Memory: 8112 MB
BatchMode: 0, IsHumanControllingUs: 1, StartBugReporterOnCrash: 1, Is64bit: 1
System  architecture: x64
Process architecture: x64
Date: 2026-08-29T16:17:45Z

COMMAND LINE ARGUMENTS:
F:\Unity\6000.5.8f1\Editor\Unity.exe
-projectpath
F:\unity\ss\soul-seeker
-acceptSoftwareTermsForThisRunOnly
-useHub
-hubIPC
-cloudEnvironment
production
-licensingIpc
LicenseClient-May
-hubSessionId
6aea7e61-3322-444c-b87e-072238c6d95f
-accessToken
peEKRGynU1a2qlX24diRepD1he-ploSEdB4omt_aalk004f
Successfully changed project path to: F:\unity\ss\soul-seeker
F:/unity/ss/soul-seeker
[UnityMemory] Configuration Parameters - Can be set up in boot.config
    "memorysetup-temp-allocator-size-gi-baking-worker=262144"
    "memorysetup-temp-allocator-size-gi-baking-worker=262144"
    "memorysetup-temp-allocator-size-gi-baking-worker=262144"
    "memorysetup-temp-allocator-size-gi-baking-worker=262144"
    "memorysetup-temp-allocator-size-gi-baking-worker=262144"
    "memorysetup-temp-allocator-size-nav-mesh-worker=65536"
    "memorysetup-temp-allocator-size-audio-worker=65536"
    "memorysetup-temp-allocator-size-cloud-worker=32768"
    "memorysetup-temp-allocator-size-gfx=262144"
    "memorysetup-temp-allocator-size-preload-manager=33554432"
    "memorysetup-allocator-temp-initial-block-size-main=262144"
    "memorysetup-allocator-temp-initial-block-size-worker=262144"
    "memorysetup-temp-allocator-size-job-worker=262144"
    "memorysetup-temp-allocator-size-background-worker=32768"
    "memorysetup-bucket-allocator-granularity=16"
    "memorysetup-bucket-allocator-bucket-count=8"
    "memorysetup-bucket-allocator-block-size=33554432"
    "memorysetup-bucket-allocator-block-count=8"
    "memorysetup-main-allocator-block-size=16777216"
    "memorysetup-thread-allocator-block-size=16777216"
    "memorysetup-main-allocator-mimalloc-enabled=0"
    "memorysetup-gfx-main-allocator-block-size=16777216"
    "memorysetup-gfx-thread-allocator-block-size=16777216"
    "memorysetup-cache-allocator-block-size=4194304"
    "memorysetup-typetree-allocator-block-size=2097152"
    "memorysetup-profiler-bucket-allocator-granularity=16"
    "memorysetup-profiler-bucket-allocator-bucket-count=8"
    "memorysetup-profiler-bucket-allocator-block-size=33554432"
    "memorysetup-profiler-bucket-allocator-block-count=8"
    "memorysetup-profiler-allocator-block-size=16777216"
    "memorysetup-profiler-editor-allocator-block-size=1048576"
    "memorysetup-temp-allocator-size-main=16777216"
    "memorysetup-job-temp-allocator-block-size=2097152"
    "memorysetup-job-temp-allocator-block-size-background=1048576"
    "memorysetup-job-temp-allocator-reduction-small-platforms=262144"
Player connection [8848]  Target information:

Player connection [8848]  * "[IP] 192.168.1.18 [Port] 55504 [Flags] 2 [Guid] 899640066 [EditorId] 899640066 [Version] 1048832 [Id] WindowsEditor(7,LAPTOP-DM6U2RV0) [Debug] 1 [PackageName] WindowsEditor [ProjectName] Editor" 

Player connection [8848] Host joined multi-casting on [225.0.0.222:54997]...
Player connection [8848] Host joined alternative multi-casting on [225.0.0.222:34997]...
Input System module state changed to: Initialized.
[Physics::Module] Initialized fallback backend.
[Physics::Module] Id: 0xdecafbad
[Package Manager] Connected to IPC stream "Upm-1700" after 0.4 seconds.
[Licensing::Module] Licensing is not yet initialized.
[Licensing::Client] Error: HandshakeResponse reported an error:
	ResponseCode: 505
	ResponseStatus: Unsupported protocol version '1.18.1'.
[Licensing::Module] Error: Failed to handshake to channel: "LicenseClient-May"
[Licensing::IpcConnector] LicenseClient-May channel disconnected successfully.
[Licensing::IpcConnector] Channel LicenseClient-May-6000.5.8 doesn't exist
[Licensing::Module] Successfully launched the LicensingClient (PId: 18504)
Starting IPC server.
Waiting for clients to connect on \\.\pipe\Unity-LicenseClient-May-6000.5.8, press Ctrl-C to exit.
[Licensing::IpcConnector] Successfully connected to: "LicenseClient-May-6000.5.8" at "2026-08-29T16:18:02.1276744Z"
[Licensing::Client] Code 10 while verifying Licensing Client signature (process Id: 18504, path: "F:/unity/6000.5.8f1/Editor/Data/Resources/Licensing/Client/Unity.Licensing.Client.exe")
[Licensing::Module] LicensingClient has failed validation; ignoring
[Licensing::Client] Handshaking with LicensingClient:
  Version:                 1.18.1+9fbee8e
  Session Id:              0f7f509d10c04a4caddcf4d9f3cde5df
  Correlation Id:          bbbee9324476c63cb34911aef89f6af7
  External correlation Id: 6182603351949502665
  Machine Id:              WhHCL6WshhAV/u+JZtnMQZrMpJU=
[Licensing::Module] Successfully connected to LicensingClient on channel: "LicenseClient-May-6000.5.8" (connect: 4.37s, validation: 0.85s, handshake: 0.02s)
[Licensing::IpcConnector] Successfully connected to: "LicenseClient-May-6000.5.8-notifications" at "2026-08-29T16:18:02.9949816Z"
[Licensing::Module] Connected to LicensingClient (PId: 18504, launch time: 0.03, total connection time: 5.23s)
[Licensing::Client] Successfully updated the access token
[Licensing::Module] Successfully updated the access token peEKRGynU1...
[Licensing::Client] Successfully resolved entitlement details
[Licensing::Module] License group:
  Id: 4674144612393-sofia_herrera-UnityProStuXXXX
  Product: Unity Student
  Type: Assigned
  Expiration: 2026-12-08T15:48:24Z
[Licensing::Client] Successfully updated license, isAsync: True, time: 0.01
[Licensing::Client] Successfully resolved entitlement details
[Licensing::Module] Licensing Background thread has ended after 17.21s
[Licensing::Module] Licensing is initialized (took 15.31s).
[Licensing::Client] Successfully resolved entitlement details
Library Redirect Path: Library/
[Physics::Module] Selected backend.
[Physics::Module] Name: PhysX
[Physics::Module] Id: 0xf2b8ea05
[Physics::Module] SDK Version: 4.1.2
[Physics::Module] Integration Version: 1.0.0
[Physics::Module] Threading Mode: Multi-Threaded
Refreshing native plugins compatible for Editor in 6.33 ms, found 0 plugins.
Initialize engine version: 6000.5.8f1 (5cb7df797b7d)
[Subsystems] Discovering subsystems at path F:/Unity/6000.5.8f1/Editor/Data/Resources/UnitySubsystems
[Subsystems] Discovering subsystems at path F:/unity/ss/soul-seeker/Assets
[D3D12 Device Filter] Vendor Name: NVIDIA
[D3D12 Device Filter] Device Name: NVIDIA GeForce GTX 1650
[D3D12 Device Filter] Driver Version: 32.0.15.9144
[D3D12 Device Filter] Feature Level: 12.1
[D3D12 Device Filter] Graphics Memory: 3935 MB
[D3D12 Device Filter] Processor Count: 8
[D3D12 Device Filter] Device Type: Discrete
GfxDevice: creating device client; kGfxThreadingModeSplitJobs
d3d12: failed to query info queue interface (0x80004002).
Direct3D:
    Version:         Direct3D 12 [level 12.1]
    Renderer:        NVIDIA GeForce GTX 1650 (ID=0x1f91)
    Vendor:          NVIDIA
    VRAM:            3935 MB
    App VRAM Budget: 3344 MB
    Driver:          32.0.15.9144
Initialize mono
Mono path[0] = 'F:/Unity/6000.5.8f1/Editor/Data/Managed'
Mono path[1] = 'F:/Unity/6000.5.8f1/Editor/Data/BCLExtensions/runtime/netstandard2.1'
Mono path[2] = 'F:/Unity/6000.5.8f1/Editor/Data/MonoBleedingEdge/lib/mono/unityjit-win32'
Mono config path = 'F:/Unity/6000.5.8f1/Editor/Data/MonoBleedingEdge/etc'
Using monoOptions --debugger-agent=transport=dt_socket,embedding=1,server=y,suspend=n,address=127.0.0.1:56700
CodeReloadManager initialized
ImportWorker Server TCP listen port: 0
AcceleratorClientConnectionCallback - disconnected - :0
Begin MonoManager ReloadAssembly
Registering precompiled unity dll's ...
Register platform support module: F:/Unity/6000.5.8f1/Editor/Data/PlaybackEngines/WebGLSupport/UnityEditor.WebGL.Extensions.dll
Register platform support module: F:/Unity/6000.5.8f1/Editor/Data/PlaybackEngines/WindowsStandaloneSupport/UnityEditor.WindowsStandalone.Extensions.dll
Registered in 1.553308 seconds.
Native extension for WindowsStandalone target not found
Native extension for WebGL target not found
Package Manager log level set to [2]
ScheduleIndexationOnStartup MainProcess:False IndexOnStartup:True
Mono: successfully reloaded assembly
- Finished resetting the current domain, in  2.903 seconds
Domain Reload Profiling: 9461ms
	BeginReloadAssembly (540ms)
		CreateAndSetChildDomain (20ms)
	RebuildCommonClasses (8ms)
	RebuildNativeTypeToScriptingClass (289ms)
	initialDomainReloadingComplete (1890ms)
	LoadAllAssembliesAndSetupDomain (3828ms)
		LoadAssemblies (593ms)
		AnalyzeDomain (3614ms)
			TypeCache.Refresh (3612ms)
				TypeCache.ScanAssembly (3219ms)
	FinalizeReload (2905ms)
		SetupLoadedEditorAssemblies (0ms)
			InitializePlatformSupportModulesInManaged (3ms)
			BeforeProcessingInitializeOnLoad (118ms)
			ProcessInitializeOnLoadAttributes (253ms)
			ProcessInitializeOnLoadMethodAttributes (2436ms)
[Licensing::Client] Successfully resolved entitlement details
Application.AssetDatabase Initial Refresh Start
[Package Manager] Restoring resolved packages state from cache
[Licensing::Client] Successfully resolved entitlement details
[Package Manager] Registered 71 packages:
  Packages from [https://packages.unity.com]:
    com.unity.2d.animation@15.1.0 (location: F:\unity\ss\soul-seeker\Library\PackageCache\com.unity.2d.animation@6d5a363ae647)
    com.unity.2d.aseprite@5.0.3 (location: F:\unity\ss\soul-seeker\Library\PackageCache\com.unity.2d.aseprite@d13865913efa)
    com.unity.2d.psdimporter@14.0.3 (location: F:\unity\ss\soul-seeker\Library\PackageCache\com.unity.2d.psdimporter@5d82044f9e43)
    com.unity.2d.spriteshape@15.0.3 (location: F:\unity\ss\soul-seeker\Library\PackageCache\com.unity.2d.spriteshape@fcb7ec61a58b)
    com.unity.2d.tilemap.extras@8.0.3 (location: F:\unity\ss\soul-seeker\Library\PackageCache\com.unity.2d.tilemap.extras@a80140457adc)
    com.unity.2d.tooling@3.0.1 (location: F:\unity\ss\soul-seeker\Library\PackageCache\com.unity.2d.tooling@6f06ffb033c0)
    com.unity.asset-manager-for-unity@1.11.0 (location: F:\unity\ss\soul-seeker\Library\PackageCache\com.unity.asset-manager-for-unity@71c49222cba8)
    com.unity.collab-proxy@2.13.5 (location: F:\unity\ss\soul-seeker\Library\PackageCache\com.unity.collab-proxy@120d77864ebc)
    com.unity.ide.rider@3.0.38 (location: F:\unity\ss\soul-seeker\Library\PackageCache\com.unity.ide.rider@1f60b3138684)
    com.unity.ide.visualstudio@2.0.26 (location: F:\unity\ss\soul-seeker\Library\PackageCache\com.unity.ide.visualstudio@a99d56dec63f)
    com.unity.inputsystem@1.20.0 (location: F:\unity\ss\soul-seeker\Library\PackageCache\com.unity.inputsystem@7a4e1a2a8194)
    com.unity.nuget.newtonsoft-json@3.2.2 (location: F:\unity\ss\soul-seeker\Library\PackageCache\com.unity.nuget.newtonsoft-json@4dfd81071c64)
    com.unity.services.cloudsave@3.4.1 (location: F:\unity\ss\soul-seeker\Library\PackageCache\com.unity.services.cloudsave@53bc6d7e3069)
    com.unity.timeline@1.8.12 (location: F:\unity\ss\soul-seeker\Library\PackageCache\com.unity.timeline@8cd8509afae5)
    com.unity.visualscripting@1.9.12 (location: F:\unity\ss\soul-seeker\Library\PackageCache\com.unity.visualscripting@4edfcc09512f)
    com.unity.services.core@1.18.0 (location: F:\unity\ss\soul-seeker\Library\PackageCache\com.unity.services.core@3464cb68d709)
    com.unity.services.authentication@3.7.3 (location: F:\unity\ss\soul-seeker\Library\PackageCache\com.unity.services.authentication@4e591ebe4d6b)
    com.unity.settings-manager@2.1.1 (location: F:\unity\ss\soul-seeker\Library\PackageCache\com.unity.settings-manager@0b8638c5ce86)
    com.unity.2d.common@14.0.1 (location: F:\unity\ss\soul-seeker\Library\PackageCache\com.unity.2d.common@73badf92ba8b)
    com.unity.searcher@4.9.5 (location: F:\unity\ss\soul-seeker\Library\PackageCache\com.unity.searcher@a463122f2c00)
    com.unity.burst@1.8.30 (location: F:\unity\ss\soul-seeker\Library\PackageCache\com.unity.burst@2f3d916873ea)
    com.unity.nuget.mono-cecil@1.11.6 (location: F:\unity\ss\soul-seeker\Library\PackageCache\com.unity.nuget.mono-cecil@ecb9724e46ff)
    com.unity.test-framework.performance@3.5.0 (location: F:\unity\ss\soul-seeker\Library\PackageCache\com.unity.test-framework.performance@8b56083ec0f0)
  Built-in packages:
    com.unity.2d.sprite@1.0.0 (location: F:\unity\ss\soul-seeker\Library\PackageCache\com.unity.2d.sprite@053a968eab56)
    com.unity.2d.tilemap@1.0.0 (location: F:\unity\ss\soul-seeker\Library\PackageCache\com.unity.2d.tilemap@b959501fd678)
    com.unity.multiplayer.center@1.0.1 (location: F:\unity\ss\soul-seeker\Library\PackageCache\com.unity.multiplayer.center@b860850997d0)
    com.unity.render-pipelines.universal@17.5.0 (location: F:\unity\ss\soul-seeker\Library\PackageCache\com.unity.render-pipelines.universal@73b4c4ff130e)
    com.unity.test-framework@1.7.0 (location: F:\unity\ss\soul-seeker\Library\PackageCache\com.unity.test-framework@1405238725ab)
    com.unity.ugui@2.5.0 (location: F:\unity\ss\soul-seeker\Library\PackageCache\com.unity.ugui@1c4864518158)
    com.unity.modules.accessibility@1.0.0 (location: F:\unity\ss\soul-seeker\Library\PackageCache\com.unity.modules.accessibility)
    com.unity.modules.adaptiveperformance@1.0.0 (location: F:\unity\ss\soul-seeker\Library\PackageCache\com.unity.modules.adaptiveperformance)
    com.unity.modules.ai@1.0.0 (location: F:\unity\ss\soul-seeker\Library\PackageCache\com.unity.modules.ai)
    com.unity.modules.androidjni@1.0.0 (location: F:\unity\ss\soul-seeker\Library\PackageCache\com.unity.modules.androidjni)
    com.unity.modules.animation@1.0.0 (location: F:\unity\ss\soul-seeker\Library\PackageCache\com.unity.modules.animation)
    com.unity.modules.assetbundle@1.0.0 (location: F:\unity\ss\soul-seeker\Library\PackageCache\com.unity.modules.assetbundle)
    com.unity.modules.audio@1.0.0 (location: F:\unity\ss\soul-seeker\Library\PackageCache\com.unity.modules.audio)
    com.unity.modules.cloth@1.0.0 (location: F:\unity\ss\soul-seeker\Library\PackageCache\com.unity.modules.cloth)
    com.unity.modules.director@1.0.0 (location: F:\unity\ss\soul-seeker\Library\PackageCache\com.unity.modules.director)
    com.unity.modules.imageconversion@1.0.0 (location: F:\unity\ss\soul-seeker\Library\PackageCache\com.unity.modules.imageconversion)
    com.unity.modules.imgui@1.0.0 (location: F:\unity\ss\soul-seeker\Library\PackageCache\com.unity.modules.imgui)
    com.unity.modules.jsonserialize@1.0.0 (location: F:\unity\ss\soul-seeker\Library\PackageCache\com.unity.modules.jsonserialize)
    com.unity.modules.particlesystem@1.0.0 (location: F:\unity\ss\soul-seeker\Library\PackageCache\com.unity.modules.particlesystem)
    com.unity.modules.physics@1.0.0 (location: F:\unity\ss\soul-seeker\Library\PackageCache\com.unity.modules.physics)
    com.unity.modules.physics2d@1.0.0 (location: F:\unity\ss\soul-seeker\Library\PackageCache\com.unity.modules.physics2d)
    com.unity.modules.physicscore2d@1.0.0 (location: F:\unity\ss\soul-seeker\Library\PackageCache\com.unity.modules.physicscore2d)
    com.unity.modules.screencapture@1.0.0 (location: F:\unity\ss\soul-seeker\Library\PackageCache\com.unity.modules.screencapture)
    com.unity.modules.terrain@1.0.0 (location: F:\unity\ss\soul-seeker\Library\PackageCache\com.unity.modules.terrain)
    com.unity.modules.terrainphysics@1.0.0 (location: F:\unity\ss\soul-seeker\Library\PackageCache\com.unity.modules.terrainphysics)
    com.unity.modules.tilemap@1.0.0 (location: F:\unity\ss\soul-seeker\Library\PackageCache\com.unity.modules.tilemap)
    com.unity.modules.ui@1.0.0 (location: F:\unity\ss\soul-seeker\Library\PackageCache\com.unity.modules.ui)
    com.unity.modules.uielements@1.0.0 (location: F:\unity\ss\soul-seeker\Library\PackageCache\com.unity.modules.uielements)
    com.unity.modules.umbra@1.0.0 (location: F:\unity\ss\soul-seeker\Library\PackageCache\com.unity.modules.umbra)
    com.unity.modules.unityanalytics@1.0.0 (location: F:\unity\ss\soul-seeker\Library\PackageCache\com.unity.modules.unityanalytics)
    com.unity.modules.unitywebrequest@1.0.0 (location: F:\unity\ss\soul-seeker\Library\PackageCache\com.unity.modules.unitywebrequest)
    com.unity.modules.unitywebrequestassetbundle@1.0.0 (location: F:\unity\ss\soul-seeker\Library\PackageCache\com.unity.modules.unitywebrequestassetbundle)
    com.unity.modules.unitywebrequestaudio@1.0.0 (location: F:\unity\ss\soul-seeker\Library\PackageCache\com.unity.modules.unitywebrequestaudio)
    com.unity.modules.unitywebrequesttexture@1.0.0 (location: F:\unity\ss\soul-seeker\Library\PackageCache\com.unity.modules.unitywebrequesttexture)
    com.unity.modules.unitywebrequestwww@1.0.0 (location: F:\unity\ss\soul-seeker\Library\PackageCache\com.unity.modules.unitywebrequestwww)
    com.unity.modules.vectorgraphics@1.0.0 (location: F:\unity\ss\soul-seeker\Library\PackageCache\com.unity.modules.vectorgraphics)
    com.unity.modules.vehicles@1.0.0 (location: F:\unity\ss\soul-seeker\Library\PackageCache\com.unity.modules.vehicles)
    com.unity.modules.video@1.0.0 (location: F:\unity\ss\soul-seeker\Library\PackageCache\com.unity.modules.video)
    com.unity.modules.wind@1.0.0 (location: F:\unity\ss\soul-seeker\Library\PackageCache\com.unity.modules.wind)
    com.unity.modules.xr@1.0.0 (location: F:\unity\ss\soul-seeker\Library\PackageCache\com.unity.modules.xr)
    com.unity.modules.subsystems@1.0.0 (location: F:\unity\ss\soul-seeker\Library\PackageCache\com.unity.modules.subsystems)
    com.unity.modules.hierarchycore@1.0.0 (location: F:\unity\ss\soul-seeker\Library\PackageCache\com.unity.modules.hierarchycore)
    com.unity.ext.nunit@2.1.0 (location: F:\unity\ss\soul-seeker\Library\PackageCache\com.unity.ext.nunit@44f7d31723bd)
    com.unity.render-pipelines.core@17.5.0 (location: F:\unity\ss\soul-seeker\Library\PackageCache\com.unity.render-pipelines.core@a4c9a9793789)
    com.unity.shadergraph@17.5.0 (location: F:\unity\ss\soul-seeker\Library\PackageCache\com.unity.shadergraph@8d7376ec43ee)
    com.unity.render-pipelines.universal-config@17.5.0 (location: F:\unity\ss\soul-seeker\Library\PackageCache\com.unity.render-pipelines.universal-config@fdda01c80fe3)
    com.unity.collections@6.5.0 (location: F:\unity\ss\soul-seeker\Library\PackageCache\com.unity.collections@ec2c217e4cb2)
    com.unity.mathematics@1.4.0 (location: F:\unity\ss\soul-seeker\Library\PackageCache\com.unity.mathematics@981956d94fb6)
[Subsystems] No new subsystems found in resolved package list.
[Package Manager] Done registering packages in 0.02 seconds
info: Microsoft.Hosting.Lifetime[14]
      Now listening on: http://localhost:80
info: Microsoft.Hosting.Lifetime[0]
      Application started. Press Ctrl+C to shut down.
info: Microsoft.Hosting.Lifetime[0]
      Hosting environment: Production
info: Microsoft.Hosting.Lifetime[0]
      Content root path: F:\unity\ss\soul-seeker
info: Microsoft.AspNetCore.Hosting.Diagnostics[1]
      Request starting HTTP/2 POST http://ilpp/UnityILPP.PostProcessing/Ping - application/grpc -
info: Microsoft.AspNetCore.Routing.EndpointMiddleware[0]
      Executing endpoint 'gRPC - /UnityILPP.PostProcessing/Ping'
info: Microsoft.AspNetCore.Routing.EndpointMiddleware[1]
      Executed endpoint 'gRPC - /UnityILPP.PostProcessing/Ping'
info: Microsoft.AspNetCore.Hosting.Diagnostics[2]
      Request finished HTTP/2 POST http://ilpp/UnityILPP.PostProcessing/Ping - 200 - application/grpc 256.2473ms
Starting: F:\Unity\6000.5.8f1\Editor\Data\Tools\BuildPipeline\bee_backend.exe --ipc --defer-dag-verification --dagfile="Library/Bee/1900b0aE.dag" --continue-on-failure --profile="Library/Bee/backend1.traceevents" ScriptAssemblies
WorkingDir: F:/unity/ss/soul-seeker
info: Microsoft.AspNetCore.Hosting.Diagnostics[1]
      Request starting HTTP/2 POST http://ilpp/UnityILPP.PostProcessing/ConfigurePostProcessors - application/grpc -
info: Microsoft.AspNetCore.Routing.EndpointMiddleware[0]
      Executing endpoint 'gRPC - /UnityILPP.PostProcessing/ConfigurePostProcessors'
warn: Unity.ILPP.Runner.PostProcessingAssemblyLoadContext[0]
      Assembly system.runtime.interopservices.windowsruntime has duplicate hint path. Ignoring "F:\Unity\6000.5.8f1\Editor\Data\UnityReferenceAssemblies\unity-4.8-api\Facades\System.Runtime.InteropServices.WindowsRuntime.dll" in favor of "F:\Unity\6000.5.8f1\Editor\Data\NetStandard\Extensions\2.0.0\System.Runtime.InteropServices.WindowsRuntime.dll"
warn: Unity.ILPP.Runner.PostProcessingAssemblyLoadContext[0]
      Assembly system.componentmodel.composition has duplicate hint path. Ignoring "F:\Unity\6000.5.8f1\Editor\Data\UnityReferenceAssemblies\unity-4.8-api\System.ComponentModel.Composition.dll" in favor of "F:\Unity\6000.5.8f1\Editor\Data\NetStandard\compat\2.1.0\shims\netfx\System.ComponentModel.Composition.dll"
info: Unity.ILPP.Runner.PostProcessingAssemblyLoadContext[0]
      Resolved Unity.Burst.Cecil, Version=0.11.6.0, Culture=neutral, PublicKeyToken=50cebf1cceb9d05e with Library\PackageCache\com.unity.burst@2f3d916873ea\Unity.Burst.CodeGen\Unity.Burst.Cecil.dll
info: Unity.ILPP.Runner.PostProcessingAssemblyLoadContext[0]
      Resolved Mono.Cecil, Version=0.11.5.0, Culture=neutral, PublicKeyToken=50cebf1cceb9d05e with Library\PackageCache\com.unity.nuget.mono-cecil@ecb9724e46ff\Mono.Cecil.dll
info: Microsoft.AspNetCore.Routing.EndpointMiddleware[1]
      Executed endpoint 'gRPC - /UnityILPP.PostProcessing/ConfigurePostProcessors'
info: Microsoft.AspNetCore.Hosting.Diagnostics[2]
      Request finished HTTP/2 POST http://ilpp/UnityILPP.PostProcessing/ConfigurePostProcessors - 200 - application/grpc 878.5714ms
ExitCode: 0 Duration: 1s892ms
[1167/1528  0s] ILPP-Configuration Library/ilpp-configuration.nevergeneratedoutput
*** Tundra build success (1.79 seconds), 1 items updated, 1528 evaluated
AssetDatabase: script compilation time: 9.117402s
Begin MonoManager ReloadAssembly
Symbol file LoadedFromMemory is not a mono symbol file
Refreshing native plugins compatible for Editor in 43.03 ms, found 5 plugins.
Native extension for WindowsStandalone target not found
Native extension for WebGL target not found
Refreshing native plugins compatible for Editor in 2.94 ms, found 5 plugins.
ScheduleIndexationOnStartup MainProcess:True IndexOnStartup:True
Mono: successfully reloaded assembly
- Finished resetting the current domain, in  7.354 seconds
Domain Reload Profiling: 12635ms
	BeginReloadAssembly (530ms)
		DisableScriptedObjects (57ms)
		CreateAndSetChildDomain (155ms)
	RebuildCommonClasses (10ms)
	RebuildNativeTypeToScriptingClass (23ms)
	initialDomainReloadingComplete (87ms)
	LoadAllAssembliesAndSetupDomain (4628ms)
		LoadAssemblies (3682ms)
		AnalyzeDomain (865ms)
			TypeCache.Refresh (736ms)
				TypeCache.ScanAssembly (715ms)
			BuildScriptInfoCaches (116ms)
			ResolveRequiredComponents (10ms)
	FinalizeReload (7355ms)
		SetupLoadedEditorAssemblies (0ms)
			BeforeProcessingInitializeOnLoad (121ms)
			ProcessInitializeOnLoadAttributes (4880ms)
			ProcessInitializeOnLoadMethodAttributes (1496ms)
			AfterProcessingInitializeOnLoad (22ms)
		AwakeInstancesAfterBackupRestoration (40ms)
Starting new worker id: 0 with log in F:/unity/ss/soul-seeker/Logs/AssetImportWorkerHW0.log

Asset Pipeline Refresh (id=55f7a1b1717f49741b1efcfe600aa4d6): Total: 39.943 seconds - Initiated by InitialRefreshV2(ForceSynchronousImport)
	(Values over 0.05ms)
	Summary:
		Imports: total=0 (actual=0, local cache=0, cache server=0)
		Asset DB Process Time: managed=0 ms, native=25083 ms
		Asset DB Callback time: managed=50 ms, native=43 ms
		Scripting: domain reloads=1, domain reload time=5368 ms, compile time=9120 ms, other=277 ms
		Project Asset Count: scripts=2024, non-scripts=3339
		Asset File Changes: new=0, changed=0, moved=0, deleted=0
		Scan Filter Count: 0
	InvokePackagesCallback: 45.923ms
	ApplyChangesToAssetFolders: 0.728ms
	Scan: 439.464ms
	Collect global state as custom dependencies: 28.148ms
	CategorizeScriptCompilationAssets: 2625.515ms
	ProcessAssetsWithTransientArtifactChanges: 131.298ms
	CategorizeAssets: 374.731ms
	CompileScripts: 9119.874ms
	ImportOutOfDateAssets: 7568.017ms (7470.028ms without children)
		UnloadImportedAssets: 1.022ms
		EnsureUptoDateAssetsAreRegisteredWithGuidPM: 1.117ms
		ImportSchedulerStart: 95.805ms
	PostProcessAllAssets: 50.557ms
		MonoPostProcessAllAssets: 50.370ms
			UniversalRenderPipelineGlobalSettingsPostprocessor.OnPostprocessAllAssets 16.123ms
			SpeedTree9Postprocessor.OnPostprocessAllAssets 4.333ms
			WindowAssetPostprocessingWatcher.OnPostprocessAllAssets 2.716ms
			EditModeScopePostprocessor.OnPostprocessAllAssets 1.484ms
			RenderPipelineGlobalSettingsPostprocessor.OnPostprocessAllAssets 1.204ms
			ShaderReflectionAssetPostProcessor.OnPostprocessAllAssets 1.111ms
			InputActionAssetPostprocessor.OnPostprocessAllAssets 0.573ms
			TerrainToolbarOverlayPostProcessor.OnPostprocessAllAssets 0.482ms
			ReferencedClipsPostProcessor.OnPostprocessAllAssets 0.348ms
			ProjectSettingsPostprocessor.OnPostprocessAllAssets 0.305ms
			AssetDatabaseCallbacks.OnPostprocessAllAssets 0.237ms
			SyncVS.PostprocessSyncProject 0.221ms
	UnloadStreamsBegin: 3.756ms
	PersistCurrentRevisions: 0.196ms
	GenerateScriptTypeHashes: 3.209ms
	GenerateScriptTypeSerializationHashes: 5.721ms
	Untracked: 19504.752ms

Application.AssetDatabase Initial Refresh End
Launched and connected shader compiler UnityShaderCompiler.exe after 0.05 seconds
Scanning for USB devices : 5.972ms
Initializing Unity extensions:
[MODES] ModeService[none].Initialize
[MODES] ModeService[none].LoadModes
[MODES] Loading mode Default (0) for mode-current-id-soul-seeker
Unloading 24 Unused Serialized files (Serialized files now loaded: 0)
Loaded scene 'Assets/Scenes/SampleScene.unity'
	Deserialize:            26.276 ms
	Integration:            682.004 ms
	Integration of assets:  0.013 ms
	Thread Wait Time:       4.782 ms
	Total Operation Time:   713.075 ms
[Licensing::Client] Successfully resolved entitlement details
Unloading 9225 unused Assets / (8.2 MB). Loaded Objects now: 10390.
Memory consumption went from 501.1 MB to 493.0 MB.
Total: 69.878100 ms (FindLiveObjects: 2.853300 ms CreateObjectMapping: 10.219200 ms MarkObjects: 19.460500 ms  DeleteObjects: 37.006100 ms)

[LAYOUT] About to load UserSettings\Layouts\default-6000.dwlt, keepMainWindow=False
[LAYOUT] About to save layout F:\unity\ss\soul-seeker\UserSettings\Layouts\default-6000.dwlt
[LAYOUT] About to save layout C:/Users/May/AppData/Roaming/Unity/Editor-5.x/Preferences\Layouts\current\default-6000.dwlt
[MODES] ModeService[default].InitializeCurrentMode
[MODES] ModeService[default].RaiseModeChanged(default, default)
<RI> Initializing input.
Using Windows.Gaming.Input
[Project] Loading completed in 91.325 seconds
	Project init time: 				84.161 seconds
		Template init time: 		0.000 seconds
		Package Manager init time: 		15.714 seconds
		Asset Database init time: 		1.589 seconds
		Global illumination init time: 	0.035 seconds
		Assemblies load time: 			20.285 seconds
		Unity extensions init time: 	0.136 seconds
		Asset Database refresh time: 	39.944 seconds
	Scene opening time: 			6.777 seconds
##utp:{"type":"ProjectInfo","version":2,"phase":"Immediate","time":1788020357137,"processId":1700,"projectLoad":91.3249739,"projectInit":84.1605214,"templateInit":0.0,"packageManagerInit":15.7136185,"assetDatabaseInit":1.5889332,"globalIlluminationInit":0.0352966,"assembliesLoad":20.2850817,"unityExtensionsInit":0.1357365,"assetDatabaseRefresh":39.9442235,"sceneOpening":6.7770078}
##utp:{"type":"EditorInfo","version":2,"phase":"Immediate","time":1788020357138,"processId":1700,"editorVersion":"6000.5.8f1 (5cb7df797b7d)","branch":"6000.5/staging","buildType":"Release","platform":"Windows"}
[Licensing::Client] Successfully resolved entitlement details

Asset Pipeline Refresh (id=804d1788e1be11f4587d22ef4053003b): Total: 0.436 seconds - Initiated by RefreshV2(AllowForceSynchronousImport)
	(Values over 0.05ms)
	Summary:
		Imports: total=0 (actual=0, local cache=0, cache server=0)
		Asset DB Process Time: managed=0 ms, native=433 ms
		Asset DB Callback time: managed=0 ms, native=2 ms
		Scripting: domain reloads=0, domain reload time=0 ms, compile time=0 ms, other=0 ms
		Project Asset Count: scripts=2024, non-scripts=3339
		Asset File Changes: new=0, changed=0, moved=0, deleted=0
		Scan Filter Count: 0
	InvokePackagesCallback: 3.663ms
	ApplyChangesToAssetFolders: 0.215ms
	Collect global state as custom dependencies: 19.762ms
	ProcessAssetsWithTransientArtifactChanges: 0.384ms
	CategorizeAssets: 45.701ms
	ImportOutOfDateAssets: 51.996ms (11.799ms without children)
		UnloadImportedAssets: 0.172ms
		EnsureUptoDateAssetsAreRegisteredWithGuidPM: 0.704ms
		ImportSchedulerStart: 39.282ms
	GatherAllCurrentPrimaryImportResultRevisions: 0.558ms
	UnloadStreamsBegin: 2.362ms
	PersistCurrentRevisions: 0.185ms
	Untracked: 229.650ms

Try refresh the unity services token.
UnityEngine.Debug:ExtractStackTraceNoAlloc (byte*,int,string)
UnityEngine.StackTraceUtility:ExtractStackTrace ()
UnityEngine.DebugLogHandler:Internal_Log (UnityEngine.LogType,UnityEngine.LogOption,string,UnityEngine.Object)
UnityEngine.DebugLogHandler:LogFormat (UnityEngine.LogType,UnityEngine.Object,string,object[])
UnityEngine.Logger:Log (UnityEngine.LogType,object)
UnityEngine.Debug:Log (object)
Unity.Cloud.IdentityEmbedded.Editor.UnityEditorServiceAuthorizer/<RefreshUnityTokenFromAccessTokenAsync>d__36:MoveNext () (at ./Library/PackageCache/com.unity.asset-manager-for-unity@71c49222cba8/Embedded/Editor/com.unity.cloud.identity/Editor/UnityEditorServiceAuthorizer.cs:191)
System.Runtime.CompilerServices.AsyncTaskMethodBuilder:Start<Unity.Cloud.IdentityEmbedded.Editor.UnityEditorServiceAuthorizer/<RefreshUnityTokenFromAccessTokenAsync>d__36> (Unity.Cloud.IdentityEmbedded.Editor.UnityEditorServiceAuthorizer/<RefreshUnityTokenFromAccessTokenAsync>d__36&)
Unity.Cloud.IdentityEmbedded.Editor.UnityEditorServiceAuthorizer:RefreshUnityTokenFromAccessTokenAsync ()
Unity.Cloud.IdentityEmbedded.Editor.UnityEditorServiceAuthorizer/<Update>d__35:MoveNext () (at ./Library/PackageCache/com.unity.asset-manager-for-unity@71c49222cba8/Embedded/Editor/com.unity.cloud.identity/Editor/UnityEditorServiceAuthorizer.cs:175)
System.Runtime.CompilerServices.AsyncVoidMethodBuilder:Start<Unity.Cloud.IdentityEmbedded.Editor.UnityEditorServiceAuthorizer/<Update>d__35> (Unity.Cloud.IdentityEmbedded.Editor.UnityEditorServiceAuthorizer/<Update>d__35&)
Unity.Cloud.IdentityEmbedded.Editor.UnityEditorServiceAuthorizer:Update ()
UnityEditor.EditorApplication:Internal_CallUpdateFunctions ()

(Filename: ./Library/PackageCache/com.unity.asset-manager-for-unity@71c49222cba8/Embedded/Editor/com.unity.cloud.identity/Editor/UnityEditorServiceAuthorizer.cs Line: 191)

[Licensing::Client] Successfully resolved entitlement details
[Licensing::Client] Successfully resolved entitlement details
[Licensing::Client] Successfully resolved entitlement details
[Licensing::Client] Successfully resolved entitlement details
[Licensing::Client] Successfully updated the access token
[Licensing::Module] Successfully updated access token: "peEKRGyn"... (expires: 2026-08-29T16:50:46Z)
Created GICache directory at C:/Users/May/AppData/LocalLow/Unity/Caches/GiCache. Took: 2.265s, timestamps: [94.683 - 96.948]
Unity services token refreshed.
UnityEngine.Debug:ExtractStackTraceNoAlloc (byte*,int,string)
UnityEngine.StackTraceUtility:ExtractStackTrace ()
UnityEngine.DebugLogHandler:Internal_Log (UnityEngine.LogType,UnityEngine.LogOption,string,UnityEngine.Object)
UnityEngine.DebugLogHandler:LogFormat (UnityEngine.LogType,UnityEngine.Object,string,object[])
UnityEngine.Logger:Log (UnityEngine.LogType,object)
UnityEngine.Debug:Log (object)
Unity.Cloud.IdentityEmbedded.Editor.UnityEditorServiceAuthorizer/<RefreshUnityTokenFromAccessTokenAsync>d__36:MoveNext () (at ./Library/PackageCache/com.unity.asset-manager-for-unity@71c49222cba8/Embedded/Editor/com.unity.cloud.identity/Editor/UnityEditorServiceAuthorizer.cs:206)
System.Runtime.CompilerServices.AsyncMethodBuilderCore/MoveNextRunner:InvokeMoveNext (object)
System.Threading.ExecutionContext:RunInternal (System.Threading.ExecutionContext,System.Threading.ContextCallback,object,bool)
System.Threading.ExecutionContext:Run (System.Threading.ExecutionContext,System.Threading.ContextCallback,object,bool)
System.Runtime.CompilerServices.AsyncMethodBuilderCore/MoveNextRunner:Run ()
System.Threading.Tasks.AwaitTaskContinuation:InvokeAction (object)
System.Threading.Tasks.AwaitTaskContinuation:RunCallback (System.Threading.ContextCallback,object,System.Threading.Tasks.Task&)
System.Threading.Tasks.SynchronizationContextAwaitTaskContinuation:Run (System.Threading.Tasks.Task,bool)
System.Threading.Tasks.Task:FinishContinuations ()
System.Threading.Tasks.Task:FinishStageThree ()
System.Threading.Tasks.Task`1<System.Threading.Tasks.VoidTaskResult>:TrySetResult (System.Threading.Tasks.VoidTaskResult)
System.Runtime.CompilerServices.AsyncTaskMethodBuilder`1<System.Threading.Tasks.VoidTaskResult>:SetResult (System.Threading.Tasks.VoidTaskResult)
System.Runtime.CompilerServices.AsyncTaskMethodBuilder`1<System.Threading.Tasks.VoidTaskResult>:SetResult (System.Threading.Tasks.Task`1<System.Threading.Tasks.VoidTaskResult>)
System.Runtime.CompilerServices.AsyncTaskMethodBuilder:SetResult ()
Unity.Cloud.IdentityEmbedded.Editor.UnityEditorServiceAuthorizer/<RefreshUnityTokenAsync>d__38:MoveNext () (at ./Library/PackageCache/com.unity.asset-manager-for-unity@71c49222cba8/Embedded/Editor/com.unity.cloud.identity/Editor/UnityEditorServiceAuthorizer.cs:270)
System.Runtime.CompilerServices.AsyncMethodBuilderCore/MoveNextRunner:InvokeMoveNext (object)
System.Threading.ExecutionContext:RunInternal (System.Threading.ExecutionContext,System.Threading.ContextCallback,object,bool)
System.Threading.ExecutionContext:Run (System.Threading.ExecutionContext,System.Threading.ContextCallback,object,bool)
System.Runtime.CompilerServices.AsyncMethodBuilderCore/MoveNextRunner:Run ()
System.Threading.Tasks.AwaitTaskContinuation:InvokeAction (object)
System.Threading.Tasks.AwaitTaskContinuation:RunCallback (System.Threading.ContextCallback,object,System.Threading.Tasks.Task&)
System.Threading.Tasks.SynchronizationContextAwaitTaskContinuation:Run (System.Threading.Tasks.Task,bool)
System.Threading.Tasks.Task:FinishContinuations ()
System.Threading.Tasks.Task:FinishStageThree ()
System.Threading.Tasks.Task`1<Unity.Cloud.IdentityEmbedded.UnityServicesToken>:TrySetResult (Unity.Cloud.IdentityEmbedded.UnityServicesToken)
System.Runtime.CompilerServices.AsyncTaskMethodBuilder`1<Unity.Cloud.IdentityEmbedded.UnityServicesToken>:SetResult (Unity.Cloud.IdentityEmbedded.UnityServicesToken)
Unity.Cloud.IdentityEmbedded.TargetClientIdTokenToUnityServicesTokenExchanger/<ExchangeAsync>d__4:MoveNext () (at ./Library/PackageCache/com.unity.asset-manager-for-unity@71c49222cba8/Embedded/Editor/com.unity.cloud.identity/Core/TokenExchange/TargetClientIdTokenToUnityServicesTokenExchanger.cs:43)
System.Runtime.CompilerServices.AsyncMethodBuilderCore/MoveNextRunner:InvokeMoveNext (object)
System.Threading.ExecutionContext:RunInternal (System.Threading.ExecutionContext,System.Threading.ContextCallback,object,bool)
System.Threading.ExecutionContext:Run (System.Threading.ExecutionContext,System.Threading.ContextCallback,object,bool)
System.Runtime.CompilerServices.AsyncMethodBuilderCore/MoveNextRunner:Run ()
System.Threading.Tasks.AwaitTaskContinuation:InvokeAction (object)
System.Threading.Tasks.AwaitTaskContinuation:RunCallback (System.Threading.ContextCallback,object,System.Threading.Tasks.Task&)
System.Threading.Tasks.SynchronizationContextAwaitTaskContinuation:Run (System.Threading.Tasks.Task,bool)
System.Threading.Tasks.Task:FinishContinuations ()
System.Threading.Tasks.Task:FinishStageThree ()
System.Threading.Tasks.Task`1<System.Net.Http.HttpResponseMessage>:TrySetResult (System.Net.Http.HttpResponseMessage)
System.Runtime.CompilerServices.AsyncTaskMethodBuilder`1<System.Net.Http.HttpResponseMessage>:SetResult (System.Net.Http.HttpResponseMessage)
Unity.Cloud.CommonEmbedded.HttpClientExtensions/<PostAsync>d__10:MoveNext () (at ./Library/PackageCache/com.unity.asset-manager-for-unity@71c49222cba8/Embedded/Editor/com.unity.cloud.common/Core/Networking/Http/HttpClientExtensions.cs:166)
System.Runtime.CompilerServices.AsyncMethodBuilderCore/MoveNextRunner:InvokeMoveNext (object)
System.Threading.ExecutionContext:RunInternal (System.Threading.ExecutionContext,System.Threading.ContextCallback,object,bool)
System.Threading.ExecutionContext:Run (System.Threading.ExecutionContext,System.Threading.ContextCallback,object,bool)
System.Runtime.CompilerServices.AsyncMethodBuilderCore/MoveNextRunner:Run ()
System.Threading.Tasks.AwaitTaskContinuation:InvokeAction (object)
System.Threading.Tasks.AwaitTaskContinuation:RunCallback (System.Threading.ContextCallback,object,System.Threading.Tasks.Task&)
System.Threading.Tasks.SynchronizationContextAwaitTaskContinuation:Run (System.Threading.Tasks.Task,bool)
System.Threading.Tasks.Task:FinishContinuations ()
System.Threading.Tasks.Task:FinishStageThree ()
System.Threading.Tasks.Task`1<System.Net.Http.HttpResponseMessage>:TrySetResult (System.Net.Http.HttpResponseMessage)
System.Runtime.CompilerServices.AsyncTaskMethodBuilder`1<System.Net.Http.HttpResponseMessage>:SetResult (System.Net.Http.HttpResponseMessage)
Unity.Cloud.CommonEmbedded.Runtime.UnityHttpClient/<SendAsync>d__9:MoveNext () (at ./Library/PackageCache/com.unity.asset-manager-for-unity@71c49222cba8/Embedded/Editor/com.unity.cloud.common/Runtime/Networking/Http/UnityHttpClient.cs:103)
System.Runtime.CompilerServices.AsyncMethodBuilderCore/MoveNextRunner:InvokeMoveNext (object)
System.Threading.ExecutionContext:RunInternal (System.Threading.ExecutionContext,System.Threading.ContextCallback,object,bool)
System.Threading.ExecutionContext:Run (System.Threading.ExecutionContext,System.Threading.ContextCallback,object,bool)
System.Runtime.CompilerServices.AsyncMethodBuilderCore/MoveNextRunner:Run ()
System.Threading.Tasks.AwaitTaskContinuation:InvokeAction (object)
System.Threading.Tasks.AwaitTaskContinuation:RunCallback (System.Threading.ContextCallback,object,System.Threading.Tasks.Task&)
System.Threading.Tasks.SynchronizationContextAwaitTaskContinuation:Run (System.Threading.Tasks.Task,bool)
System.Threading.Tasks.Task:FinishContinuations ()
System.Threading.Tasks.Task:FinishStageThree ()
System.Threading.Tasks.Task`1<System.Net.Http.HttpResponseMessage>:TrySetResult (System.Net.Http.HttpResponseMessage)
System.Runtime.CompilerServices.AsyncTaskMethodBuilder`1<System.Net.Http.HttpResponseMessage>:SetResult (System.Net.Http.HttpResponseMessage)
Unity.Cloud.CommonEmbedded.Runtime.LegacyRequestHandler/<RequestAsync>d__8:MoveNext () (at ./Library/PackageCache/com.unity.asset-manager-for-unity@71c49222cba8/Embedded/Editor/com.unity.cloud.common/Runtime/Networking/Http/LegacyRequestHandler.cs:55)
System.Runtime.CompilerServices.AsyncMethodBuilderCore/MoveNextRunner:InvokeMoveNext (object)
System.Threading.ExecutionContext:RunInternal (System.Threading.ExecutionContext,System.Threading.ContextCallback,object,bool)
System.Threading.ExecutionContext:Run (System.Threading.ExecutionContext,System.Threading.ContextCallback,object,bool)
System.Runtime.CompilerServices.AsyncMethodBuilderCore/MoveNextRunner:Run ()
System.Threading.Tasks.AwaitTaskContinuation:InvokeAction (object)
System.Threading.Tasks.AwaitTaskContinuation:RunCallback (System.Threading.ContextCallback,object,System.Threading.Tasks.Task&)
System.Threading.Tasks.SynchronizationContextAwaitTaskContinuation:Run (System.Threading.Tasks.Task,bool)
System.Threading.Tasks.Task:FinishContinuations ()
System.Threading.Tasks.Task:FinishStageThree ()
System.Threading.Tasks.Task`1<Unity.Cloud.CommonEmbedded.Runtime.LegacyRequestHandler/SafeHttpResponseMessageAccessor>:TrySetResult (Unity.Cloud.CommonEmbedded.Runtime.LegacyRequestHandler/SafeHttpResponseMessageAccessor)
System.Runtime.CompilerServices.AsyncTaskMethodBuilder`1<Unity.Cloud.CommonEmbedded.Runtime.LegacyRequestHandler/SafeHttpResponseMessageAccessor>:SetResult (Unity.Cloud.CommonEmbedded.Runtime.LegacyRequestHandler/SafeHttpResponseMessageAccessor)
Unity.Cloud.CommonEmbedded.Runtime.LegacyRequestHandler/<>c__DisplayClass8_0/<<RequestAsync>b__0>d:MoveNext () (at ./Library/PackageCache/com.unity.asset-manager-for-unity@71c49222cba8/Embedded/Editor/com.unity.cloud.common/Runtime/Networking/Http/LegacyRequestHandler.cs:49)
System.Runtime.CompilerServices.AsyncMethodBuilderCore/MoveNextRunner:InvokeMoveNext (object)
System.Threading.ExecutionContext:RunInternal (System.Threading.ExecutionContext,System.Threading.ContextCallback,object,bool)
System.Threading.ExecutionContext:Run (System.Threading.ExecutionContext,System.Threading.ContextCallback,object,bool)
System.Runtime.CompilerServices.AsyncMethodBuilderCore/MoveNextRunner:Run ()
System.Threading.Tasks.AwaitTaskContinuation:InvokeAction (object)
System.Threading.Tasks.AwaitTaskContinuation:RunCallback (System.Threading.ContextCallback,object,System.Threading.Tasks.Task&)
System.Threading.Tasks.SynchronizationContextAwaitTaskContinuation:Run (System.Threading.Tasks.Task,bool)
System.Threading.Tasks.Task:FinishContinuations ()
System.Threading.Tasks.Task:FinishStageThree ()
System.Threading.Tasks.Task`1<System.Threading.Tasks.VoidTaskResult>:TrySetResult (System.Threading.Tasks.VoidTaskResult)
System.Runtime.CompilerServices.AsyncTaskMethodBuilder`1<System.Threading.Tasks.VoidTaskResult>:SetResult (System.Threading.Tasks.VoidTaskResult)
System.Runtime.CompilerServices.AsyncTaskMethodBuilder`1<System.Threading.Tasks.VoidTaskResult>:SetResult (System.Threading.Tasks.Task`1<System.Threading.Tasks.VoidTaskResult>)
System.Runtime.CompilerServices.AsyncTaskMethodBuilder:SetResult ()
Unity.Cloud.CommonEmbedded.Runtime.LegacyRequestHandler/<HandleRequestWithRedirection>d__9:MoveNext () (at ./Library/PackageCache/com.unity.asset-manager-for-unity@71c49222cba8/Embedded/Editor/com.unity.cloud.common/Runtime/Networking/Http/LegacyRequestHandler.cs:93)
System.Runtime.CompilerServices.AsyncMethodBuilderCore/MoveNextRunner:InvokeMoveNext (object)
System.Threading.ExecutionContext:RunInternal (System.Threading.ExecutionContext,System.Threading.ContextCallback,object,bool)
System.Threading.ExecutionContext:Run (System.Threading.ExecutionContext,System.Threading.ContextCallback,object,bool)
System.Runtime.CompilerServices.AsyncMethodBuilderCore/MoveNextRunner:Run ()
System.Threading.Tasks.AwaitTaskContinuation:InvokeAction (object)
System.Threading.Tasks.AwaitTaskContinuation:RunCallback (System.Threading.ContextCallback,object,System.Threading.Tasks.Task&)
System.Threading.Tasks.SynchronizationContextAwaitTaskContinuation:Run (System.Threading.Tasks.Task,bool)
System.Threading.Tasks.Task:FinishContinuations ()
System.Threading.Tasks.Task:FinishStageThree ()
System.Threading.Tasks.Task`1<System.Threading.Tasks.VoidTaskResult>:TrySetResult (System.Threading.Tasks.VoidTaskResult)
System.Runtime.CompilerServices.AsyncTaskMethodBuilder`1<System.Threading.Tasks.VoidTaskResult>:SetResult (System.Threading.Tasks.VoidTaskResult)
System.Runtime.CompilerServices.AsyncTaskMethodBuilder`1<System.Threading.Tasks.VoidTaskResult>:SetResult (System.Threading.Tasks.Task`1<System.Threading.Tasks.VoidTaskResult>)
System.Runtime.CompilerServices.AsyncTaskMethodBuilder:SetResult ()
Unity.Cloud.CommonEmbedded.Runtime.LegacyRequestHandler/<ProcessRequestWithResponseContentReadOption>d__12:MoveNext () (at ./Library/PackageCache/com.unity.asset-manager-for-unity@71c49222cba8/Embedded/Editor/com.unity.cloud.common/Runtime/Networking/Http/LegacyRequestHandler.cs:136)
System.Runtime.CompilerServices.AsyncMethodBuilderCore/MoveNextRunner:InvokeMoveNext (object)
System.Threading.ExecutionContext:RunInternal (System.Threading.ExecutionContext,System.Threading.ContextCallback,object,bool)
System.Threading.ExecutionContext:Run (System.Threading.ExecutionContext,System.Threading.ContextCallback,object,bool)
System.Runtime.CompilerServices.AsyncMethodBuilderCore/MoveNextRunner:Run ()
System.Threading.Tasks.SynchronizationContextAwaitTaskContinuation/<>c:<.cctor>b__7_0 (object)
UnityEngine.UnitySynchronizationContext/WorkRequest:Invoke ()
UnityEngine.UnitySynchronizationContext:Exec ()
UnityEngine.UnitySynchronizationContext:ExecuteTasks ()

(Filename: ./Library/PackageCache/com.unity.asset-manager-for-unity@71c49222cba8/Embedded/Editor/com.unity.cloud.identity/Editor/UnityEditorServiceAuthorizer.cs Line: 206)

UPID Received 'c576347a-05d0-4fb0-a4ea-0708e3165bef'.
[Licensing::Client] Successfully resolved entitlement details
Worker ready: AssetImportWorkerHW0 0
TrimDiskCacheJob: Current cache size 0mb
Asset Pipeline Refresh (id=d060cb2814194fe4293443559ea9b75f): Total: 0.203 seconds - Initiated by RefreshV2(AllowForceSynchronousImport)
Start Indexing on Editor startup
[Indexing] Starting Initial Indexing for Assets
Scanning for USB devices : 1.612ms
Scanning for USB devices : 1.425ms
Scanning for USB devices : 47.376ms
Scanning for USB devices : 1.928ms
Scanning for USB devices : 2.331ms
Scanning for USB devices : 2.162ms
Scanning for USB devices : 2.242ms
Scanning for USB devices : 102.136ms
Scanning for USB devices : 2.709ms
Scanning for USB devices : 94.921ms
Scanning for USB devices : 3.569ms
Scanning for USB devices : 2.332ms
Scanning for USB devices : 6.274ms
Scanning for USB devices : 4.745ms
Scanning for USB devices : 4.822ms
Scanning for USB devices : 4.854ms
Scanning for USB devices : 4.068ms
Scanning for USB devices : 3.952ms
Scanning for USB devices : 8.336ms
Scanning for USB devices : 6.165ms
Scanning for USB devices : 5.673ms
Scanning for USB devices : 4.948ms
Scanning for USB devices : 5.600ms
Scanning for USB devices : 6.349ms
Scanning for USB devices : 6.028ms
Scanning for USB devices : 5.250ms
Scanning for USB devices : 5.525ms
Scanning for USB devices : 5.837ms
Scanning for USB devices : 5.869ms
Scanning for USB devices : 6.254ms
Scanning for USB devices : 5.045ms
Project ID request failed, Reason: The requested URL returned error: 401 (401).
Unknown Unity Connect error (400). Please contact support at support@unity.com while processing request "https://services.unity.com/api/unity/legacy/v1/projects/c576347a-05d0-4fb0-a4ea-0708e3165bef", HTTP error code 401
.[Licensing::Client] Successfully resolved entitlement details
Project ID request failed, Reason: The requested URL returned error: 401 (401).
Unknown Unity Connect error (400). Please contact support at support@unity.com while processing request "https://services.unity.com/api/unity/legacy/v1/projects/c576347a-05d0-4fb0-a4ea-0708e3165bef", HTTP error code 401
.[Licensing::Client] Successfully resolved entitlement details
[Licensing::Client] Successfully updated the access token
[Licensing::Module] Successfully updated access token: "msUN5QQr"... (expires: 2026-08-29T18:50:24Z)
Try refresh the unity services token.
UnityEngine.Debug:ExtractStackTraceNoAlloc (byte*,int,string)
UnityEngine.StackTraceUtility:ExtractStackTrace ()
UnityEngine.DebugLogHandler:Internal_Log (UnityEngine.LogType,UnityEngine.LogOption,string,UnityEngine.Object)
UnityEngine.DebugLogHandler:LogFormat (UnityEngine.LogType,UnityEngine.Object,string,object[])
UnityEngine.Logger:Log (UnityEngine.LogType,object)
UnityEngine.Debug:Log (object)
Unity.Cloud.IdentityEmbedded.Editor.UnityEditorServiceAuthorizer/<RefreshUnityTokenFromAccessTokenAsync>d__36:MoveNext () (at ./Library/PackageCache/com.unity.asset-manager-for-unity@71c49222cba8/Embedded/Editor/com.unity.cloud.identity/Editor/UnityEditorServiceAuthorizer.cs:191)
System.Runtime.CompilerServices.AsyncTaskMethodBuilder:Start<Unity.Cloud.IdentityEmbedded.Editor.UnityEditorServiceAuthorizer/<RefreshUnityTokenFromAccessTokenAsync>d__36> (Unity.Cloud.IdentityEmbedded.Editor.UnityEditorServiceAuthorizer/<RefreshUnityTokenFromAccessTokenAsync>d__36&)
Unity.Cloud.IdentityEmbedded.Editor.UnityEditorServiceAuthorizer:RefreshUnityTokenFromAccessTokenAsync ()
Unity.Cloud.IdentityEmbedded.Editor.UnityEditorServiceAuthorizer/<Update>d__35:MoveNext () (at ./Library/PackageCache/com.unity.asset-manager-for-unity@71c49222cba8/Embedded/Editor/com.unity.cloud.identity/Editor/UnityEditorServiceAuthorizer.cs:175)
System.Runtime.CompilerServices.AsyncVoidMethodBuilder:Start<Unity.Cloud.IdentityEmbedded.Editor.UnityEditorServiceAuthorizer/<Update>d__35> (Unity.Cloud.IdentityEmbedded.Editor.UnityEditorServiceAuthorizer/<Update>d__35&)
Unity.Cloud.IdentityEmbedded.Editor.UnityEditorServiceAuthorizer:Update ()
UnityEditor.EditorApplication:Internal_CallUpdateFunctions ()

(Filename: ./Library/PackageCache/com.unity.asset-manager-for-unity@71c49222cba8/Embedded/Editor/com.unity.cloud.identity/Editor/UnityEditorServiceAuthorizer.cs Line: 191)

Unity services token refreshed.
UnityEngine.Debug:ExtractStackTraceNoAlloc (byte*,int,string)
UnityEngine.StackTraceUtility:ExtractStackTrace ()
UnityEngine.DebugLogHandler:Internal_Log (UnityEngine.LogType,UnityEngine.LogOption,string,UnityEngine.Object)
UnityEngine.DebugLogHandler:LogFormat (UnityEngine.LogType,UnityEngine.Object,string,object[])
UnityEngine.Logger:Log (UnityEngine.LogType,object)
UnityEngine.Debug:Log (object)
Unity.Cloud.IdentityEmbedded.Editor.UnityEditorServiceAuthorizer/<RefreshUnityTokenFromAccessTokenAsync>d__36:MoveNext () (at ./Library/PackageCache/com.unity.asset-manager-for-unity@71c49222cba8/Embedded/Editor/com.unity.cloud.identity/Editor/UnityEditorServiceAuthorizer.cs:206)
System.Runtime.CompilerServices.AsyncMethodBuilderCore/MoveNextRunner:InvokeMoveNext (object)
System.Threading.ExecutionContext:RunInternal (System.Threading.ExecutionContext,System.Threading.ContextCallback,object,bool)
System.Threading.ExecutionContext:Run (System.Threading.ExecutionContext,System.Threading.ContextCallback,object,bool)
System.Runtime.CompilerServices.AsyncMethodBuilderCore/MoveNextRunner:Run ()
System.Threading.Tasks.AwaitTaskContinuation:InvokeAction (object)
System.Threading.Tasks.AwaitTaskContinuation:RunCallback (System.Threading.ContextCallback,object,System.Threading.Tasks.Task&)
System.Threading.Tasks.SynchronizationContextAwaitTaskContinuation:Run (System.Threading.Tasks.Task,bool)
System.Threading.Tasks.Task:FinishContinuations ()
System.Threading.Tasks.Task:FinishStageThree ()
System.Threading.Tasks.Task`1<System.Threading.Tasks.VoidTaskResult>:TrySetResult (System.Threading.Tasks.VoidTaskResult)
System.Runtime.CompilerServices.AsyncTaskMethodBuilder`1<System.Threading.Tasks.VoidTaskResult>:SetResult (System.Threading.Tasks.VoidTaskResult)
System.Runtime.CompilerServices.AsyncTaskMethodBuilder`1<System.Threading.Tasks.VoidTaskResult>:SetResult (System.Threading.Tasks.Task`1<System.Threading.Tasks.VoidTaskResult>)
System.Runtime.CompilerServices.AsyncTaskMethodBuilder:SetResult ()
Unity.Cloud.IdentityEmbedded.Editor.UnityEditorServiceAuthorizer/<RefreshUnityTokenAsync>d__38:MoveNext () (at ./Library/PackageCache/com.unity.asset-manager-for-unity@71c49222cba8/Embedded/Editor/com.unity.cloud.identity/Editor/UnityEditorServiceAuthorizer.cs:270)
System.Runtime.CompilerServices.AsyncMethodBuilderCore/MoveNextRunner:InvokeMoveNext (object)
System.Threading.ExecutionContext:RunInternal (System.Threading.ExecutionContext,System.Threading.ContextCallback,object,bool)
System.Threading.ExecutionContext:Run (System.Threading.ExecutionContext,System.Threading.ContextCallback,object,bool)
System.Runtime.CompilerServices.AsyncMethodBuilderCore/MoveNextRunner:Run ()
System.Threading.Tasks.AwaitTaskContinuation:InvokeAction (object)
System.Threading.Tasks.AwaitTaskContinuation:RunCallback (System.Threading.ContextCallback,object,System.Threading.Tasks.Task&)
System.Threading.Tasks.SynchronizationContextAwaitTaskContinuation:Run (System.Threading.Tasks.Task,bool)
System.Threading.Tasks.Task:FinishContinuations ()
System.Threading.Tasks.Task:FinishStageThree ()
System.Threading.Tasks.Task`1<Unity.Cloud.IdentityEmbedded.UnityServicesToken>:TrySetResult (Unity.Cloud.IdentityEmbedded.UnityServicesToken)
System.Runtime.CompilerServices.AsyncTaskMethodBuilder`1<Unity.Cloud.IdentityEmbedded.UnityServicesToken>:SetResult (Unity.Cloud.IdentityEmbedded.UnityServicesToken)
Unity.Cloud.IdentityEmbedded.TargetClientIdTokenToUnityServicesTokenExchanger/<ExchangeAsync>d__4:MoveNext () (at ./Library/PackageCache/com.unity.asset-manager-for-unity@71c49222cba8/Embedded/Editor/com.unity.cloud.identity/Core/TokenExchange/TargetClientIdTokenToUnityServicesTokenExchanger.cs:43)
System.Runtime.CompilerServices.AsyncMethodBuilderCore/MoveNextRunner:InvokeMoveNext (object)
System.Threading.ExecutionContext:RunInternal (System.Threading.ExecutionContext,System.Threading.ContextCallback,object,bool)
System.Threading.ExecutionContext:Run (System.Threading.ExecutionContext,System.Threading.ContextCallback,object,bool)
System.Runtime.CompilerServices.AsyncMethodBuilderCore/MoveNextRunner:Run ()
System.Threading.Tasks.AwaitTaskContinuation:InvokeAction (object)
System.Threading.Tasks.AwaitTaskContinuation:RunCallback (System.Threading.ContextCallback,object,System.Threading.Tasks.Task&)
System.Threading.Tasks.SynchronizationContextAwaitTaskContinuation:Run (System.Threading.Tasks.Task,bool)
System.Threading.Tasks.Task:FinishContinuations ()
System.Threading.Tasks.Task:FinishStageThree ()
System.Threading.Tasks.Task`1<System.Net.Http.HttpResponseMessage>:TrySetResult (System.Net.Http.HttpResponseMessage)
System.Runtime.CompilerServices.AsyncTaskMethodBuilder`1<System.Net.Http.HttpResponseMessage>:SetResult (System.Net.Http.HttpResponseMessage)
Unity.Cloud.CommonEmbedded.HttpClientExtensions/<PostAsync>d__10:MoveNext () (at ./Library/PackageCache/com.unity.asset-manager-for-unity@71c49222cba8/Embedded/Editor/com.unity.cloud.common/Core/Networking/Http/HttpClientExtensions.cs:166)
System.Runtime.CompilerServices.AsyncMethodBuilderCore/MoveNextRunner:InvokeMoveNext (object)
System.Threading.ExecutionContext:RunInternal (System.Threading.ExecutionContext,System.Threading.ContextCallback,object,bool)
System.Threading.ExecutionContext:Run (System.Threading.ExecutionContext,System.Threading.ContextCallback,object,bool)
System.Runtime.CompilerServices.AsyncMethodBuilderCore/MoveNextRunner:Run ()
System.Threading.Tasks.AwaitTaskContinuation:InvokeAction (object)
System.Threading.Tasks.AwaitTaskContinuation:RunCallback (System.Threading.ContextCallback,object,System.Threading.Tasks.Task&)
System.Threading.Tasks.SynchronizationContextAwaitTaskContinuation:Run (System.Threading.Tasks.Task,bool)
System.Threading.Tasks.Task:FinishContinuations ()
System.Threading.Tasks.Task:FinishStageThree ()
System.Threading.Tasks.Task`1<System.Net.Http.HttpResponseMessage>:TrySetResult (System.Net.Http.HttpResponseMessage)
System.Runtime.CompilerServices.AsyncTaskMethodBuilder`1<System.Net.Http.HttpResponseMessage>:SetResult (System.Net.Http.HttpResponseMessage)
Unity.Cloud.CommonEmbedded.Runtime.UnityHttpClient/<SendAsync>d__9:MoveNext () (at ./Library/PackageCache/com.unity.asset-manager-for-unity@71c49222cba8/Embedded/Editor/com.unity.cloud.common/Runtime/Networking/Http/UnityHttpClient.cs:103)
System.Runtime.CompilerServices.AsyncMethodBuilderCore/MoveNextRunner:InvokeMoveNext (object)
System.Threading.ExecutionContext:RunInternal (System.Threading.ExecutionContext,System.Threading.ContextCallback,object,bool)
System.Threading.ExecutionContext:Run (System.Threading.ExecutionContext,System.Threading.ContextCallback,object,bool)
System.Runtime.CompilerServices.AsyncMethodBuilderCore/MoveNextRunner:Run ()
System.Threading.Tasks.AwaitTaskContinuation:InvokeAction (object)
System.Threading.Tasks.AwaitTaskContinuation:RunCallback (System.Threading.ContextCallback,object,System.Threading.Tasks.Task&)
System.Threading.Tasks.SynchronizationContextAwaitTaskContinuation:Run (System.Threading.Tasks.Task,bool)
System.Threading.Tasks.Task:FinishContinuations ()
System.Threading.Tasks.Task:FinishStageThree ()
System.Threading.Tasks.Task`1<System.Net.Http.HttpResponseMessage>:TrySetResult (System.Net.Http.HttpResponseMessage)
System.Runtime.CompilerServices.AsyncTaskMethodBuilder`1<System.Net.Http.HttpResponseMessage>:SetResult (System.Net.Http.HttpResponseMessage)
Unity.Cloud.CommonEmbedded.Runtime.LegacyRequestHandler/<RequestAsync>d__8:MoveNext () (at ./Library/PackageCache/com.unity.asset-manager-for-unity@71c49222cba8/Embedded/Editor/com.unity.cloud.common/Runtime/Networking/Http/LegacyRequestHandler.cs:55)
System.Runtime.CompilerServices.AsyncMethodBuilderCore/MoveNextRunner:InvokeMoveNext (object)
System.Threading.ExecutionContext:RunInternal (System.Threading.ExecutionContext,System.Threading.ContextCallback,object,bool)
System.Threading.ExecutionContext:Run (System.Threading.ExecutionContext,System.Threading.ContextCallback,object,bool)
System.Runtime.CompilerServices.AsyncMethodBuilderCore/MoveNextRunner:Run ()
System.Threading.Tasks.AwaitTaskContinuation:InvokeAction (object)
System.Threading.Tasks.AwaitTaskContinuation:RunCallback (System.Threading.ContextCallback,object,System.Threading.Tasks.Task&)
System.Threading.Tasks.SynchronizationContextAwaitTaskContinuation:Run (System.Threading.Tasks.Task,bool)
System.Threading.Tasks.Task:FinishContinuations ()
System.Threading.Tasks.Task:FinishStageThree ()
System.Threading.Tasks.Task`1<Unity.Cloud.CommonEmbedded.Runtime.LegacyRequestHandler/SafeHttpResponseMessageAccessor>:TrySetResult (Unity.Cloud.CommonEmbedded.Runtime.LegacyRequestHandler/SafeHttpResponseMessageAccessor)
System.Runtime.CompilerServices.AsyncTaskMethodBuilder`1<Unity.Cloud.CommonEmbedded.Runtime.LegacyRequestHandler/SafeHttpResponseMessageAccessor>:SetResult (Unity.Cloud.CommonEmbedded.Runtime.LegacyRequestHandler/SafeHttpResponseMessageAccessor)
Unity.Cloud.CommonEmbedded.Runtime.LegacyRequestHandler/<>c__DisplayClass8_0/<<RequestAsync>b__0>d:MoveNext () (at ./Library/PackageCache/com.unity.asset-manager-for-unity@71c49222cba8/Embedded/Editor/com.unity.cloud.common/Runtime/Networking/Http/LegacyRequestHandler.cs:49)
System.Runtime.CompilerServices.AsyncMethodBuilderCore/MoveNextRunner:InvokeMoveNext (object)
System.Threading.ExecutionContext:RunInternal (System.Threading.ExecutionContext,System.Threading.ContextCallback,object,bool)
System.Threading.ExecutionContext:Run (System.Threading.ExecutionContext,System.Threading.ContextCallback,object,bool)
System.Runtime.CompilerServices.AsyncMethodBuilderCore/MoveNextRunner:Run ()
System.Threading.Tasks.AwaitTaskContinuation:InvokeAction (object)
System.Threading.Tasks.AwaitTaskContinuation:RunCallback (System.Threading.ContextCallback,object,System.Threading.Tasks.Task&)
System.Threading.Tasks.SynchronizationContextAwaitTaskContinuation:Run (System.Threading.Tasks.Task,bool)
System.Threading.Tasks.Task:FinishContinuations ()
System.Threading.Tasks.Task:FinishStageThree ()
System.Threading.Tasks.Task`1<System.Threading.Tasks.VoidTaskResult>:TrySetResult (System.Threading.Tasks.VoidTaskResult)
System.Runtime.CompilerServices.AsyncTaskMethodBuilder`1<System.Threading.Tasks.VoidTaskResult>:SetResult (System.Threading.Tasks.VoidTaskResult)
System.Runtime.CompilerServices.AsyncTaskMethodBuilder`1<System.Threading.Tasks.VoidTaskResult>:SetResult (System.Threading.Tasks.Task`1<System.Threading.Tasks.VoidTaskResult>)
System.Runtime.CompilerServices.AsyncTaskMethodBuilder:SetResult ()
Unity.Cloud.CommonEmbedded.Runtime.LegacyRequestHandler/<HandleRequestWithRedirection>d__9:MoveNext () (at ./Library/PackageCache/com.unity.asset-manager-for-unity@71c49222cba8/Embedded/Editor/com.unity.cloud.common/Runtime/Networking/Http/LegacyRequestHandler.cs:93)
System.Runtime.CompilerServices.AsyncMethodBuilderCore/MoveNextRunner:InvokeMoveNext (object)
System.Threading.ExecutionContext:RunInternal (System.Threading.ExecutionContext,System.Threading.ContextCallback,object,bool)
System.Threading.ExecutionContext:Run (System.Threading.ExecutionContext,System.Threading.ContextCallback,object,bool)
System.Runtime.CompilerServices.AsyncMethodBuilderCore/MoveNextRunner:Run ()
System.Threading.Tasks.AwaitTaskContinuation:InvokeAction (object)
System.Threading.Tasks.AwaitTaskContinuation:RunCallback (System.Threading.ContextCallback,object,System.Threading.Tasks.Task&)
System.Threading.Tasks.SynchronizationContextAwaitTaskContinuation:Run (System.Threading.Tasks.Task,bool)
System.Threading.Tasks.Task:FinishContinuations ()
System.Threading.Tasks.Task:FinishStageThree ()
System.Threading.Tasks.Task`1<System.Threading.Tasks.VoidTaskResult>:TrySetResult (System.Threading.Tasks.VoidTaskResult)
System.Runtime.CompilerServices.AsyncTaskMethodBuilder`1<System.Threading.Tasks.VoidTaskResult>:SetResult (System.Threading.Tasks.VoidTaskResult)
System.Runtime.CompilerServices.AsyncTaskMethodBuilder`1<System.Threading.Tasks.VoidTaskResult>:SetResult (System.Threading.Tasks.Task`1<System.Threading.Tasks.VoidTaskResult>)
System.Runtime.CompilerServices.AsyncTaskMethodBuilder:SetResult ()
Unity.Cloud.CommonEmbedded.Runtime.LegacyRequestHandler/<ProcessRequestWithResponseContentReadOption>d__12:MoveNext () (at ./Library/PackageCache/com.unity.asset-manager-for-unity@71c49222cba8/Embedded/Editor/com.unity.cloud.common/Runtime/Networking/Http/LegacyRequestHandler.cs:136)
System.Runtime.CompilerServices.AsyncMethodBuilderCore/MoveNextRunner:InvokeMoveNext (object)
System.Threading.ExecutionContext:RunInternal (System.Threading.ExecutionContext,System.Threading.ContextCallback,object,bool)
System.Threading.ExecutionContext:Run (System.Threading.ExecutionContext,System.Threading.ContextCallback,object,bool)
System.Runtime.CompilerServices.AsyncMethodBuilderCore/MoveNextRunner:Run ()
System.Threading.Tasks.SynchronizationContextAwaitTaskContinuation/<>c:<.cctor>b__7_0 (object)
UnityEngine.UnitySynchronizationContext/WorkRequest:Invoke ()
UnityEngine.UnitySynchronizationContext:Exec ()
UnityEngine.UnitySynchronizationContext:ExecuteTasks ()

(Filename: ./Library/PackageCache/com.unity.asset-manager-for-unity@71c49222cba8/Embedded/Editor/com.unity.cloud.identity/Editor/UnityEditorServiceAuthorizer.cs Line: 206)

[Licensing::Client] Successfully resolved entitlement details
UPID Received 'c576347a-05d0-4fb0-a4ea-0708e3165bef'.
[Licensing::Client] Successfully resolved entitlement details
[Licensing::Client] Successfully resolved entitlement details
Asset Pipeline Refresh (id=c16b471cb78d5e640980a60b2b53d470): Total: 0.251 seconds - Initiated by RefreshV2(AllowForceSynchronousImport)
Asset Pipeline Refresh (id=85718d7eaef1042448f3e7e4a166d499): Total: 0.038 seconds - Initiated by RefreshV2(AllowForceSynchronousImport)
Request Asset Garbage Collect because used heap size increased from 493.5 MB to 0.74 GB, exceeding the threshold of 256.0 MB.
Unloading 57 Unused Serialized files (Serialized files now loaded: 0)
Unloading 110 unused Assets / (17.2 MB). Loaded Objects now: 11601.
Memory consumption went from 0.74 GB to 0.72 GB.
Total: 789.451900 ms (FindLiveObjects: 22.464100 ms CreateObjectMapping: 1.789000 ms MarkObjects: 592.614700 ms  DeleteObjects: 172.218600 ms)

Asset Pipeline Refresh (id=eb553d1db091a1247b81e2fe4f84d3dd): Total: 0.023 seconds - Initiated by RefreshV2(AllowForceSynchronousImport)
Asset Pipeline Refresh (id=6ab4f5d0de47e7e4687153664ea538b8): Total: 0.026 seconds - Initiated by RefreshV2(AllowForceSynchronousImport)
Asset Pipeline Refresh (id=ca17bbabb96298c45ba1adf85817ed64): Total: 0.017 seconds - Initiated by RefreshV2(AllowForceSynchronousImport)
Asset Pipeline Refresh (id=cb26726202135dd4a85cbbd9d8071ab6): Total: 0.017 seconds - Initiated by RefreshV2(AllowForceSynchronousImport)
Asset Pipeline Refresh (id=c8a3be1e7de36894ab949ba8d9cea738): Total: 0.078 seconds - Initiated by RefreshV2(AllowForceSynchronousImport)
Asset Pipeline Refresh (id=3e0ebd39ea602c04689e7def1bfc9d17): Total: 0.010 seconds - Initiated by RefreshV2(AllowForceSynchronousImport)
Asset Pipeline Refresh (id=50058922940a90047b00f9d7e1200cc2): Total: 0.050 seconds - Initiated by RefreshV2(AllowForceSynchronousImport)
Asset Pipeline Refresh (id=53eb0213559a9de49a1f5fffb5d45832): Total: 0.015 seconds - Initiated by RefreshV2(AllowForceSynchronousImport)
Asset Pipeline Refresh (id=1ecfc230133d14e48917d949146c9abd): Total: 0.012 seconds - Initiated by RefreshV2(AllowForceSynchronousImport)
Importing 'GUID: 7e39a08a05a96fd4a85117ca3818e969 - Path: Assets/cabinet.png' with importer (TextureImporter)
Imported 'GUID: 7e39a08a05a96fd4a85117ca3818e969' -> (Import Result ID: '840e46ca877003b579cbb6f44298b7bd') in 1.470 seconds [static and dynamic dependencies]. Details - ImportResultOutputID=afe8581e714481e484186636d7d00803 DependenciesID=bd55603b5545631c7b5d9e206f21e1b9 StaticDependenciesID=2bb93fb2af51358661aeb75daf8f1532 
Refreshing native plugins compatible for Editor in 7.39 ms, found 5 plugins.

Asset Pipeline Refresh (id=e7f8b54902e248147bf75e7e5fa0b9dc): Total: 4.336 seconds - Initiated by StopAssetImportingV2(NoUpdateAssetOptions)
	(Values over 0.05ms)
	Summary:
		Imports: total=1 (actual=1, local cache=0, cache server=0)
		Asset DB Process Time: managed=398 ms, native=2740 ms
		Asset DB Callback time: managed=1027 ms, native=168 ms
		Scripting: domain reloads=0, domain reload time=0 ms, compile time=0 ms, other=0 ms
		Project Asset Count: scripts=2024, non-scripts=3340
		Asset File Changes: new=1, changed=1, moved=0, deleted=0
		Scan Filter Count: 2
	ApplyChangesToAssetFolders: 0.128ms
	Scan: 511.882ms
	Collect global state as custom dependencies: 0.326ms
	OnSourceAssetsModified: 20.544ms
	CategorizeScriptCompilationAssets: 0.831ms
	ProcessAssetsWithTransientArtifactChanges: 6.877ms
	CategorizeAssets: 319.780ms
	ImportOutOfDateAssets: 1894.924ms (300.981ms without children)
		ImportManagerImport: 1484.217ms (11.805ms without children)
		ReloadNativeAssets: 1.569ms
		UnloadImportedAssets: 0.162ms
		EnsureUptoDateAssetsAreRegisteredWithGuidPM: 0.793ms
		ImportSchedulerStart: 107.189ms
	PostProcessAllAssets: 1051.122ms
		XRBuildSystem.XRAssetImported 125.460ms
		PostProcessCallbackCreateDeferredMaterials 0.330ms
		AssemblyValidation.PostprocessAllAssets 0.321ms
		VCAutoAddAssetPostprocess 0.303ms
		RaytracingShaderImportPostprocess 0.286ms
		MonoPostProcessAllAssets: 915.953ms
			AssetPostprocessor.OnPostprocessAllAssets 488.786ms
			BuilderAssetPostprocessor.OnPostprocessAllAssets 60.089ms
			TMPro_TexturePostProcessor.OnPostprocessAllAssets 41.393ms
			ShaderGraphAssetPostProcessor.OnPostprocessAllAssets 33.358ms
			RetainedModeAssetPostprocessor.OnPostprocessAllAssets 28.113ms
			ArtifactBrowserPostProcessor.OnPostprocessAllAssets 27.095ms
			SpriteSlicePostprocessor.OnPostprocessAllAssets 16.331ms
			AssetChangedListener.OnPostprocessAllAssets 14.835ms
			TextAssetPostProcessor.OnPostprocessAllAssets 13.395ms
			SampleDependencyImporterPostProcessor.OnPostprocessAllAssets 12.019ms
			PostProcessor.OnPostprocessAllAssets 10.956ms
			UploadAssetPostprocessor.OnPostprocessAllAssets 10.457ms
			InputActionJsonNameModifierAssetProcessor.OnPostprocessAllAssets 8.997ms
			ScenarioDriftAssetsTracker.OnPostprocessAllAssets 8.143ms
			InputActionAssetPostprocessor.OnPostprocessAllAssets 7.217ms
			MaterialPostprocessor.OnPostprocessAllAssets 5.865ms
			UVCSAssetPostprocessor.OnPostprocessAllAssets 5.690ms
			SamplePostprocessor.OnPostprocessAllAssets 5.565ms
			SpriteEditorTexturePostprocessor.OnPostprocessAllAssets 5.375ms
			SpriteShapeAssetPostProcessor.OnPostprocessAllAssets 4.681ms
			AssetReloadNotifier.OnPostprocessAllAssets 4.613ms
			AudioMixerPostprocessor.OnPostprocessAllAssets 4.573ms
			AssetEvents.OnPostprocessAllAssets 3.729ms
			SpeedTreePostProcessor.OnPostprocessAllAssets 3.414ms
			ConfigAssetsTracker.OnPostprocessAllAssets 3.085ms
			PSDImportPostProcessor.OnPostprocessAllAssets 2.934ms
			SpriteLibraryAssetPostprocessor.OnPostprocessAllAssets 2.701ms
			StyleCatalogPostProcessor.OnPostprocessAllAssets 1.843ms
			UniversalRenderPipelineGlobalSettingsPostprocessor.OnPostprocessAllAssets 1.433ms
			RenderPipelineGlobalSettingsPostprocessor.OnPostprocessAllAssets 1.213ms
			AssetProcessor.OnPostprocessAllAssets 1.043ms
			AudioContainerPostProcessor.OnPostprocessAllAssets 0.791ms
			ProjectSettingsPostprocessor.OnPostprocessAllAssets 0.755ms
			WindowAssetPostprocessingWatcher.OnPostprocessAllAssets 0.668ms
			EditModeScopePostprocessor.OnPostprocessAllAssets 0.577ms
			PSDImporterAssetPostProcessor.OnPostprocessAllAssets 0.517ms
			ShaderReflectionAssetPostProcessor.OnPostprocessAllAssets 0.281ms
	PostAssetChangesProfiler: 125.129ms
	GatherAllCurrentPrimaryImportResultRevisions: 0.226ms
	PersistCurrentRevisions: 0.328ms
	Untracked: 403.609ms

Starting new worker id: 1 with log in F:/unity/ss/soul-seeker/Logs/AssetImportWorkerHW1.log
Asset Pipeline Refresh (id=68550117fd10b5f428be8d2f2c8ea9ce): Total: 0.150 seconds - Initiated by RefreshV2(AllowForceSynchronousImport)
[Worker0] Imported GUID: 7e39a08a05a96fd4a85117ca3818e969 - Path: Assets/cabinet.png - Importer: PreviewImporter -> (ImportResultId: '638f02d48c11893799112b6932084672') in 10.6342968 seconds
[Worker0] Imported GUID: 7e39a08a05a96fd4a85117ca3818e969 - Path: Assets/cabinet.png - Importer: ScriptedImporter/UnityEditor.QuickSearchModule:UnityEditor.Search:ASIAI0B -> (ImportResultId: '0f5ff2d372d7dd05a67f7f542d5ba552') in 0.6684572 seconds
Worker ready: AssetImportWorkerHW1 1
Asset Pipeline Refresh (id=6e2298aeec64e064c97206639a06feb1): Total: 0.186 seconds - Initiated by RefreshV2(AllowForceSynchronousImport)
Importing 'GUID: 37a3ebf2cbd62e144b1d74fd60554b12 - Path: Assets/pot.png' with importer (TextureImporter)
Imported 'GUID: 37a3ebf2cbd62e144b1d74fd60554b12' -> (Import Result ID: 'b7c11946ba10a9087aee29f1feb4ca5c') in 0.128 seconds [static and dynamic dependencies]. Details - ImportResultOutputID=a11e0e7d5fd217e14a7289f094760ed4 DependenciesID=2227c9cea0a6738b196218409d0686a9 StaticDependenciesID=9c9d474d8ca0f77bf8b3cffed8c63d1b 
Refreshing native plugins compatible for Editor in 3.70 ms, found 5 plugins.

Asset Pipeline Refresh (id=d42a33f548911a649a97dd99f4214465): Total: 0.319 seconds - Initiated by StopAssetImportingV2(NoUpdateAssetOptions)
	(Values over 0.05ms)
	Summary:
		Imports: total=1 (actual=1, local cache=0, cache server=0)
		Asset DB Process Time: managed=1 ms, native=272 ms
		Asset DB Callback time: managed=33 ms, native=11 ms
		Scripting: domain reloads=0, domain reload time=0 ms, compile time=0 ms, other=0 ms
		Project Asset Count: scripts=2024, non-scripts=3341
		Asset File Changes: new=1, changed=1, moved=0, deleted=0
		Scan Filter Count: 2
	ApplyChangesToAssetFolders: 0.149ms
	Scan: 56.755ms
	Collect global state as custom dependencies: 0.263ms
	OnSourceAssetsModified: 0.081ms
	ProcessAssetsWithTransientArtifactChanges: 0.137ms
	CategorizeAssets: 23.917ms
	ImportOutOfDateAssets: 184.949ms (11.330ms without children)
		ImportManagerImport: 132.731ms (0.319ms without children)
		UnloadImportedAssets: 0.178ms
		EnsureUptoDateAssetsAreRegisteredWithGuidPM: 0.719ms
		ImportSchedulerStart: 39.950ms
	PostProcessAllAssets: 31.890ms
		XRBuildSystem.XRAssetImported 5.553ms
		VCAutoAddAssetPostprocess 0.352ms
		MonoPostProcessAllAssets: 24.453ms
			AssetPostprocessor.OnPostprocessAllAssets 22.238ms
			SpriteSlicePostprocessor.OnPostprocessAllAssets 0.722ms
			ShaderGraphAssetPostProcessor.OnPostprocessAllAssets 0.286ms
			SpriteShapeAssetPostProcessor.OnPostprocessAllAssets 0.140ms
			AssetChangedListener.OnPostprocessAllAssets 0.125ms
			RenderPipelineGlobalSettingsPostprocessor.OnPostprocessAllAssets 0.119ms
			SpriteEditorTexturePostprocessor.OnPostprocessAllAssets 0.080ms
	PostAssetChangesProfiler: 13.034ms
	GatherAllCurrentPrimaryImportResultRevisions: 0.299ms
	PersistCurrentRevisions: 0.248ms
	Untracked: 6.914ms

[Worker1] Imported GUID: 37a3ebf2cbd62e144b1d74fd60554b12 - Path: Assets/pot.png - Importer: PreviewImporter -> (ImportResultId: 'ef2ef3439af841482be8a6c0aa657d9a') in 0.145139 seconds
[Worker0] Imported GUID: 37a3ebf2cbd62e144b1d74fd60554b12 - Path: Assets/pot.png - Importer: ScriptedImporter/UnityEditor.QuickSearchModule:UnityEditor.Search:ASIAI0B -> (ImportResultId: '6e61f988a57a9d689009e9a3c0837db5') in 0.1579305 seconds
Asset Pipeline Refresh (id=bf81f883f9d65b448aed38f993638330): Total: 0.053 seconds - Initiated by RefreshV2(AllowForceSynchronousImport)
Asset Pipeline Refresh (id=13024652acf1b164689c9f82e9361ead): Total: 0.018 seconds - Initiated by RefreshV2(AllowForceSynchronousImport)
Importing 'GUID: 3dd98dfa4fdce29438feaafb2e4d8766 - Path: Assets/nightstand.png' with importer (TextureImporter)
Imported 'GUID: 3dd98dfa4fdce29438feaafb2e4d8766' -> (Import Result ID: '0939a0dfd4ed4f9c650d94ca84b99961') in 0.099 seconds [static and dynamic dependencies]. Details - ImportResultOutputID=c925839450c596ff8114079a0dc24e63 DependenciesID=770c2f1c2c01adbf2aa997bb08c693fd StaticDependenciesID=50186f583bb30c171ce209370b74e8eb 
Refreshing native plugins compatible for Editor in 93.65 ms, found 5 plugins.

Asset Pipeline Refresh (id=c9c219c12bc80c742baaf7690b18d325): Total: 0.399 seconds - Initiated by RefreshV2(NoUpdateAssetOptions)
	(Values over 0.05ms)
	Summary:
		Imports: total=1 (actual=1, local cache=0, cache server=0)
		Asset DB Process Time: managed=1 ms, native=289 ms
		Asset DB Callback time: managed=7 ms, native=100 ms
		Scripting: domain reloads=0, domain reload time=0 ms, compile time=0 ms, other=0 ms
		Project Asset Count: scripts=2024, non-scripts=3342
		Asset File Changes: new=1, changed=1, moved=0, deleted=0
		Scan Filter Count: 0
	ApplyChangesToAssetFolders: 0.161ms
	Scan: 66.593ms
	Collect global state as custom dependencies: 0.218ms
	OnSourceAssetsModified: 0.065ms
	ProcessAssetsWithTransientArtifactChanges: 0.141ms
	CategorizeAssets: 23.031ms
	ImportOutOfDateAssets: 160.023ms (11.302ms without children)
		ImportManagerImport: 103.754ms (0.333ms without children)
		UnloadImportedAssets: 0.177ms
		EnsureUptoDateAssetsAreRegisteredWithGuidPM: 0.706ms
		ImportSchedulerStart: 44.036ms
	PostProcessAllAssets: 8.532ms
		XRBuildSystem.XRAssetImported 5.707ms
		MonoPostProcessAllAssets: 2.490ms
			SpriteSlicePostprocessor.OnPostprocessAllAssets 1.172ms
			ShaderGraphAssetPostProcessor.OnPostprocessAllAssets 0.302ms
			SpriteShapeAssetPostProcessor.OnPostprocessAllAssets 0.116ms
			SpriteEditorTexturePostprocessor.OnPostprocessAllAssets 0.095ms
			RenderPipelineGlobalSettingsPostprocessor.OnPostprocessAllAssets 0.085ms
			AssetPostprocessor.OnPostprocessAllAssets 0.084ms
			AssetChangedListener.OnPostprocessAllAssets 0.071ms
	PostAssetChangesProfiler: 99.533ms
	GatherAllCurrentPrimaryImportResultRevisions: 0.289ms
	PersistCurrentRevisions: 0.241ms
	Untracked: 40.571ms

[Worker0] Imported GUID: 3dd98dfa4fdce29438feaafb2e4d8766 - Path: Assets/nightstand.png - Importer: PreviewImporter -> (ImportResultId: '8505abc58ecbf91af11cebf1603a35af') in 0.1014224 seconds
[Worker1] Imported GUID: 3dd98dfa4fdce29438feaafb2e4d8766 - Path: Assets/nightstand.png - Importer: ScriptedImporter/UnityEditor.QuickSearchModule:UnityEditor.Search:ASIAI0B -> (ImportResultId: '0f77e91c789c88c6c9a0dc4af0705509') in 0.2045687 seconds
[Licensing::Client] Successfully resolved entitlement details
Asset Pipeline Refresh (id=ddfe5464c43397f49a435ad85a06574a): Total: 0.076 seconds - Initiated by RefreshV2(AllowForceSynchronousImport)
Importing 'GUID: 9137656df385f9b448c55b54fa1e6337 - Path: Assets/garden.prefab' with importer (PrefabImporter)
Imported 'GUID: 9137656df385f9b448c55b54fa1e6337' -> (Import Result ID: '22fefa913b6c3678b0c79b69c143aa19') in 0.064 seconds [static dependencies only]. Details - ImportResultOutputID=e5cfebd95da17f905d86396ea299a07d DependenciesID=6117bd3b9fd3f7e114a3222898e7c3b1 StaticDependenciesID=eba7d36fc0fdad54408f3323529dc9df 
Refreshing native plugins compatible for Editor in 38.15 ms, found 5 plugins.

Asset Pipeline Refresh (id=890c4d8e5b755eb4ba277e92c6e63487): Total: 0.347 seconds - Initiated by StopAssetImportingV2(NoUpdateAssetOptions)
	(Values over 0.05ms)
	Summary:
		Imports: total=1 (actual=1, local cache=0, cache server=0)
		Asset DB Process Time: managed=1 ms, native=240 ms
		Asset DB Callback time: managed=59 ms, native=46 ms
		Scripting: domain reloads=0, domain reload time=0 ms, compile time=0 ms, other=0 ms
		Project Asset Count: scripts=2024, non-scripts=3343
		Asset File Changes: new=1, changed=1, moved=0, deleted=0
		Scan Filter Count: 2
	ApplyChangesToAssetFolders: 0.192ms
	Scan: 57.163ms
	Collect global state as custom dependencies: 0.238ms
	OnSourceAssetsModified: 0.101ms
	ProcessAssetsWithTransientArtifactChanges: 1.244ms
	CategorizeAssets: 31.266ms
	ImportOutOfDateAssets: 135.695ms (18.374ms without children)
		ImportManagerImport: 69.703ms (1.563ms without children)
		ReloadNativeAssets: 0.080ms
		UnloadImportedAssets: 0.181ms
		EnsureUptoDateAssetsAreRegisteredWithGuidPM: 0.775ms
		ImportSchedulerStart: 46.567ms
	PostProcessAllAssets: 58.794ms
		XRBuildSystem.XRAssetImported 5.832ms
		MonoPostProcessAllAssets: 52.687ms
			AssetProcessor.OnPostprocessAllAssets 50.025ms
			SpriteShapeAssetPostProcessor.OnPostprocessAllAssets 0.541ms
			SpriteEditorTexturePostprocessor.OnPostprocessAllAssets 0.145ms
			AssetChangedListener.OnPostprocessAllAssets 0.132ms
			AssetPostprocessor.OnPostprocessAllAssets 0.130ms
			ShaderGraphAssetPostProcessor.OnPostprocessAllAssets 0.112ms
			RenderPipelineGlobalSettingsPostprocessor.OnPostprocessAllAssets 0.064ms
	PostAssetChangesProfiler: 46.941ms
	GatherAllCurrentPrimaryImportResultRevisions: 0.354ms
	UnloadStreamsBegin: 0.076ms
	PersistCurrentRevisions: 0.262ms
	Untracked: 15.005ms

Importing 'GUID: 9137656df385f9b448c55b54fa1e6337 - Path: Assets/garden.prefab' with importer (PrefabImporter)
Imported 'GUID: 9137656df385f9b448c55b54fa1e6337' -> (Import Result ID: '1400da79a0a589e026c52f0f8c01922f') in 0.014 seconds [static and dynamic dependencies]. Details - ImportResultOutputID=1cce934efc5b9ebf6301ba53b95b4107 DependenciesID=037f58610eeb4b066686f227091f3d7c StaticDependenciesID=05688030f0c1204cf8527a1413612217 
Refreshing native plugins compatible for Editor in 3.21 ms, found 5 plugins.
Asset Pipeline Refresh (id=1e0c7eefd968a154696cf4d4adfca2e5): Total: 0.244 seconds - Initiated by StopAssetImportingV2(NoUpdateAssetOptions)
Asset Pipeline Refresh (id=2874f988ecaac64459955694222100fe): Total: 0.070 seconds - Initiated by RefreshV2(NoUpdateAssetOptions)
[Worker1] Imported GUID: 9137656df385f9b448c55b54fa1e6337 - Path: Assets/garden.prefab - Importer: ScriptedImporter/UnityEditor.QuickSearchModule:UnityEditor.Search:ASIAI0B -> (ImportResultId: 'd5825d17380bdd60efc6daec6b64bdaf') in 0.4002277 seconds
[Worker0] Imported GUID: 9137656df385f9b448c55b54fa1e6337 - Path: Assets/garden.prefab - Importer: PreviewImporter -> (ImportResultId: 'ff3bc20e4b575fc90927ee598d84f610') in 1.8055518 seconds
Loaded scene 'Library/Unused/99def1ddc56aa9f48a802a413c48c23c'
	Deserialize:            1.108 ms
	Integration:            0.303 ms
	Integration of assets:  0.002 ms
	Thread Wait Time:       0.035 ms
	Total Operation Time:   1.448 ms
Unloading 5 Unused Serialized files (Serialized files now loaded: 0)
Unloading 35 unused Assets / (66.8 KB). Loaded Objects now: 11864.
Memory consumption went from 0.77 GB to 0.77 GB.
Total: 329.392100 ms (FindLiveObjects: 1.457200 ms CreateObjectMapping: 1.729800 ms MarkObjects: 325.702900 ms  DeleteObjects: 0.498000 ms)

Asset Pipeline Refresh (id=9f2a09a4b62e5ba46a25f6e3fe80e8e5): Total: 0.025 seconds - Initiated by RefreshV2(AllowForceSynchronousImport)
Importing 'GUID: ef586c6cdb983fe41ba51271d89b0c84 - Path: Assets/bg_garden.png' with importer (TextureImporter)
Imported 'GUID: ef586c6cdb983fe41ba51271d89b0c84' -> (Import Result ID: 'ce8b382ac463c1ef5bade19af17092cc') in 0.861 seconds [static and dynamic dependencies]. Details - ImportResultOutputID=496d163cd9d90d17fb7199feb1d996fe DependenciesID=240760c0cc6f32515f04a0e352209eca StaticDependenciesID=edc198124cf2d86d2a9ae459997c02d0 
Refreshing native plugins compatible for Editor in 3.61 ms, found 5 plugins.

Asset Pipeline Refresh (id=83ba94eae5182eb4c8d120961cfca017): Total: 1.188 seconds - Initiated by RefreshV2(NoUpdateAssetOptions)
	(Values over 0.05ms)
	Summary:
		Imports: total=1 (actual=1, local cache=0, cache server=0)
		Asset DB Process Time: managed=2 ms, native=1023 ms
		Asset DB Callback time: managed=116 ms, native=45 ms
		Scripting: domain reloads=0, domain reload time=0 ms, compile time=0 ms, other=0 ms
		Project Asset Count: scripts=2024, non-scripts=3344
		Asset File Changes: new=1, changed=1, moved=0, deleted=0
		Scan Filter Count: 0
	ApplyChangesToAssetFolders: 0.132ms
	Scan: 68.720ms
	Collect global state as custom dependencies: 0.278ms
	OnSourceAssetsModified: 0.056ms
	ProcessAssetsWithTransientArtifactChanges: 0.165ms
	CategorizeAssets: 23.169ms
	ImportOutOfDateAssets: 920.705ms (12.105ms without children)
		ImportManagerImport: 863.891ms (0.343ms without children)
		UnloadImportedAssets: 0.118ms
		EnsureUptoDateAssetsAreRegisteredWithGuidPM: 0.789ms
		ImportSchedulerStart: 43.748ms
	PostProcessAllAssets: 113.998ms
		XRBuildSystem.XRAssetImported 41.015ms
		MonoPostProcessAllAssets: 72.530ms
			AssetProcessor.OnPostprocessAllAssets 68.312ms
			SpriteSlicePostprocessor.OnPostprocessAllAssets 0.695ms
			SpriteShapeAssetPostProcessor.OnPostprocessAllAssets 0.419ms
			ShaderGraphAssetPostProcessor.OnPostprocessAllAssets 0.334ms
			AssetChangedListener.OnPostprocessAllAssets 0.133ms
			SpriteEditorTexturePostprocessor.OnPostprocessAllAssets 0.126ms
			RenderPipelineGlobalSettingsPostprocessor.OnPostprocessAllAssets 0.085ms
			AssetPostprocessor.OnPostprocessAllAssets 0.076ms
			TerrainToolbarOverlayPostProcessor.OnPostprocessAllAssets 0.062ms
	PostAssetChangesProfiler: 48.102ms
	GatherAllCurrentPrimaryImportResultRevisions: 0.236ms
	PersistCurrentRevisions: 0.257ms
	Untracked: 12.035ms

[Worker1] Imported GUID: ef586c6cdb983fe41ba51271d89b0c84 - Path: Assets/bg_garden.png - Importer: PreviewImporter -> (ImportResultId: 'b926b454da77276e7bf8e11a3f4ee6d1') in 0.1170024 seconds
[Worker0] Imported GUID: ef586c6cdb983fe41ba51271d89b0c84 - Path: Assets/bg_garden.png - Importer: ScriptedImporter/UnityEditor.QuickSearchModule:UnityEditor.Search:ASIAI0B -> (ImportResultId: '28a3c2241e326d7a16d69863484d508d') in 0.0470174 seconds
Palette Asset garden was changed outside of the Tile Palette. All changes in the Tile Palette made will be reverted.
UnityEngine.Debug:ExtractStackTraceNoAlloc (byte*,int,string)
UnityEngine.StackTraceUtility:ExtractStackTrace ()
UnityEngine.DebugLogHandler:Internal_Log (UnityEngine.LogType,UnityEngine.LogOption,string,UnityEngine.Object)
UnityEngine.DebugLogHandler:LogFormat (UnityEngine.LogType,UnityEngine.Object,string,object[])
UnityEngine.Logger:LogFormat (UnityEngine.LogType,UnityEngine.Object,string,object[])
UnityEngine.Debug:LogWarningFormat (UnityEngine.Object,string,object[])
UnityEditor.Tilemaps.GridPaintPaletteClipboard:CheckRevertIfChanged (string[]) (at ./Library/PackageCache/com.unity.2d.tilemap@b959501fd678/Editor/GridPaintPaletteClipboard.cs:2359)
UnityEditor.Tilemaps.GridPaintPaletteClipboard/PaletteAssetModificationProcessor:SavePalettesIfRequired (string[]) (at ./Library/PackageCache/com.unity.2d.tilemap@b959501fd678/Editor/GridPaintPaletteClipboard.cs:2483)
UnityEditor.Tilemaps.GridPaintPaletteClipboard/PaletteAssetModificationProcessor:OnWillSaveAssets (string[]) (at ./Library/PackageCache/com.unity.2d.tilemap@b959501fd678/Editor/GridPaintPaletteClipboard.cs:2470)
System.Reflection.RuntimeMethodInfo:Invoke (object,System.Reflection.BindingFlags,System.Reflection.Binder,object[],System.Globalization.CultureInfo)
System.Reflection.MethodBase:Invoke (object,object[])
UnityEditor.AssetModificationProcessorInternal:OnWillSaveAssets (string[],string[]&,string[]&,bool)
UnityEditor.PrefabUtility:SaveAsPrefabAsset_Internal (UnityEngine.GameObject,string,bool&)
UnityEditor.PrefabUtility:SaveAsPrefabAsset (UnityEngine.GameObject,string,bool&)
UnityEditor.SceneManagement.PrefabStage:SavePrefab ()
UnityEditor.SceneManagement.PrefabStage:Save ()
UnityEditor.SceneManagement.PrefabStage:AutoSave ()
UnityEditor.SceneManagement.PrefabStage:HandleAutoSave ()
UnityEditor.SceneManagement.PrefabStage:Tick ()
UnityEditor.SceneManagement.StageNavigationManager:ValidateAndTickStages (bool)
UnityEditor.SceneManagement.StageNavigationManager:Update ()
UnityEditor.EditorApplication:Internal_CallUpdateFunctions ()

(Filename: ./Library/PackageCache/com.unity.2d.tilemap@b959501fd678/Editor/GridPaintPaletteClipboard.cs Line: 2359)

Importing 'GUID: 9137656df385f9b448c55b54fa1e6337 - Path: Assets/garden.prefab' with importer (PrefabImporter)
Imported 'GUID: 9137656df385f9b448c55b54fa1e6337' -> (Import Result ID: '4c1ef8e1a3fc95ab00be4dff1078b57b') in 0.017 seconds [static and dynamic dependencies]. Details - ImportResultOutputID=d7ee5b2237e0640bcbe6806a08d6e49c DependenciesID=4dbdba26a4dca8ee11ff3de976e41835 StaticDependenciesID=5908a02439a567ebdbc35bb4c4b3665b 
Refreshing native plugins compatible for Editor in 3.35 ms, found 5 plugins.
Asset Pipeline Refresh (id=bdf0f2a84b3107449a7c391f540adef8): Total: 0.197 seconds - Initiated by StopAssetImportingV2(NoUpdateAssetOptions)
[Worker1] Imported GUID: 9137656df385f9b448c55b54fa1e6337 - Path: Assets/garden.prefab - Importer: PreviewImporter -> (ImportResultId: '0a41475855366ee7599d12cbd641f627') in 0.8964434 seconds
[Worker0] Imported GUID: 9137656df385f9b448c55b54fa1e6337 - Path: Assets/garden.prefab - Importer: ScriptedImporter/UnityEditor.QuickSearchModule:UnityEditor.Search:ASIAI0B -> (ImportResultId: 'c7ba70d696aade80d7d3f59b0e906f69') in 0.1420996 seconds
Unloading 3 Unused Serialized files (Serialized files now loaded: 0)
Unloading 31 unused Assets / (2.7 KB). Loaded Objects now: 11826.
Memory consumption went from 0.75 GB to 0.75 GB.
Total: 30.614300 ms (FindLiveObjects: 1.274900 ms CreateObjectMapping: 1.817400 ms MarkObjects: 27.388300 ms  DeleteObjects: 0.131200 ms)

Importing 'GUID: 752d6e04701f9864b967294ba833ee56 - Path: Assets/bg_garden_0.asset' with importer (NativeFormatImporter)
Imported 'GUID: 752d6e04701f9864b967294ba833ee56' -> (Import Result ID: 'ed34507b11a17a064695fce137c6c1e8') in 0.003 seconds [static dependencies only]. Details - ImportResultOutputID=3157a42953cbc8b8858838a8a970f9d9 DependenciesID=e6a45aff5fc59b435ecfa97cf8ff1887 StaticDependenciesID=b5cb99a76b3f63234daaaa545f67efb5 
Importing 'GUID: 9137656df385f9b448c55b54fa1e6337 - Path: Assets/garden.prefab' with importer (PrefabImporter)
Imported 'GUID: 9137656df385f9b448c55b54fa1e6337' -> (Import Result ID: '09c17a8285176f6ffc0fdef514ac93fc') in 0.019 seconds [static and dynamic dependencies]. Details - ImportResultOutputID=fccaf3a7a1ced88833222b051a5f499f DependenciesID=f7599e1a6d7c1e12dbc698c6605a2d26 StaticDependenciesID=9e260431465b35c25af1f1f41cc4414a 
Refreshing native plugins compatible for Editor in 3.35 ms, found 5 plugins.

Asset Pipeline Refresh (id=f9a50db650eb8904ab6d99139e7ef2d1): Total: 0.307 seconds - Initiated by StopAssetImportingV2(NoUpdateAssetOptions)
	(Values over 0.05ms)
	Summary:
		Imports: total=2 (actual=2, local cache=0, cache server=0)
		Asset DB Process Time: managed=0 ms, native=232 ms
		Asset DB Callback time: managed=57 ms, native=16 ms
		Scripting: domain reloads=0, domain reload time=0 ms, compile time=0 ms, other=0 ms
		Project Asset Count: scripts=2024, non-scripts=3345
		Asset File Changes: new=1, changed=2, moved=0, deleted=0
		Scan Filter Count: 3
	ApplyChangesToAssetFolders: 0.223ms
	Scan: 90.032ms
	Collect global state as custom dependencies: 0.501ms
	OnSourceAssetsModified: 0.069ms
	ProcessAssetsWithTransientArtifactChanges: 0.452ms
	CategorizeAssets: 29.585ms
	ImportOutOfDateAssets: 88.830ms (14.465ms without children)
		ImportManagerImport: 27.267ms (0.658ms without children)
			UpdateCategorizedAssets: 0.056ms
		ReloadNativeAssets: 0.058ms
		UnloadImportedAssets: 0.297ms
		ReloadImportedAssets: 0.496ms
		EnsureUptoDateAssetsAreRegisteredWithGuidPM: 1.489ms
		ImportSchedulerStart: 45.249ms
	PostProcessAllAssets: 61.994ms
		XRBuildSystem.XRAssetImported 12.171ms
		MonoPostProcessAllAssets: 49.407ms
			AssetProcessor.OnPostprocessAllAssets 47.444ms
			AssetChangedListener.OnPostprocessAllAssets 0.625ms
			ShaderGraphAssetPostProcessor.OnPostprocessAllAssets 0.169ms
			SpriteEditorTexturePostprocessor.OnPostprocessAllAssets 0.155ms
			SpriteShapeAssetPostProcessor.OnPostprocessAllAssets 0.127ms
			AssetPostprocessor.OnPostprocessAllAssets 0.074ms
			RenderPipelineGlobalSettingsPostprocessor.OnPostprocessAllAssets 0.057ms
	PostAssetChangesProfiler: 11.983ms
	GatherAllCurrentPrimaryImportResultRevisions: 0.315ms
	UnloadStreamsBegin: 0.085ms
	PersistCurrentRevisions: 0.333ms
	Untracked: 8.451ms

Asset Pipeline Refresh (id=ec16e326c6627594b870d360d54e59e9): Total: 0.056 seconds - Initiated by RefreshV2(NoUpdateAssetOptions)
Importing 'GUID: 9137656df385f9b448c55b54fa1e6337 - Path: Assets/garden.prefab' with importer (PrefabImporter)
Imported 'GUID: 9137656df385f9b448c55b54fa1e6337' -> (Import Result ID: 'e08784c22162a998a50eef811512794b') in 0.026 seconds [static and dynamic dependencies]. Details - ImportResultOutputID=42e78a39c0f1e0c34d9a5a76664e2b2a DependenciesID=d15d80bb305eb7b7c4b8dc37f070ef92 StaticDependenciesID=002a4c5141b7ca861099b17312252a3e 
Refreshing native plugins compatible for Editor in 2.90 ms, found 5 plugins.
Asset Pipeline Refresh (id=81cd1b76cf48912479056775e6ccd054): Total: 0.233 seconds - Initiated by StopAssetImportingV2(NoUpdateAssetOptions)
[Worker1] Imported GUID: 9137656df385f9b448c55b54fa1e6337 - Path: Assets/garden.prefab - Importer: PreviewImporter -> (ImportResultId: '1e901218085c2a6a71c13a5a3ba8ac85') in 0.05912 seconds
[Worker0] Imported GUID: 752d6e04701f9864b967294ba833ee56 - Path: Assets/bg_garden_0.asset - Importer: PreviewImporter -> (ImportResultId: '16c3bf3f27a0b41798321c4163390f1d') in 0.0734686 seconds
[Worker1] Imported GUID: 9137656df385f9b448c55b54fa1e6337 - Path: Assets/garden.prefab - Importer: ScriptedImporter/UnityEditor.QuickSearchModule:UnityEditor.Search:ASIAI0B -> (ImportResultId: '95ed9e5222d3fc348067d1fb6b78604c') in 0.0374679 seconds
[Worker0] Imported GUID: 752d6e04701f9864b967294ba833ee56 - Path: Assets/bg_garden_0.asset - Importer: ScriptedImporter/UnityEditor.QuickSearchModule:UnityEditor.Search:ASIAI0B -> (ImportResultId: '5343fc1c4e86e72af20aa4688d8e43a8') in 0.069407 seconds
Importing 'GUID: 44f09b0ee79fba048af5c3ce8f9f7c6d - Path: Assets/miniwall.png' with importer (TextureImporter)
Imported 'GUID: 44f09b0ee79fba048af5c3ce8f9f7c6d' -> (Import Result ID: '62acfd52e9378dc5bf26e0756076cd60') in 0.117 seconds [static and dynamic dependencies]. Details - ImportResultOutputID=b88afd6a93231baee081e87d0f20abda DependenciesID=cfec6cfa70e3e4c8d0f31d76a2c0ac8f StaticDependenciesID=147c0c28bce4e8e81a9bff167faca17e 
Refreshing native plugins compatible for Editor in 71.44 ms, found 5 plugins.

Asset Pipeline Refresh (id=8deac50baa8479d4ab58ffa6ec58351c): Total: 0.507 seconds - Initiated by RefreshV2(NoUpdateAssetOptions)
	(Values over 0.05ms)
	Summary:
		Imports: total=1 (actual=1, local cache=0, cache server=0)
		Asset DB Process Time: managed=1 ms, native=419 ms
		Asset DB Callback time: managed=8 ms, native=77 ms
		Scripting: domain reloads=0, domain reload time=0 ms, compile time=0 ms, other=0 ms
		Project Asset Count: scripts=2024, non-scripts=3346
		Asset File Changes: new=1, changed=1, moved=0, deleted=0
		Scan Filter Count: 0
	ApplyChangesToAssetFolders: 0.209ms
	Scan: 185.549ms
	Collect global state as custom dependencies: 0.244ms
	OnSourceAssetsModified: 0.075ms
	ProcessAssetsWithTransientArtifactChanges: 0.141ms
	CategorizeAssets: 22.844ms
	ImportOutOfDateAssets: 178.393ms (12.691ms without children)
		ImportManagerImport: 122.397ms (0.303ms without children)
		UnloadImportedAssets: 0.178ms
		EnsureUptoDateAssetsAreRegisteredWithGuidPM: 0.745ms
		ImportSchedulerStart: 42.331ms
	PostProcessAllAssets: 9.439ms
		XRBuildSystem.XRAssetImported 5.494ms
		MonoPostProcessAllAssets: 3.649ms
			AssetChangedListener.OnPostprocessAllAssets 1.111ms
			SpriteSlicePostprocessor.OnPostprocessAllAssets 0.920ms
			RenderPipelineGlobalSettingsPostprocessor.OnPostprocessAllAssets 0.384ms
			ShaderGraphAssetPostProcessor.OnPostprocessAllAssets 0.374ms
			SpriteShapeAssetPostProcessor.OnPostprocessAllAssets 0.131ms
			SpriteEditorTexturePostprocessor.OnPostprocessAllAssets 0.112ms
			AssetPostprocessor.OnPostprocessAllAssets 0.068ms
	PostAssetChangesProfiler: 76.934ms
	GatherAllCurrentPrimaryImportResultRevisions: 3.697ms
	UnloadStreamsBegin: 2.736ms
	PersistCurrentRevisions: 0.245ms
	Untracked: 26.835ms

[Worker0] Imported GUID: 44f09b0ee79fba048af5c3ce8f9f7c6d - Path: Assets/miniwall.png - Importer: PreviewImporter -> (ImportResultId: '958714314674671cf208f5c33c8c11c4') in 0.0806546 seconds
[Worker0] Imported GUID: 44f09b0ee79fba048af5c3ce8f9f7c6d - Path: Assets/miniwall.png - Importer: ScriptedImporter/UnityEditor.QuickSearchModule:UnityEditor.Search:ASIAI0B -> (ImportResultId: '5d16e4f664856abeb28c84497590c620') in 0.0476858 seconds
Asset Pipeline Refresh (id=576e64d9e1ba341459e7d511ab3d938e): Total: 0.079 seconds - Initiated by RefreshV2(AllowForceSynchronousImport)
Importing 'GUID: 2d65bfca586946846860449644d682e1 - Path: Assets/New Palette.prefab' with importer (PrefabImporter)
Imported 'GUID: 2d65bfca586946846860449644d682e1' -> (Import Result ID: 'a0c742dcf24ad101b6857d77bf443db0') in 0.024 seconds [static dependencies only]. Details - ImportResultOutputID=1414b84dbb3df486b428ec72faa275b9 DependenciesID=73ba4a9185b81e13f2a43523017b398c StaticDependenciesID=fc22590a9249f9d040f19e4b19416180 
Refreshing native plugins compatible for Editor in 2.59 ms, found 5 plugins.
Asset Pipeline Refresh (id=d163a6ff59e063f4b956b9fd2b1572af): Total: 0.217 seconds - Initiated by StopAssetImportingV2(NoUpdateAssetOptions)
Importing 'GUID: 2d65bfca586946846860449644d682e1 - Path: Assets/New Palette.prefab' with importer (PrefabImporter)
Imported 'GUID: 2d65bfca586946846860449644d682e1' -> (Import Result ID: '4aa45b745774afabfa7b13e538365e1c') in 0.016 seconds [static and dynamic dependencies]. Details - ImportResultOutputID=3c3af894a9527db4f531761208d2afac DependenciesID=773d2fa9d68ae93c1652c125ef36441f StaticDependenciesID=73304c63b7d62fce09bbd92ba9a768e1 
Refreshing native plugins compatible for Editor in 2.66 ms, found 5 plugins.

Asset Pipeline Refresh (id=c5040af90716e7a479fe1d241dc7db0b): Total: 0.503 seconds - Initiated by StopAssetImportingV2(NoUpdateAssetOptions)
	(Values over 0.05ms)
	Summary:
		Imports: total=1 (actual=1, local cache=0, cache server=0)
		Asset DB Process Time: managed=0 ms, native=142 ms
		Asset DB Callback time: managed=350 ms, native=9 ms
		Scripting: domain reloads=0, domain reload time=0 ms, compile time=0 ms, other=0 ms
		Project Asset Count: scripts=2024, non-scripts=3347
		Asset File Changes: new=0, changed=1, moved=0, deleted=0
		Scan Filter Count: 2
	ApplyChangesToAssetFolders: 0.137ms
	Scan: 43.130ms
	Collect global state as custom dependencies: 0.240ms
	ProcessAssetsWithTransientArtifactChanges: 0.139ms
	CategorizeAssets: 21.553ms
	ImportOutOfDateAssets: 72.492ms (11.393ms without children)
		ImportManagerImport: 19.036ms (0.543ms without children)
		UnloadImportedAssets: 0.245ms
		ReloadImportedAssets: 0.399ms
		EnsureUptoDateAssetsAreRegisteredWithGuidPM: 0.713ms
		ImportSchedulerStart: 41.066ms
	PostProcessAllAssets: 88.960ms
		XRBuildSystem.XRAssetImported 5.472ms
		MonoPostProcessAllAssets: 83.225ms
			AssetProcessor.OnPostprocessAllAssets 81.944ms
			ArtifactBrowserPostProcessor.OnPostprocessAllAssets 0.349ms
			SpriteShapeAssetPostProcessor.OnPostprocessAllAssets 0.133ms
			SpriteEditorTexturePostprocessor.OnPostprocessAllAssets 0.120ms
			AssetPostprocessor.OnPostprocessAllAssets 0.062ms
			RenderPipelineGlobalSettingsPostprocessor.OnPostprocessAllAssets 0.052ms
			AssetChangedListener.OnPostprocessAllAssets 0.052ms
	PostAssetChangesProfiler: 271.021ms
	GatherAllCurrentPrimaryImportResultRevisions: 0.259ms
	PersistCurrentRevisions: 0.258ms
	Untracked: 4.420ms

Asset Pipeline Refresh (id=f2bc40b2f13a4e342a74e5dc6f281744): Total: 0.051 seconds - Initiated by RefreshV2(NoUpdateAssetOptions)
[Worker0] Imported GUID: 2d65bfca586946846860449644d682e1 - Path: Assets/New Palette.prefab - Importer: PreviewImporter -> (ImportResultId: '0d5115bebc602f8f2c82aac662a0cad7') in 0.2378302 seconds
[Worker0] Imported GUID: 2d65bfca586946846860449644d682e1 - Path: Assets/New Palette.prefab - Importer: ScriptedImporter/UnityEditor.QuickSearchModule:UnityEditor.Search:ASIAI0B -> (ImportResultId: 'c2af79c689c6fb12c7a7cfb20ed4b5f1') in 0.3144144 seconds
Importing 'GUID: 55147e7a45371a247b1747854b43dbd3 - Path: Assets/miniwall_0.asset' with importer (NativeFormatImporter)
Imported 'GUID: 55147e7a45371a247b1747854b43dbd3' -> (Import Result ID: '9ad319af067848a1677cba91e54ea2e6') in 0.001 seconds [static dependencies only]. Details - ImportResultOutputID=32327aebada136adcc54c3855376f367 DependenciesID=00c17393225b8e7d9094680b05eb0a7e StaticDependenciesID=fda0afc8120faa88a77f9375ec769c10 
Refreshing native plugins compatible for Editor in 3.09 ms, found 5 plugins.
Asset Pipeline Refresh (id=0e5050e55ffb99440bb54c634edf0ec2): Total: 0.196 seconds - Initiated by StopAssetImportingV2(NoUpdateAssetOptions)
Asset Pipeline Refresh (id=ddcebf4576d1ade449b358ae06a22b9f): Total: 0.054 seconds - Initiated by RefreshV2(NoUpdateAssetOptions)
Importing 'GUID: 2d65bfca586946846860449644d682e1 - Path: Assets/New Palette.prefab' with importer (PrefabImporter)
Imported 'GUID: 2d65bfca586946846860449644d682e1' -> (Import Result ID: 'aa844608acaf65b5b5b82cda81c472fd') in 0.015 seconds [static and dynamic dependencies]. Details - ImportResultOutputID=b9804c3fc7a6164e461ab8b0e6e6f58a DependenciesID=ea88f9b8888b89c5af515216183ec5f0 StaticDependenciesID=9e5d815a9eb477e102594021348c8bee 
Refreshing native plugins compatible for Editor in 3.61 ms, found 5 plugins.
Asset Pipeline Refresh (id=b61dc5e3baa3ccb47a222984f6c3e82d): Total: 0.174 seconds - Initiated by StopAssetImportingV2(NoUpdateAssetOptions)
[Worker0] Imported GUID: 55147e7a45371a247b1747854b43dbd3 - Path: Assets/miniwall_0.asset - Importer: ScriptedImporter/UnityEditor.QuickSearchModule:UnityEditor.Search:ASIAI0B -> (ImportResultId: '5fcccba167cd522163235fbc3cdd3710') in 0.0377431 seconds
[Worker1] Imported GUID: 2d65bfca586946846860449644d682e1 - Path: Assets/New Palette.prefab - Importer: ScriptedImporter/UnityEditor.QuickSearchModule:UnityEditor.Search:ASIAI0B -> (ImportResultId: '1f99d005d02ead00b6ba9c2348e6ce16') in 0.0495243 seconds
[Worker0] Imported GUID: 2d65bfca586946846860449644d682e1 - Path: Assets/New Palette.prefab - Importer: PreviewImporter -> (ImportResultId: '2068ef490126552f2707523f0fd5d2e2') in 0.0699463 seconds
[Worker1] Imported GUID: 55147e7a45371a247b1747854b43dbd3 - Path: Assets/miniwall_0.asset - Importer: PreviewImporter -> (ImportResultId: '0fc7124f11b27ffe27d9e788a20c0b8e') in 0.0777516 seconds
Importing 'GUID: 2d65bfca586946846860449644d682e1 - Path: Assets/New Palette.prefab' with importer (PrefabImporter)
Imported 'GUID: 2d65bfca586946846860449644d682e1' -> (Import Result ID: '752ef5d728ec8975483a1d992fe911f1') in 0.018 seconds [static and dynamic dependencies]. Details - ImportResultOutputID=39b928ff916c8544512650c0391c9333 DependenciesID=3596eb324623ef077b9225d16802ff41 StaticDependenciesID=c3a2d6f4e9df43e2ee65ce35fe70fbe8 
Refreshing native plugins compatible for Editor in 3.03 ms, found 5 plugins.
Asset Pipeline Refresh (id=a33fee5846b8a5f4d8fdbb7a4a407f13): Total: 0.164 seconds - Initiated by StopAssetImportingV2(NoUpdateAssetOptions)
[Worker0] Imported GUID: 2d65bfca586946846860449644d682e1 - Path: Assets/New Palette.prefab - Importer: PreviewImporter -> (ImportResultId: 'a04d98bdd72827a82048ec4242f8c52e') in 0.0257376 seconds
[Worker0] Imported GUID: 2d65bfca586946846860449644d682e1 - Path: Assets/New Palette.prefab - Importer: ScriptedImporter/UnityEditor.QuickSearchModule:UnityEditor.Search:ASIAI0B -> (ImportResultId: '6ad799249dae94de316fd95f950e5dab') in 0.0365527 seconds
Asset Pipeline Refresh (id=39b85021f2eac97469f19e826847fac3): Total: 0.106 seconds - Initiated by RefreshV2(AllowForceSynchronousImport)
Project ID request failed, Reason: The requested URL returned error: 401 (401).
Unknown Unity Connect error (400). Please contact support at support@unity.com while processing request "https://services.unity.com/api/unity/legacy/v1/projects/c576347a-05d0-4fb0-a4ea-0708e3165bef", HTTP error code 401
.[Licensing::Client] Successfully resolved entitlement details
[Licensing::Client] Successfully updated the access token
[Licensing::Module] Successfully updated access token: "iP9HKdsK"... (expires: 2026-08-29T20:49:35Z)
Try refresh the unity services token.
UnityEngine.Debug:ExtractStackTraceNoAlloc (byte*,int,string)
UnityEngine.StackTraceUtility:ExtractStackTrace ()
UnityEngine.DebugLogHandler:Internal_Log (UnityEngine.LogType,UnityEngine.LogOption,string,UnityEngine.Object)
UnityEngine.DebugLogHandler:LogFormat (UnityEngine.LogType,UnityEngine.Object,string,object[])
UnityEngine.Logger:Log (UnityEngine.LogType,object)
UnityEngine.Debug:Log (object)
Unity.Cloud.IdentityEmbedded.Editor.UnityEditorServiceAuthorizer/<RefreshUnityTokenFromAccessTokenAsync>d__36:MoveNext () (at ./Library/PackageCache/com.unity.asset-manager-for-unity@71c49222cba8/Embedded/Editor/com.unity.cloud.identity/Editor/UnityEditorServiceAuthorizer.cs:191)
System.Runtime.CompilerServices.AsyncTaskMethodBuilder:Start<Unity.Cloud.IdentityEmbedded.Editor.UnityEditorServiceAuthorizer/<RefreshUnityTokenFromAccessTokenAsync>d__36> (Unity.Cloud.IdentityEmbedded.Editor.UnityEditorServiceAuthorizer/<RefreshUnityTokenFromAccessTokenAsync>d__36&)
Unity.Cloud.IdentityEmbedded.Editor.UnityEditorServiceAuthorizer:RefreshUnityTokenFromAccessTokenAsync ()
Unity.Cloud.IdentityEmbedded.Editor.UnityEditorServiceAuthorizer/<Update>d__35:MoveNext () (at ./Library/PackageCache/com.unity.asset-manager-for-unity@71c49222cba8/Embedded/Editor/com.unity.cloud.identity/Editor/UnityEditorServiceAuthorizer.cs:175)
System.Runtime.CompilerServices.AsyncVoidMethodBuilder:Start<Unity.Cloud.IdentityEmbedded.Editor.UnityEditorServiceAuthorizer/<Update>d__35> (Unity.Cloud.IdentityEmbedded.Editor.UnityEditorServiceAuthorizer/<Update>d__35&)
Unity.Cloud.IdentityEmbedded.Editor.UnityEditorServiceAuthorizer:Update ()
UnityEditor.EditorApplication:Internal_CallUpdateFunctions ()

(Filename: ./Library/PackageCache/com.unity.asset-manager-for-unity@71c49222cba8/Embedded/Editor/com.unity.cloud.identity/Editor/UnityEditorServiceAuthorizer.cs Line: 191)

[Licensing::Client] Successfully resolved entitlement details
Unity services token refreshed.
UnityEngine.Debug:ExtractStackTraceNoAlloc (byte*,int,string)
UnityEngine.StackTraceUtility:ExtractStackTrace ()
UnityEngine.DebugLogHandler:Internal_Log (UnityEngine.LogType,UnityEngine.LogOption,string,UnityEngine.Object)
UnityEngine.DebugLogHandler:LogFormat (UnityEngine.LogType,UnityEngine.Object,string,object[])
UnityEngine.Logger:Log (UnityEngine.LogType,object)
UnityEngine.Debug:Log (object)
Unity.Cloud.IdentityEmbedded.Editor.UnityEditorServiceAuthorizer/<RefreshUnityTokenFromAccessTokenAsync>d__36:MoveNext () (at ./Library/PackageCache/com.unity.asset-manager-for-unity@71c49222cba8/Embedded/Editor/com.unity.cloud.identity/Editor/UnityEditorServiceAuthorizer.cs:206)
System.Runtime.CompilerServices.AsyncMethodBuilderCore/MoveNextRunner:InvokeMoveNext (object)
System.Threading.ExecutionContext:RunInternal (System.Threading.ExecutionContext,System.Threading.ContextCallback,object,bool)
System.Threading.ExecutionContext:Run (System.Threading.ExecutionContext,System.Threading.ContextCallback,object,bool)
System.Runtime.CompilerServices.AsyncMethodBuilderCore/MoveNextRunner:Run ()
System.Threading.Tasks.AwaitTaskContinuation:InvokeAction (object)
System.Threading.Tasks.AwaitTaskContinuation:RunCallback (System.Threading.ContextCallback,object,System.Threading.Tasks.Task&)
System.Threading.Tasks.SynchronizationContextAwaitTaskContinuation:Run (System.Threading.Tasks.Task,bool)
System.Threading.Tasks.Task:FinishContinuations ()
System.Threading.Tasks.Task:FinishStageThree ()
System.Threading.Tasks.Task`1<System.Threading.Tasks.VoidTaskResult>:TrySetResult (System.Threading.Tasks.VoidTaskResult)
System.Runtime.CompilerServices.AsyncTaskMethodBuilder`1<System.Threading.Tasks.VoidTaskResult>:SetResult (System.Threading.Tasks.VoidTaskResult)
System.Runtime.CompilerServices.AsyncTaskMethodBuilder`1<System.Threading.Tasks.VoidTaskResult>:SetResult (System.Threading.Tasks.Task`1<System.Threading.Tasks.VoidTaskResult>)
System.Runtime.CompilerServices.AsyncTaskMethodBuilder:SetResult ()
Unity.Cloud.IdentityEmbedded.Editor.UnityEditorServiceAuthorizer/<RefreshUnityTokenAsync>d__38:MoveNext () (at ./Library/PackageCache/com.unity.asset-manager-for-unity@71c49222cba8/Embedded/Editor/com.unity.cloud.identity/Editor/UnityEditorServiceAuthorizer.cs:270)
System.Runtime.CompilerServices.AsyncMethodBuilderCore/MoveNextRunner:InvokeMoveNext (object)
System.Threading.ExecutionContext:RunInternal (System.Threading.ExecutionContext,System.Threading.ContextCallback,object,bool)
System.Threading.ExecutionContext:Run (System.Threading.ExecutionContext,System.Threading.ContextCallback,object,bool)
System.Runtime.CompilerServices.AsyncMethodBuilderCore/MoveNextRunner:Run ()
System.Threading.Tasks.AwaitTaskContinuation:InvokeAction (object)
System.Threading.Tasks.AwaitTaskContinuation:RunCallback (System.Threading.ContextCallback,object,System.Threading.Tasks.Task&)
System.Threading.Tasks.SynchronizationContextAwaitTaskContinuation:Run (System.Threading.Tasks.Task,bool)
System.Threading.Tasks.Task:FinishContinuations ()
System.Threading.Tasks.Task:FinishStageThree ()
System.Threading.Tasks.Task`1<Unity.Cloud.IdentityEmbedded.UnityServicesToken>:TrySetResult (Unity.Cloud.IdentityEmbedded.UnityServicesToken)
System.Runtime.CompilerServices.AsyncTaskMethodBuilder`1<Unity.Cloud.IdentityEmbedded.UnityServicesToken>:SetResult (Unity.Cloud.IdentityEmbedded.UnityServicesToken)
Unity.Cloud.IdentityEmbedded.TargetClientIdTokenToUnityServicesTokenExchanger/<ExchangeAsync>d__4:MoveNext () (at ./Library/PackageCache/com.unity.asset-manager-for-unity@71c49222cba8/Embedded/Editor/com.unity.cloud.identity/Core/TokenExchange/TargetClientIdTokenToUnityServicesTokenExchanger.cs:43)
System.Runtime.CompilerServices.AsyncMethodBuilderCore/MoveNextRunner:InvokeMoveNext (object)
System.Threading.ExecutionContext:RunInternal (System.Threading.ExecutionContext,System.Threading.ContextCallback,object,bool)
System.Threading.ExecutionContext:Run (System.Threading.ExecutionContext,System.Threading.ContextCallback,object,bool)
System.Runtime.CompilerServices.AsyncMethodBuilderCore/MoveNextRunner:Run ()
System.Threading.Tasks.AwaitTaskContinuation:InvokeAction (object)
System.Threading.Tasks.AwaitTaskContinuation:RunCallback (System.Threading.ContextCallback,object,System.Threading.Tasks.Task&)
System.Threading.Tasks.SynchronizationContextAwaitTaskContinuation:Run (System.Threading.Tasks.Task,bool)
System.Threading.Tasks.Task:FinishContinuations ()
System.Threading.Tasks.Task:FinishStageThree ()
System.Threading.Tasks.Task`1<System.Net.Http.HttpResponseMessage>:TrySetResult (System.Net.Http.HttpResponseMessage)
System.Runtime.CompilerServices.AsyncTaskMethodBuilder`1<System.Net.Http.HttpResponseMessage>:SetResult (System.Net.Http.HttpResponseMessage)
Unity.Cloud.CommonEmbedded.HttpClientExtensions/<PostAsync>d__10:MoveNext () (at ./Library/PackageCache/com.unity.asset-manager-for-unity@71c49222cba8/Embedded/Editor/com.unity.cloud.common/Core/Networking/Http/HttpClientExtensions.cs:166)
System.Runtime.CompilerServices.AsyncMethodBuilderCore/MoveNextRunner:InvokeMoveNext (object)
System.Threading.ExecutionContext:RunInternal (System.Threading.ExecutionContext,System.Threading.ContextCallback,object,bool)
System.Threading.ExecutionContext:Run (System.Threading.ExecutionContext,System.Threading.ContextCallback,object,bool)
System.Runtime.CompilerServices.AsyncMethodBuilderCore/MoveNextRunner:Run ()
System.Threading.Tasks.AwaitTaskContinuation:InvokeAction (object)
System.Threading.Tasks.AwaitTaskContinuation:RunCallback (System.Threading.ContextCallback,object,System.Threading.Tasks.Task&)
System.Threading.Tasks.SynchronizationContextAwaitTaskContinuation:Run (System.Threading.Tasks.Task,bool)
System.Threading.Tasks.Task:FinishContinuations ()
System.Threading.Tasks.Task:FinishStageThree ()
System.Threading.Tasks.Task`1<System.Net.Http.HttpResponseMessage>:TrySetResult (System.Net.Http.HttpResponseMessage)
System.Runtime.CompilerServices.AsyncTaskMethodBuilder`1<System.Net.Http.HttpResponseMessage>:SetResult (System.Net.Http.HttpResponseMessage)
Unity.Cloud.CommonEmbedded.Runtime.UnityHttpClient/<SendAsync>d__9:MoveNext () (at ./Library/PackageCache/com.unity.asset-manager-for-unity@71c49222cba8/Embedded/Editor/com.unity.cloud.common/Runtime/Networking/Http/UnityHttpClient.cs:103)
System.Runtime.CompilerServices.AsyncMethodBuilderCore/MoveNextRunner:InvokeMoveNext (object)
System.Threading.ExecutionContext:RunInternal (System.Threading.ExecutionContext,System.Threading.ContextCallback,object,bool)
System.Threading.ExecutionContext:Run (System.Threading.ExecutionContext,System.Threading.ContextCallback,object,bool)
System.Runtime.CompilerServices.AsyncMethodBuilderCore/MoveNextRunner:Run ()
System.Threading.Tasks.AwaitTaskContinuation:InvokeAction (object)
System.Threading.Tasks.AwaitTaskContinuation:RunCallback (System.Threading.ContextCallback,object,System.Threading.Tasks.Task&)
System.Threading.Tasks.SynchronizationContextAwaitTaskContinuation:Run (System.Threading.Tasks.Task,bool)
System.Threading.Tasks.Task:FinishContinuations ()
System.Threading.Tasks.Task:FinishStageThree ()
System.Threading.Tasks.Task`1<System.Net.Http.HttpResponseMessage>:TrySetResult (System.Net.Http.HttpResponseMessage)
System.Runtime.CompilerServices.AsyncTaskMethodBuilder`1<System.Net.Http.HttpResponseMessage>:SetResult (System.Net.Http.HttpResponseMessage)
Unity.Cloud.CommonEmbedded.Runtime.LegacyRequestHandler/<RequestAsync>d__8:MoveNext () (at ./Library/PackageCache/com.unity.asset-manager-for-unity@71c49222cba8/Embedded/Editor/com.unity.cloud.common/Runtime/Networking/Http/LegacyRequestHandler.cs:55)
System.Runtime.CompilerServices.AsyncMethodBuilderCore/MoveNextRunner:InvokeMoveNext (object)
System.Threading.ExecutionContext:RunInternal (System.Threading.ExecutionContext,System.Threading.ContextCallback,object,bool)
System.Threading.ExecutionContext:Run (System.Threading.ExecutionContext,System.Threading.ContextCallback,object,bool)
System.Runtime.CompilerServices.AsyncMethodBuilderCore/MoveNextRunner:Run ()
System.Threading.Tasks.AwaitTaskContinuation:InvokeAction (object)
System.Threading.Tasks.AwaitTaskContinuation:RunCallback (System.Threading.ContextCallback,object,System.Threading.Tasks.Task&)
System.Threading.Tasks.SynchronizationContextAwaitTaskContinuation:Run (System.Threading.Tasks.Task,bool)
System.Threading.Tasks.Task:FinishContinuations ()
System.Threading.Tasks.Task:FinishStageThree ()
System.Threading.Tasks.Task`1<Unity.Cloud.CommonEmbedded.Runtime.LegacyRequestHandler/SafeHttpResponseMessageAccessor>:TrySetResult (Unity.Cloud.CommonEmbedded.Runtime.LegacyRequestHandler/SafeHttpResponseMessageAccessor)
System.Runtime.CompilerServices.AsyncTaskMethodBuilder`1<Unity.Cloud.CommonEmbedded.Runtime.LegacyRequestHandler/SafeHttpResponseMessageAccessor>:SetResult (Unity.Cloud.CommonEmbedded.Runtime.LegacyRequestHandler/SafeHttpResponseMessageAccessor)
Unity.Cloud.CommonEmbedded.Runtime.LegacyRequestHandler/<>c__DisplayClass8_0/<<RequestAsync>b__0>d:MoveNext () (at ./Library/PackageCache/com.unity.asset-manager-for-unity@71c49222cba8/Embedded/Editor/com.unity.cloud.common/Runtime/Networking/Http/LegacyRequestHandler.cs:49)
System.Runtime.CompilerServices.AsyncMethodBuilderCore/MoveNextRunner:InvokeMoveNext (object)
System.Threading.ExecutionContext:RunInternal (System.Threading.ExecutionContext,System.Threading.ContextCallback,object,bool)
System.Threading.ExecutionContext:Run (System.Threading.ExecutionContext,System.Threading.ContextCallback,object,bool)
System.Runtime.CompilerServices.AsyncMethodBuilderCore/MoveNextRunner:Run ()
System.Threading.Tasks.AwaitTaskContinuation:InvokeAction (object)
System.Threading.Tasks.AwaitTaskContinuation:RunCallback (System.Threading.ContextCallback,object,System.Threading.Tasks.Task&)
System.Threading.Tasks.SynchronizationContextAwaitTaskContinuation:Run (System.Threading.Tasks.Task,bool)
System.Threading.Tasks.Task:FinishContinuations ()
System.Threading.Tasks.Task:FinishStageThree ()
System.Threading.Tasks.Task`1<System.Threading.Tasks.VoidTaskResult>:TrySetResult (System.Threading.Tasks.VoidTaskResult)
System.Runtime.CompilerServices.AsyncTaskMethodBuilder`1<System.Threading.Tasks.VoidTaskResult>:SetResult (System.Threading.Tasks.VoidTaskResult)
System.Runtime.CompilerServices.AsyncTaskMethodBuilder`1<System.Threading.Tasks.VoidTaskResult>:SetResult (System.Threading.Tasks.Task`1<System.Threading.Tasks.VoidTaskResult>)
System.Runtime.CompilerServices.AsyncTaskMethodBuilder:SetResult ()
Unity.Cloud.CommonEmbedded.Runtime.LegacyRequestHandler/<HandleRequestWithRedirection>d__9:MoveNext () (at ./Library/PackageCache/com.unity.asset-manager-for-unity@71c49222cba8/Embedded/Editor/com.unity.cloud.common/Runtime/Networking/Http/LegacyRequestHandler.cs:93)
System.Runtime.CompilerServices.AsyncMethodBuilderCore/MoveNextRunner:InvokeMoveNext (object)
System.Threading.ExecutionContext:RunInternal (System.Threading.ExecutionContext,System.Threading.ContextCallback,object,bool)
System.Threading.ExecutionContext:Run (System.Threading.ExecutionContext,System.Threading.ContextCallback,object,bool)
System.Runtime.CompilerServices.AsyncMethodBuilderCore/MoveNextRunner:Run ()
System.Threading.Tasks.AwaitTaskContinuation:InvokeAction (object)
System.Threading.Tasks.AwaitTaskContinuation:RunCallback (System.Threading.ContextCallback,object,System.Threading.Tasks.Task&)
System.Threading.Tasks.SynchronizationContextAwaitTaskContinuation:Run (System.Threading.Tasks.Task,bool)
System.Threading.Tasks.Task:FinishContinuations ()
System.Threading.Tasks.Task:FinishStageThree ()
System.Threading.Tasks.Task`1<System.Threading.Tasks.VoidTaskResult>:TrySetResult (System.Threading.Tasks.VoidTaskResult)
System.Runtime.CompilerServices.AsyncTaskMethodBuilder`1<System.Threading.Tasks.VoidTaskResult>:SetResult (System.Threading.Tasks.VoidTaskResult)
System.Runtime.CompilerServices.AsyncTaskMethodBuilder`1<System.Threading.Tasks.VoidTaskResult>:SetResult (System.Threading.Tasks.Task`1<System.Threading.Tasks.VoidTaskResult>)
System.Runtime.CompilerServices.AsyncTaskMethodBuilder:SetResult ()
Unity.Cloud.CommonEmbedded.Runtime.LegacyRequestHandler/<ProcessRequestWithResponseContentReadOption>d__12:MoveNext () (at ./Library/PackageCache/com.unity.asset-manager-for-unity@71c49222cba8/Embedded/Editor/com.unity.cloud.common/Runtime/Networking/Http/LegacyRequestHandler.cs:136)
System.Runtime.CompilerServices.AsyncMethodBuilderCore/MoveNextRunner:InvokeMoveNext (object)
System.Threading.ExecutionContext:RunInternal (System.Threading.ExecutionContext,System.Threading.ContextCallback,object,bool)
System.Threading.ExecutionContext:Run (System.Threading.ExecutionContext,System.Threading.ContextCallback,object,bool)
System.Runtime.CompilerServices.AsyncMethodBuilderCore/MoveNextRunner:Run ()
System.Threading.Tasks.SynchronizationContextAwaitTaskContinuation/<>c:<.cctor>b__7_0 (object)
UnityEngine.UnitySynchronizationContext/WorkRequest:Invoke ()
UnityEngine.UnitySynchronizationContext:Exec ()
UnityEngine.UnitySynchronizationContext:ExecuteTasks ()

(Filename: ./Library/PackageCache/com.unity.asset-manager-for-unity@71c49222cba8/Embedded/Editor/com.unity.cloud.identity/Editor/UnityEditorServiceAuthorizer.cs Line: 206)

UPID Received 'c576347a-05d0-4fb0-a4ea-0708e3165bef'.
[Licensing::Client] Successfully resolved entitlement details
Asset Pipeline Refresh (id=6d9d90aef59debe429a6ef992649064d): Total: 0.074 seconds - Initiated by RefreshV2(AllowForceSynchronousImport)
Asset Pipeline Refresh (id=106c4726d01c2db409a2945c88ecb7c6): Total: 0.010 seconds - Initiated by RefreshV2(AllowForceSynchronousImport)
Importing 'GUID: 5bd4ac98741ca014fb6dc5823029a020 - Path: Assets/gardenwall.png' with importer (TextureImporter)
Imported 'GUID: 5bd4ac98741ca014fb6dc5823029a020' -> (Import Result ID: 'c3cf66f2392e8f9f3445b6a1d6ccbaa0') in 2.046 seconds [static and dynamic dependencies]. Details - ImportResultOutputID=515ecd7d1c3d405b631d777b065b5202 DependenciesID=471df2d97805e85953969d38387b41a6 StaticDependenciesID=49beccc89e6b726c1e1d5da74b3d3f60 
Refreshing native plugins compatible for Editor in 72.52 ms, found 5 plugins.

Asset Pipeline Refresh (id=9ec40bc612c228348b7dc2c519f88697): Total: 3.630 seconds - Initiated by RefreshV2(NoUpdateAssetOptions)
	(Values over 0.05ms)
	Summary:
		Imports: total=1 (actual=1, local cache=0, cache server=0)
		Asset DB Process Time: managed=77 ms, native=3246 ms
		Asset DB Callback time: managed=159 ms, native=145 ms
		Scripting: domain reloads=0, domain reload time=0 ms, compile time=0 ms, other=0 ms
		Project Asset Count: scripts=2024, non-scripts=3349
		Asset File Changes: new=1, changed=1, moved=0, deleted=0
		Scan Filter Count: 0
	ApplyChangesToAssetFolders: 0.177ms
	Scan: 234.999ms
	Collect global state as custom dependencies: 0.285ms
	OnSourceAssetsModified: 5.908ms
	ProcessAssetsWithTransientArtifactChanges: 7.940ms
	CategorizeAssets: 336.238ms
	ImportOutOfDateAssets: 2478.502ms (308.141ms without children)
		ImportManagerImport: 2050.422ms (0.918ms without children)
		ReloadNativeAssets: 1.322ms
		UnloadImportedAssets: 0.218ms
		EnsureUptoDateAssetsAreRegisteredWithGuidPM: 0.811ms
		ImportSchedulerStart: 117.574ms
	PostProcessAllAssets: 96.955ms
		XRBuildSystem.XRAssetImported 20.259ms
		SpriteAtlasDatabase.OnAssetPostprocessCallback 0.390ms
		AssemblyValidation.PostprocessAllAssets 0.371ms
		VCAutoAddAssetPostprocess 0.331ms
		RaytracingShaderImportPostprocess 0.282ms
		LocalizationDatabase.AssetDatabasePostprocessCallback 0.076ms
		MonoPostProcessAllAssets: 68.169ms
			SpriteSlicePostprocessor.OnPostprocessAllAssets 11.688ms
			ShaderGraphAssetPostProcessor.OnPostprocessAllAssets 6.522ms
			AssetPostprocessor.OnPostprocessAllAssets 6.081ms
			SpriteShapeAssetPostProcessor.OnPostprocessAllAssets 5.973ms
			AssetChangedListener.OnPostprocessAllAssets 3.956ms
			EditModeScopePostprocessor.OnPostprocessAllAssets 1.325ms
			TMPro_TexturePostProcessor.OnPostprocessAllAssets 1.163ms
			ProjectSettingsPostprocessor.OnPostprocessAllAssets 0.915ms
			SampleDependencyImporterPostProcessor.OnPostprocessAllAssets 0.911ms
			SpriteEditorTexturePostprocessor.OnPostprocessAllAssets 0.832ms
			RenderPipelineGlobalSettingsPostprocessor.OnPostprocessAllAssets 0.787ms
			InputActionAssetPostprocessor.OnPostprocessAllAssets 0.634ms
			RetainedModeAssetPostprocessor.OnPostprocessAllAssets 0.583ms
			ShaderReflectionAssetPostProcessor.OnPostprocessAllAssets 0.534ms
			UploadAssetPostprocessor.OnPostprocessAllAssets 0.332ms
			InputActionJsonNameModifierAssetProcessor.OnPostprocessAllAssets 0.330ms
			PSDImportPostProcessor.OnPostprocessAllAssets 0.304ms
			PostProcessor.OnPostprocessAllAssets 0.301ms
			SyncVS.PostprocessSyncProject 0.300ms
			UniversalRenderPipelineGlobalSettingsPostprocessor.OnPostprocessAllAssets 0.291ms
			WindowAssetPostprocessingWatcher.OnPostprocessAllAssets 0.291ms
			TextAssetPostProcessor.OnPostprocessAllAssets 0.285ms
			BuilderAssetPostprocessor.OnPostprocessAllAssets 0.267ms
			AssetProcessor.OnPostprocessAllAssets 0.264ms
			ConfigAssetsTracker.OnPostprocessAllAssets 0.250ms
			AudioMixerPostprocessor.OnPostprocessAllAssets 0.142ms
	PostAssetChangesProfiler: 202.847ms
	GatherAllCurrentPrimaryImportResultRevisions: 0.238ms
	PersistCurrentRevisions: 0.479ms
	Untracked: 265.171ms

[Worker0] Imported GUID: 5bd4ac98741ca014fb6dc5823029a020 - Path: Assets/gardenwall.png - Importer: PreviewImporter -> (ImportResultId: 'b6447b55932eb8778624108dc7a70cee') in 0.5365393 seconds
[Worker0] Imported GUID: 5bd4ac98741ca014fb6dc5823029a020 - Path: Assets/gardenwall.png - Importer: ScriptedImporter/UnityEditor.QuickSearchModule:UnityEditor.Search:ASIAI0B -> (ImportResultId: '9ab7597a053ac0f3f07cc1c0059cbfbf') in 0.0893916 seconds
Importing 'GUID: 39000bdd50af2cf47b9bfbc8a403dbe2 - Path: Assets/gardenwalls.prefab' with importer (PrefabImporter)
Imported 'GUID: 39000bdd50af2cf47b9bfbc8a403dbe2' -> (Import Result ID: '105f986b35085298c503db00cda7ec21') in 0.036 seconds [static dependencies only]. Details - ImportResultOutputID=462d9aa3833acb6121c5e4e3f74ff50a DependenciesID=c68032fa44f4e2b75920b9a323b61210 StaticDependenciesID=3fd5aa6b3d07f6ff8a4c07aa6bbc27d7 
Refreshing native plugins compatible for Editor in 3.90 ms, found 5 plugins.
Asset Pipeline Refresh (id=acaca83533c521542a5806dc075e942c): Total: 0.291 seconds - Initiated by StopAssetImportingV2(NoUpdateAssetOptions)
Importing 'GUID: 39000bdd50af2cf47b9bfbc8a403dbe2 - Path: Assets/gardenwalls.prefab' with importer (PrefabImporter)
Imported 'GUID: 39000bdd50af2cf47b9bfbc8a403dbe2' -> (Import Result ID: '513fd79ec0c2db3c7b1ed821f3ec5b21') in 0.016 seconds [static and dynamic dependencies]. Details - ImportResultOutputID=8c2d48afade5d61cd27396317415f167 DependenciesID=a6afd07f997309f981c5b4dd7c3412a2 StaticDependenciesID=6126d3367c6305180111c3badc446d8b 
Refreshing native plugins compatible for Editor in 3.00 ms, found 5 plugins.
Asset Pipeline Refresh (id=29ec41262865ece49ab9d23634a31cbf): Total: 0.227 seconds - Initiated by StopAssetImportingV2(NoUpdateAssetOptions)
Asset Pipeline Refresh (id=d5a397183c8fd82439ed31b359aeb588): Total: 0.054 seconds - Initiated by RefreshV2(NoUpdateAssetOptions)
[Worker0] Imported GUID: 39000bdd50af2cf47b9bfbc8a403dbe2 - Path: Assets/gardenwalls.prefab - Importer: PreviewImporter -> (ImportResultId: '42d6d125e3d2ee4bfa88f8add99ccffe') in 0.1712906 seconds
[Worker0] Imported GUID: 39000bdd50af2cf47b9bfbc8a403dbe2 - Path: Assets/gardenwalls.prefab - Importer: ScriptedImporter/UnityEditor.QuickSearchModule:UnityEditor.Search:ASIAI0B -> (ImportResultId: '418ace2255797dcc8e7721c8b2fb4ea6') in 0.0447728 seconds
Importing 'GUID: 1d507909e70673444b2896b0ea532837 - Path: Assets/gardenwall_0.asset' with importer (NativeFormatImporter)
Imported 'GUID: 1d507909e70673444b2896b0ea532837' -> (Import Result ID: '8df8f0e3091aed2697d42a6796fb1d35') in 0.003 seconds [static dependencies only]. Details - ImportResultOutputID=494314623aef857af780852239c27d07 DependenciesID=60ed8584fdad6ba0e001aaa8b56ee2d0 StaticDependenciesID=2c7ad8ba25867597e6a4322b91ecee12 
Refreshing native plugins compatible for Editor in 3.06 ms, found 5 plugins.
Asset Pipeline Refresh (id=5a566fcd4b76f47428ded51fdf590aaa): Total: 0.207 seconds - Initiated by StopAssetImportingV2(NoUpdateAssetOptions)
Asset Pipeline Refresh (id=d5a7c1e12d0fed143b68e2b169f7e467): Total: 0.059 seconds - Initiated by RefreshV2(NoUpdateAssetOptions)
Importing 'GUID: 39000bdd50af2cf47b9bfbc8a403dbe2 - Path: Assets/gardenwalls.prefab' with importer (PrefabImporter)
Imported 'GUID: 39000bdd50af2cf47b9bfbc8a403dbe2' -> (Import Result ID: '03657e2db8167c32c1d0c9e49dedb9c4') in 0.017 seconds [static and dynamic dependencies]. Details - ImportResultOutputID=a7b58e3fa788328f37cb06a767a95e96 DependenciesID=d58f5c8db6dbc66933336f8cb754ba0c StaticDependenciesID=433e8c42ad7f4709dc63b08e346d7667 
Refreshing native plugins compatible for Editor in 2.54 ms, found 5 plugins.
Asset Pipeline Refresh (id=2be5f22a8cd2f0045a3690c5a69382b7): Total: 0.177 seconds - Initiated by StopAssetImportingV2(NoUpdateAssetOptions)
[Worker0] Imported GUID: 1d507909e70673444b2896b0ea532837 - Path: Assets/gardenwall_0.asset - Importer: PreviewImporter -> (ImportResultId: 'f6826d2cc2b0922d13ad92210ff412f4') in 0.0624495 seconds
[Worker0] Imported GUID: 39000bdd50af2cf47b9bfbc8a403dbe2 - Path: Assets/gardenwalls.prefab - Importer: ScriptedImporter/UnityEditor.QuickSearchModule:UnityEditor.Search:ASIAI0B -> (ImportResultId: '69b9dc36245e5a5c6d3981b3938828fa') in 0.0403907 seconds
[Worker0] Imported GUID: 39000bdd50af2cf47b9bfbc8a403dbe2 - Path: Assets/gardenwalls.prefab - Importer: PreviewImporter -> (ImportResultId: '0aa8218943ba0342deccc4f9e128f10c') in 0.0419239 seconds
[Worker1] Imported GUID: 1d507909e70673444b2896b0ea532837 - Path: Assets/gardenwall_0.asset - Importer: ScriptedImporter/UnityEditor.QuickSearchModule:UnityEditor.Search:ASIAI0B -> (ImportResultId: '75ad88538960ac676152860b2e1f4b81') in 0.4844436 seconds
Importing 'GUID: 39000bdd50af2cf47b9bfbc8a403dbe2 - Path: Assets/gardenwalls.prefab' with importer (PrefabImporter)
Imported 'GUID: 39000bdd50af2cf47b9bfbc8a403dbe2' -> (Import Result ID: 'cba13be22d0b14c83d8cf49ef4b091fe') in 0.015 seconds [static and dynamic dependencies]. Details - ImportResultOutputID=12ce79a163c6ac8ddd34ee706d47beaf DependenciesID=0cdbd2407f9a530de7fd59f6d392e7e3 StaticDependenciesID=c8d50c1a2c70c4a721258012f03cf435 
Refreshing native plugins compatible for Editor in 2.97 ms, found 5 plugins.
Asset Pipeline Refresh (id=cad3412b22014cc4e96470e56d007dd8): Total: 0.167 seconds - Initiated by StopAssetImportingV2(NoUpdateAssetOptions)
[Worker0] Imported GUID: 39000bdd50af2cf47b9bfbc8a403dbe2 - Path: Assets/gardenwalls.prefab - Importer: PreviewImporter -> (ImportResultId: '63a58f214b599c31766796ece484bb3b') in 0.0314089 seconds
[Worker0] Imported GUID: 39000bdd50af2cf47b9bfbc8a403dbe2 - Path: Assets/gardenwalls.prefab - Importer: ScriptedImporter/UnityEditor.QuickSearchModule:UnityEditor.Search:ASIAI0B -> (ImportResultId: '4bef8cb60a7ae4b43bfae2ad67faa0a5') in 0.0294266 seconds

Asset Pipeline Refresh (id=f7d4406abdce0ea47bee0a42db97a63e): Total: 1.039 seconds - Initiated by RefreshV2(AllowForceSynchronousImport)
	(Values over 0.05ms)
	Summary:
		Imports: total=0 (actual=0, local cache=0, cache server=0)
		Asset DB Process Time: managed=0 ms, native=149 ms
		Asset DB Callback time: managed=0 ms, native=889 ms
		Scripting: domain reloads=0, domain reload time=0 ms, compile time=0 ms, other=0 ms
		Project Asset Count: scripts=2024, non-scripts=3351
		Asset File Changes: new=0, changed=0, moved=0, deleted=0
		Scan Filter Count: 0
	InvokePackagesCallback: 889.928ms
	ApplyChangesToAssetFolders: 0.234ms
	Scan: 136.691ms
	Collect global state as custom dependencies: 0.457ms
	GatherAllCurrentPrimaryImportResultRevisions: 3.303ms
	UnloadStreamsBegin: 0.093ms
	UnloadStreamsEnd: 0.152ms
	Untracked: 8.416ms

Importing 'GUID: 39000bdd50af2cf47b9bfbc8a403dbe2 - Path: Assets/gardenwalls.prefab' with importer (PrefabImporter)
Imported 'GUID: 39000bdd50af2cf47b9bfbc8a403dbe2' -> (Import Result ID: 'f9b0450793233bd29ca434835e873f57') in 0.066 seconds [static and dynamic dependencies]. Details - ImportResultOutputID=24502af2040030167d126e0f8d180cdd DependenciesID=cd45778eb4ac61201f9498f481efd96b StaticDependenciesID=6606990f535ecf0ae94d9b77c7e49bf2 
Refreshing native plugins compatible for Editor in 34.30 ms, found 5 plugins.
Asset Pipeline Refresh (id=df54396553e5d3a49a81f7b32aec1543): Total: 0.243 seconds - Initiated by StopAssetImportingV2(NoUpdateAssetOptions)
[Worker0] Imported GUID: 39000bdd50af2cf47b9bfbc8a403dbe2 - Path: Assets/gardenwalls.prefab - Importer: PreviewImporter -> (ImportResultId: 'd1ad619d036a18472e2798914bc2572a') in 0.0598208 seconds
[Worker0] Imported GUID: 39000bdd50af2cf47b9bfbc8a403dbe2 - Path: Assets/gardenwalls.prefab - Importer: ScriptedImporter/UnityEditor.QuickSearchModule:UnityEditor.Search:ASIAI0B -> (ImportResultId: '517484c7c41139d13ff8c44223455be4') in 0.0400887 seconds
Asset Pipeline Refresh (id=5bc97444434245a4f83963b39224fdf6): Total: 0.064 seconds - Initiated by RefreshV2(AllowForceSynchronousImport)
Importing 'GUID: 8c9cfa26abfee488c85f1582747f6a02 - Path: Assets/Scenes/SampleScene.unity' with importer (DefaultImporter)
Imported 'GUID: 8c9cfa26abfee488c85f1582747f6a02' -> (Import Result ID: 'ae6b484adc525c4b53f0aae7b18b8858') in 0.028 seconds [static dependencies only]. Details - ImportResultOutputID=d9e1b38d15056e7131fe2ca7dd7db718 DependenciesID=c3aae671d0178c2c579acbf0d1058b37 StaticDependenciesID=5a5e1cf0e9df3405a4324bd7289a05c0 
Refreshing native plugins compatible for Editor in 3.32 ms, found 5 plugins.
Asset Pipeline Refresh (id=4ae8c7fd4367b3d46ad7afd25352260f): Total: 0.169 seconds - Initiated by StopAssetImportingV2(NoUpdateAssetOptions)
[Worker0] Imported GUID: 8c9cfa26abfee488c85f1582747f6a02 - Path: Assets/Scenes/SampleScene.unity - Importer: ScriptedImporter/UnityEditor.QuickSearchModule:UnityEditor.Search:ASIAI0B -> (ImportResultId: 'bb2bd5efdd5bce84a980ac05ec2d5d1d') in 0.0512251 seconds

Asset Pipeline Refresh (id=5f224dfa8f9432e4e8f7154b4851b81b): Total: 1.347 seconds - Initiated by RefreshV2(AllowForceSynchronousImport)
	(Values over 0.05ms)
	Summary:
		Imports: total=0 (actual=0, local cache=0, cache server=0)
		Asset DB Process Time: managed=0 ms, native=1337 ms
		Asset DB Callback time: managed=0 ms, native=8 ms
		Scripting: domain reloads=0, domain reload time=0 ms, compile time=0 ms, other=0 ms
		Project Asset Count: scripts=2024, non-scripts=3351
		Asset File Changes: new=0, changed=0, moved=0, deleted=0
		Scan Filter Count: 0
	InvokePackagesCallback: 7.827ms
	ApplyChangesToAssetFolders: 0.405ms
	Scan: 1067.096ms
	Collect global state as custom dependencies: 5.520ms
	GatherAllCurrentPrimaryImportResultRevisions: 238.024ms
	UnloadStreamsBegin: 5.186ms
	UnloadStreamsEnd: 0.156ms
	Untracked: 21.354ms

MonoPathRemapper: Attempts to remap: 2459936; Successful remaps: 29398
Serialized file version minimum: 22, current 23
[LAYOUT] About to save layout F:\unity\ss\soul-seeker\UserSettings\Layouts\default-6000.dwlt
[LAYOUT] About to save layout C:/Users/May/AppData/Roaming/Unity/Editor-5.x/Preferences\Layouts\current\default-6000.dwlt
[LAYOUT] About to save layout F:\unity\ss\soul-seeker\UserSettings\Layouts\default-6000.dwlt
[LAYOUT] About to save layout C:/Users/May/AppData/Roaming/Unity/Editor-5.x/Preferences\Layouts\current\default-6000.dwlt
Input System module state changed to: ShutdownInProgress.
Input Polling Thread exited.
Input System module state changed to: Shutdown.
[Physics::Module] Cleanup current backend.
[Physics::Module] Id: 0xf2b8ea05
[Licensing::IpcConnector] LicenseClient-May-6000.5.8-notifications channel disconnected successfully.
[Licensing::IpcConnector] LicenseClient-May-6000.5.8 channel disconnected successfully.
Lingering sessions upon destruction of worker manager
AcceleratorClientConnectionCallback - disconnected - :0
Shut down.
Cleanup mono
CodeReloadManager destroyed
debugger-agent: Unable to listen on 4716
Checking for leaked weakptr:
  Found no leaked weakptrs.
[Package Manager] Server process was shutdown
##utp:{"type":"MemoryLeaks","version":2,"phase":"Immediate","time":1788030174996,"processId":1700,"allocatedMemory":55129368,"memoryLabels":[{"Default":237242},{"Permanent":15516},{"NewDelete":67533},{"Thread":4206456},{"Manager":818792},{"VertexData":8},{"Geometry":816},{"Texture":24},{"Shader":865196},{"Material":24},{"GfxDevice":111504},{"GfxThread":3840},{"Animation":952},{"Audio":1544},{"FreeType":8},{"FontEngine":736},{"Physics":2146},{"Physics2D":16},{"Serialization":167688},{"Input":45280},{"JobScheduler":256},{"TextLib":14806},{"Mono":48},{"MonoCode":128},{"ScriptingNativeRuntime":1859556},{"BaseObject":1652528},{"Resource":1208},{"Renderer":3080},{"Transform":4685},{"File":24800},{"WebCam":616},{"Culling":32},{"Terrain":11442},{"Wind":24},{"STL":40},{"String":9569},{"StaticString":3808},{"Utility":2672898},{"Curl":48},{"PoolAlloc":2360},{"AI":80},{"TypeTree":17804},{"CodeReload":448},{"RuntimeInitializeOnLoadManager":64},{"Sprites":102},{"SpriteAtlas":120},{"GI":7816},{"Director":8296},{"CloudService":7208},{"WebRequest":202011},{"VR":47114},{"SceneManager":608},{"Video":208},{"LazyScriptCache":32},{"NativeArray":33151608},{"Camera":17},{"Secure":265},{"SerializationCache":1576},{"APIUpdating":10320},{"Subsystems":336},{"VirtualTexturing":57888},{"StaticSafetyDebugInfo":278528},{"Analytics":552},{"Hierarchy":1176},{"UIElements":2860408},{"CoreStats":13688},{"Identifiers":6768},{"Gui":267933},{"EditorUtility":295938},{"VersionControl":8},{"Undo":931},{"AssetDatabase":5057644},{"AssetImporter":40},{"EditorGi":328},{"UnityConnect":35385},{"Upm":1988},{"UpmDiagnostics":8},{"AssetCompliance":64},{"DrivenProperties":72},{"LocalIPC":209},{"ProfilerEditor":9746},{"CoreBusinessMetrics":3476},{"Windowing":456},{"Licensing":664},{"AssetReference":32},{"IPCStream":32}]}
