[Licensing::Module] Trying to connect to existing licensing client channel...
Built from '6000.5/staging' branch; Version is '6000.5.8f1 (5cb7df797b7d) revision 6076383'; Using compiler version '194234433'; Build Type 'Release'
[Licensing::IpcConnector] Successfully connected to: "LicenseClient-May" at "2026-08-29T01:02:14.6408944Z"
OS: 'Windows 11  (10.0.26100) Core' Language: 'es' Physical Memory: 8112 MB
BatchMode: 0, IsHumanControllingUs: 1, StartBugReporterOnCrash: 1, Is64bit: 1
System  architecture: x64
Process architecture: x64
Date: 2026-08-29T01:02:14Z

COMMAND LINE ARGUMENTS:
F:\Unity\6000.5.8f1\Editor\Unity.exe
-projectpath
F:\unity\ss\soul-seeker
-acceptSoftwareTermsForThisRunOnly
-useHub
-hubIPC
-cloudEnvironment
production
-licensingIpc
LicenseClient-May
-hubSessionId
6aea7e61-3322-444c-b87e-072238c6d95f
-accessToken
wiVJAKFBHdCAtbDW65ndtLtY_hYPxNu90XkM6qyFitk004f
Successfully changed project path to: F:\unity\ss\soul-seeker
F:/unity/ss/soul-seeker
[UnityMemory] Configuration Parameters - Can be set up in boot.config
    "memorysetup-temp-allocator-size-gi-baking-worker=262144"
    "memorysetup-temp-allocator-size-gi-baking-worker=262144"
    "memorysetup-temp-allocator-size-gi-baking-worker=262144"
    "memorysetup-temp-allocator-size-gi-baking-worker=262144"
    "memorysetup-temp-allocator-size-gi-baking-worker=262144"
    "memorysetup-temp-allocator-size-nav-mesh-worker=65536"
    "memorysetup-temp-allocator-size-audio-worker=65536"
    "memorysetup-temp-allocator-size-cloud-worker=32768"
    "memorysetup-temp-allocator-size-gfx=262144"
    "memorysetup-temp-allocator-size-preload-manager=33554432"
    "memorysetup-allocator-temp-initial-block-size-main=262144"
    "memorysetup-allocator-temp-initial-block-size-worker=262144"
    "memorysetup-temp-allocator-size-job-worker=262144"
    "memorysetup-temp-allocator-size-background-worker=32768"
    "memorysetup-bucket-allocator-granularity=16"
    "memorysetup-bucket-allocator-bucket-count=8"
    "memorysetup-bucket-allocator-block-size=33554432"
    "memorysetup-bucket-allocator-block-count=8"
    "memorysetup-main-allocator-block-size=16777216"
    "memorysetup-thread-allocator-block-size=16777216"
    "memorysetup-main-allocator-mimalloc-enabled=0"
    "memorysetup-gfx-main-allocator-block-size=16777216"
    "memorysetup-gfx-thread-allocator-block-size=16777216"
    "memorysetup-cache-allocator-block-size=4194304"
    "memorysetup-typetree-allocator-block-size=2097152"
    "memorysetup-profiler-bucket-allocator-granularity=16"
    "memorysetup-profiler-bucket-allocator-bucket-count=8"
    "memorysetup-profiler-bucket-allocator-block-size=33554432"
    "memorysetup-profiler-bucket-allocator-block-count=8"
    "memorysetup-profiler-allocator-block-size=16777216"
    "memorysetup-profiler-editor-allocator-block-size=1048576"
    "memorysetup-temp-allocator-size-main=16777216"
    "memorysetup-job-temp-allocator-block-size=2097152"
    "memorysetup-job-temp-allocator-block-size-background=1048576"
    "memorysetup-job-temp-allocator-reduction-small-platforms=262144"
Player connection [17380]  Target information:

Player connection [17380]  * "[IP] 192.168.1.18 [Port] 55504 [Flags] 2 [Guid] 2580312426 [EditorId] 2580312426 [Version] 1048832 [Id] WindowsEditor(7,LAPTOP-DM6U2RV0) [Debug] 1 [PackageName] WindowsEditor [ProjectName] Editor" 

Player connection [17380] Host joined multi-casting on [225.0.0.222:54997]...
Player connection [17380] Host joined alternative multi-casting on [225.0.0.222:34997]...
Input System module state changed to: Initialized.
[Physics::Module] Initialized fallback backend.
[Physics::Module] Id: 0xdecafbad
[Package Manager] Connected to IPC stream "Upm-17372" after 0.4 seconds.
[Licensing::Module] Licensing is not yet initialized.
[Licensing::Client] Error: HandshakeResponse reported an error:
	ResponseCode: 505
	ResponseStatus: Unsupported protocol version '1.18.1'.
[Licensing::Module] Error: Failed to handshake to channel: "LicenseClient-May"
[Licensing::IpcConnector] LicenseClient-May channel disconnected successfully.
[Licensing::IpcConnector] Channel LicenseClient-May-6000.5.8 doesn't exist
[Licensing::Module] Successfully launched the LicensingClient (PId: 6628)
Starting IPC server.
[Licensing::IpcConnector] Successfully connected to: "LicenseClient-May-6000.5.8" at "2026-08-29T01:02:26.3851161Z"
[Licensing::Client] Code 10 while verifying Licensing Client signature (process Id: 6628, path: "F:/unity/6000.5.8f1/Editor/Data/Resources/Licensing/Client/Unity.Licensing.Client.exe")
[Licensing::Module] LicensingClient has failed validation; ignoring
Waiting for clients to connect on \\.\pipe\Unity-LicenseClient-May-6000.5.8, press Ctrl-C to exit.
[Licensing::Client] Handshaking with LicensingClient:
  Version:                 1.18.1+9fbee8e
  Session Id:              a897da98c1114d25ac2c72d98f13b0af
  Correlation Id:          0543eb544c62de656b81e31a606559ff
  External correlation Id: 5069479998845111558
  Machine Id:              WhHCL6WshhAV/u+JZtnMQZrMpJU=
[Licensing::Module] Successfully connected to LicensingClient on channel: "LicenseClient-May-6000.5.8" (connect: 4.37s, validation: 0.98s, handshake: 0.01s)
[Licensing::IpcConnector] Successfully connected to: "LicenseClient-May-6000.5.8-notifications" at "2026-08-29T01:02:27.3741181Z"
[Licensing::Module] Connected to LicensingClient (PId: 6628, launch time: 0.04, total connection time: 5.35s)
[Licensing::Client] Successfully updated the access token
[Licensing::Module] Successfully updated the access token wiVJAKFBHd...
[Licensing::Client] Successfully resolved entitlement details
[Licensing::Module] License group:
  Id: 4674144612393-sofia_herrera-UnityProStuXXXX
  Product: Unity Student
  Type: Assigned
  Expiration: 2026-12-08T15:48:24Z
[Licensing::Client] Successfully updated license, isAsync: True, time: 0.01
[Licensing::Client] Successfully resolved entitlement details
[Licensing::Module] Licensing Background thread has ended after 13.00s
[Licensing::Module] Licensing is initialized (took 11.13s).
[Licensing::Client] Successfully resolved entitlement details
Library Redirect Path: Library/
[Physics::Module] Selected backend.
[Physics::Module] Name: PhysX
[Physics::Module] Id: 0xf2b8ea05
[Physics::Module] SDK Version: 4.1.2
[Physics::Module] Integration Version: 1.0.0
[Physics::Module] Threading Mode: Multi-Threaded
Artifact Garbage Collection - Removed 1 unused hashed content files
Refreshing native plugins compatible for Editor in 7.28 ms, found 0 plugins.
Initialize engine version: 6000.5.8f1 (5cb7df797b7d)
[Subsystems] Discovering subsystems at path F:/Unity/6000.5.8f1/Editor/Data/Resources/UnitySubsystems
[Subsystems] Discovering subsystems at path F:/unity/ss/soul-seeker/Assets
[D3D12 Device Filter] Vendor Name: NVIDIA
[D3D12 Device Filter] Device Name: NVIDIA GeForce GTX 1650
[D3D12 Device Filter] Driver Version: 32.0.15.9144
[D3D12 Device Filter] Feature Level: 12.1
[D3D12 Device Filter] Graphics Memory: 3935 MB
[D3D12 Device Filter] Processor Count: 8
[D3D12 Device Filter] Device Type: Discrete
GfxDevice: creating device client; kGfxThreadingModeSplitJobs
d3d12: failed to query info queue interface (0x80004002).
Direct3D:
    Version:         Direct3D 12 [level 12.1]
    Renderer:        NVIDIA GeForce GTX 1650 (ID=0x1f91)
    Vendor:          NVIDIA
    VRAM:            3935 MB
    App VRAM Budget: 3344 MB
    Driver:          32.0.15.9144
Initialize mono
Mono path[0] = 'F:/Unity/6000.5.8f1/Editor/Data/Managed'
Mono path[1] = 'F:/Unity/6000.5.8f1/Editor/Data/BCLExtensions/runtime/netstandard2.1'
Mono path[2] = 'F:/Unity/6000.5.8f1/Editor/Data/MonoBleedingEdge/lib/mono/unityjit-win32'
Mono config path = 'F:/Unity/6000.5.8f1/Editor/Data/MonoBleedingEdge/etc'
Using monoOptions --debugger-agent=transport=dt_socket,embedding=1,server=y,suspend=n,address=127.0.0.1:56372
CodeReloadManager initialized
ImportWorker Server TCP listen port: 0
AcceleratorClientConnectionCallback - disconnected - :0
Begin MonoManager ReloadAssembly
Registering precompiled unity dll's ...
Register platform support module: F:/Unity/6000.5.8f1/Editor/Data/PlaybackEngines/WebGLSupport/UnityEditor.WebGL.Extensions.dll
Register platform support module: F:/Unity/6000.5.8f1/Editor/Data/PlaybackEngines/WindowsStandaloneSupport/UnityEditor.WindowsStandalone.Extensions.dll
Registered in 0.593514 seconds.
Native extension for WindowsStandalone target not found
Native extension for WebGL target not found
Package Manager log level set to [2]
ScheduleIndexationOnStartup MainProcess:False IndexOnStartup:True
Mono: successfully reloaded assembly
- Finished resetting the current domain, in  1.431 seconds
Domain Reload Profiling: 5803ms
	BeginReloadAssembly (577ms)
		CreateAndSetChildDomain (14ms)
	RebuildCommonClasses (8ms)
	RebuildNativeTypeToScriptingClass (294ms)
	initialDomainReloadingComplete (854ms)
	LoadAllAssembliesAndSetupDomain (2637ms)
		LoadAssemblies (566ms)
		AnalyzeDomain (2486ms)
			TypeCache.Refresh (2484ms)
				TypeCache.ScanAssembly (2095ms)
	FinalizeReload (1433ms)
		SetupLoadedEditorAssemblies (0ms)
			InitializePlatformSupportModulesInManaged (4ms)
			BeforeProcessingInitializeOnLoad (134ms)
			ProcessInitializeOnLoadAttributes (178ms)
			ProcessInitializeOnLoadMethodAttributes (1020ms)
[Licensing::Client] Successfully resolved entitlement details
Application.AssetDatabase Initial Refresh Start
[Package Manager] Restoring resolved packages state from cache
[Licensing::Client] Successfully resolved entitlement details
[Package Manager] Registered 72 packages:
  Packages from [https://packages.unity.com]:
    com.unity.2d.animation@15.1.0 (location: F:\unity\ss\soul-seeker\Library\PackageCache\com.unity.2d.animation@6d5a363ae647)
    com.unity.2d.aseprite@5.0.3 (location: F:\unity\ss\soul-seeker\Library\PackageCache\com.unity.2d.aseprite@d13865913efa)
    com.unity.2d.psdimporter@14.0.3 (location: F:\unity\ss\soul-seeker\Library\PackageCache\com.unity.2d.psdimporter@5d82044f9e43)
    com.unity.2d.spriteshape@15.0.3 (location: F:\unity\ss\soul-seeker\Library\PackageCache\com.unity.2d.spriteshape@fcb7ec61a58b)
    com.unity.2d.tilemap.extras@8.0.3 (location: F:\unity\ss\soul-seeker\Library\PackageCache\com.unity.2d.tilemap.extras@a80140457adc)
    com.unity.2d.tooling@3.0.1 (location: F:\unity\ss\soul-seeker\Library\PackageCache\com.unity.2d.tooling@6f06ffb033c0)
    com.unity.asset-manager-for-unity@1.11.0 (location: F:\unity\ss\soul-seeker\Library\PackageCache\com.unity.asset-manager-for-unity@71c49222cba8)
    com.unity.collab-proxy@2.13.5 (location: F:\unity\ss\soul-seeker\Library\PackageCache\com.unity.collab-proxy@120d77864ebc)
    com.unity.ide.rider@3.0.38 (location: F:\unity\ss\soul-seeker\Library\PackageCache\com.unity.ide.rider@1f60b3138684)
    com.unity.ide.visualstudio@2.0.26 (location: F:\unity\ss\soul-seeker\Library\PackageCache\com.unity.ide.visualstudio@a99d56dec63f)
    com.unity.inputsystem@1.20.0 (location: F:\unity\ss\soul-seeker\Library\PackageCache\com.unity.inputsystem@7a4e1a2a8194)
    com.unity.nuget.newtonsoft-json@3.2.2 (location: F:\unity\ss\soul-seeker\Library\PackageCache\com.unity.nuget.newtonsoft-json@4dfd81071c64)
    com.unity.services.cloudsave@3.4.1 (location: F:\unity\ss\soul-seeker\Library\PackageCache\com.unity.services.cloudsave@53bc6d7e3069)
    com.unity.timeline@1.8.12 (location: F:\unity\ss\soul-seeker\Library\PackageCache\com.unity.timeline@8cd8509afae5)
    com.unity.visualscripting@1.9.12 (location: F:\unity\ss\soul-seeker\Library\PackageCache\com.unity.visualscripting@4edfcc09512f)
    com.unity.services.core@1.18.0 (location: F:\unity\ss\soul-seeker\Library\PackageCache\com.unity.services.core@3464cb68d709)
    com.unity.services.authentication@3.7.3 (location: F:\unity\ss\soul-seeker\Library\PackageCache\com.unity.services.authentication@4e591ebe4d6b)
    com.unity.settings-manager@2.1.1 (location: F:\unity\ss\soul-seeker\Library\PackageCache\com.unity.settings-manager@0b8638c5ce86)
    com.unity.2d.common@14.0.1 (location: F:\unity\ss\soul-seeker\Library\PackageCache\com.unity.2d.common@73badf92ba8b)
    com.unity.searcher@4.9.5 (location: F:\unity\ss\soul-seeker\Library\PackageCache\com.unity.searcher@a463122f2c00)
    com.unity.burst@1.8.30 (location: F:\unity\ss\soul-seeker\Library\PackageCache\com.unity.burst@2f3d916873ea)
    com.unity.nuget.mono-cecil@1.11.6 (location: F:\unity\ss\soul-seeker\Library\PackageCache\com.unity.nuget.mono-cecil@ecb9724e46ff)
    com.unity.test-framework.performance@3.5.0 (location: F:\unity\ss\soul-seeker\Library\PackageCache\com.unity.test-framework.performance@8b56083ec0f0)
  Built-in packages:
    com.unity.2d.sprite@1.0.0 (location: F:\unity\ss\soul-seeker\Library\PackageCache\com.unity.2d.sprite@053a968eab56)
    com.unity.2d.tilemap@1.0.0 (location: F:\unity\ss\soul-seeker\Library\PackageCache\com.unity.2d.tilemap@b959501fd678)
    com.unity.multiplayer.center@1.0.1 (location: F:\unity\ss\soul-seeker\Library\PackageCache\com.unity.multiplayer.center@b860850997d0)
    com.unity.render-pipelines.universal@17.5.0 (location: F:\unity\ss\soul-seeker\Library\PackageCache\com.unity.render-pipelines.universal@73b4c4ff130e)
    com.unity.test-framework@1.7.0 (location: F:\unity\ss\soul-seeker\Library\PackageCache\com.unity.test-framework@1405238725ab)
    com.unity.ugui@2.5.0 (location: F:\unity\ss\soul-seeker\Library\PackageCache\com.unity.ugui@1c4864518158)
    com.unity.modules.accessibility@1.0.0 (location: F:\unity\ss\soul-seeker\Library\PackageCache\com.unity.modules.accessibility)
    com.unity.modules.adaptiveperformance@1.0.0 (location: F:\unity\ss\soul-seeker\Library\PackageCache\com.unity.modules.adaptiveperformance)
    com.unity.modules.ai@1.0.0 (location: F:\unity\ss\soul-seeker\Library\PackageCache\com.unity.modules.ai)
    com.unity.modules.androidjni@1.0.0 (location: F:\unity\ss\soul-seeker\Library\PackageCache\com.unity.modules.androidjni)
    com.unity.modules.animation@1.0.0 (location: F:\unity\ss\soul-seeker\Library\PackageCache\com.unity.modules.animation)
    com.unity.modules.assetbundle@1.0.0 (location: F:\unity\ss\soul-seeker\Library\PackageCache\com.unity.modules.assetbundle)
    com.unity.modules.audio@1.0.0 (location: F:\unity\ss\soul-seeker\Library\PackageCache\com.unity.modules.audio)
    com.unity.modules.cloth@1.0.0 (location: F:\unity\ss\soul-seeker\Library\PackageCache\com.unity.modules.cloth)
    com.unity.modules.director@1.0.0 (location: F:\unity\ss\soul-seeker\Library\PackageCache\com.unity.modules.director)
    com.unity.modules.imageconversion@1.0.0 (location: F:\unity\ss\soul-seeker\Library\PackageCache\com.unity.modules.imageconversion)
    com.unity.modules.imgui@1.0.0 (location: F:\unity\ss\soul-seeker\Library\PackageCache\com.unity.modules.imgui)
    com.unity.modules.jsonserialize@1.0.0 (location: F:\unity\ss\soul-seeker\Library\PackageCache\com.unity.modules.jsonserialize)
    com.unity.modules.particlesystem@1.0.0 (location: F:\unity\ss\soul-seeker\Library\PackageCache\com.unity.modules.particlesystem)
    com.unity.modules.physics@1.0.0 (location: F:\unity\ss\soul-seeker\Library\PackageCache\com.unity.modules.physics)
    com.unity.modules.physics2d@1.0.0 (location: F:\unity\ss\soul-seeker\Library\PackageCache\com.unity.modules.physics2d)
    com.unity.modules.physicscore2d@1.0.0 (location: F:\unity\ss\soul-seeker\Library\PackageCache\com.unity.modules.physicscore2d)
    com.unity.modules.screencapture@1.0.0 (location: F:\unity\ss\soul-seeker\Library\PackageCache\com.unity.modules.screencapture)
    com.unity.modules.terrain@1.0.0 (location: F:\unity\ss\soul-seeker\Library\PackageCache\com.unity.modules.terrain)
    com.unity.modules.terrainphysics@1.0.0 (location: F:\unity\ss\soul-seeker\Library\PackageCache\com.unity.modules.terrainphysics)
    com.unity.modules.tilemap@1.0.0 (location: F:\unity\ss\soul-seeker\Library\PackageCache\com.unity.modules.tilemap)
    com.unity.modules.ui@1.0.0 (location: F:\unity\ss\soul-seeker\Library\PackageCache\com.unity.modules.ui)
    com.unity.modules.uielements@1.0.0 (location: F:\unity\ss\soul-seeker\Library\PackageCache\com.unity.modules.uielements)
    com.unity.modules.umbra@1.0.0 (location: F:\unity\ss\soul-seeker\Library\PackageCache\com.unity.modules.umbra)
    com.unity.modules.unityanalytics@1.0.0 (location: F:\unity\ss\soul-seeker\Library\PackageCache\com.unity.modules.unityanalytics)
    com.unity.modules.unitywebrequest@1.0.0 (location: F:\unity\ss\soul-seeker\Library\PackageCache\com.unity.modules.unitywebrequest)
    com.unity.modules.unitywebrequestassetbundle@1.0.0 (location: F:\unity\ss\soul-seeker\Library\PackageCache\com.unity.modules.unitywebrequestassetbundle)
    com.unity.modules.unitywebrequestaudio@1.0.0 (location: F:\unity\ss\soul-seeker\Library\PackageCache\com.unity.modules.unitywebrequestaudio)
    com.unity.modules.unitywebrequesttexture@1.0.0 (location: F:\unity\ss\soul-seeker\Library\PackageCache\com.unity.modules.unitywebrequesttexture)
    com.unity.modules.unitywebrequestwww@1.0.0 (location: F:\unity\ss\soul-seeker\Library\PackageCache\com.unity.modules.unitywebrequestwww)
    com.unity.modules.vectorgraphics@1.0.0 (location: F:\unity\ss\soul-seeker\Library\PackageCache\com.unity.modules.vectorgraphics)
    com.unity.modules.vehicles@1.0.0 (location: F:\unity\ss\soul-seeker\Library\PackageCache\com.unity.modules.vehicles)
    com.unity.modules.video@1.0.0 (location: F:\unity\ss\soul-seeker\Library\PackageCache\com.unity.modules.video)
    com.unity.modules.wind@1.0.0 (location: F:\unity\ss\soul-seeker\Library\PackageCache\com.unity.modules.wind)
    com.unity.modules.xr@1.0.0 (location: F:\unity\ss\soul-seeker\Library\PackageCache\com.unity.modules.xr)
    com.unity.modules.subsystems@1.0.0 (location: F:\unity\ss\soul-seeker\Library\PackageCache\com.unity.modules.subsystems)
    com.unity.modules.hierarchycore@1.0.0 (location: F:\unity\ss\soul-seeker\Library\PackageCache\com.unity.modules.hierarchycore)
    com.unity.ext.nunit@2.1.0 (location: F:\unity\ss\soul-seeker\Library\PackageCache\com.unity.ext.nunit@44f7d31723bd)
    com.unity.render-pipelines.core@17.5.0 (location: F:\unity\ss\soul-seeker\Library\PackageCache\com.unity.render-pipelines.core@a4c9a9793789)
    com.unity.shadergraph@17.5.0 (location: F:\unity\ss\soul-seeker\Library\PackageCache\com.unity.shadergraph@8d7376ec43ee)
    com.unity.render-pipelines.universal-config@17.5.0 (location: F:\unity\ss\soul-seeker\Library\PackageCache\com.unity.render-pipelines.universal-config@fdda01c80fe3)
    com.unity.collections@6.5.0 (location: F:\unity\ss\soul-seeker\Library\PackageCache\com.unity.collections@ec2c217e4cb2)
    com.unity.mathematics@1.4.0 (location: F:\unity\ss\soul-seeker\Library\PackageCache\com.unity.mathematics@981956d94fb6)
  Embedded packages:
    com.diversion.vcs@file:F:\unity\ss\soul-seeker\Packages\com.diversion.vcs (location: F:\unity\ss\soul-seeker\Packages\com.diversion.vcs)
[Subsystems] No new subsystems found in resolved package list.
[Package Manager] Done registering packages in 0.03 seconds
[ScriptCompilation] Requested script compilation because: AssetDatabase observed changes in script compilation related files
info: Microsoft.Hosting.Lifetime[14]
      Now listening on: http://localhost:80
info: Microsoft.Hosting.Lifetime[0]
      Application started. Press Ctrl+C to shut down.
info: Microsoft.Hosting.Lifetime[0]
      Hosting environment: Production
info: Microsoft.Hosting.Lifetime[0]
      Content root path: F:\unity\ss\soul-seeker
info: Microsoft.AspNetCore.Hosting.Diagnostics[1]
      Request starting HTTP/2 POST http://ilpp/UnityILPP.PostProcessing/Ping - application/grpc -
info: Microsoft.AspNetCore.Routing.EndpointMiddleware[0]
      Executing endpoint 'gRPC - /UnityILPP.PostProcessing/Ping'
info: Microsoft.AspNetCore.Routing.EndpointMiddleware[1]
      Executed endpoint 'gRPC - /UnityILPP.PostProcessing/Ping'
info: Microsoft.AspNetCore.Hosting.Diagnostics[2]
      Request finished HTTP/2 POST http://ilpp/UnityILPP.PostProcessing/Ping - 200 - application/grpc 271.8642ms
Starting: F:\Unity\6000.5.8f1\Editor\Data\Tools\BuildPipeline\bee_backend.exe --ipc --defer-dag-verification --dagfile="Library/Bee/1900b0aE.dag" --continue-on-failure --profile="Library/Bee/backend1.traceevents" ScriptAssemblies
WorkingDir: F:/unity/ss/soul-seeker
info: Microsoft.AspNetCore.Hosting.Diagnostics[1]
      Request starting HTTP/2 POST http://ilpp/UnityILPP.PostProcessing/ConfigurePostProcessors - application/grpc -
info: Microsoft.AspNetCore.Routing.EndpointMiddleware[0]
      Executing endpoint 'gRPC - /UnityILPP.PostProcessing/ConfigurePostProcessors'
warn: Unity.ILPP.Runner.PostProcessingAssemblyLoadContext[0]
      Assembly system.runtime.interopservices.windowsruntime has duplicate hint path. Ignoring "F:\Unity\6000.5.8f1\Editor\Data\UnityReferenceAssemblies\unity-4.8-api\Facades\System.Runtime.InteropServices.WindowsRuntime.dll" in favor of "F:\Unity\6000.5.8f1\Editor\Data\NetStandard\Extensions\2.0.0\System.Runtime.InteropServices.WindowsRuntime.dll"
warn: Unity.ILPP.Runner.PostProcessingAssemblyLoadContext[0]
      Assembly system.componentmodel.composition has duplicate hint path. Ignoring "F:\Unity\6000.5.8f1\Editor\Data\UnityReferenceAssemblies\unity-4.8-api\System.ComponentModel.Composition.dll" in favor of "F:\Unity\6000.5.8f1\Editor\Data\NetStandard\compat\2.1.0\shims\netfx\System.ComponentModel.Composition.dll"
info: Unity.ILPP.Runner.PostProcessingAssemblyLoadContext[0]
      Resolved Unity.Burst.Cecil, Version=0.11.6.0, Culture=neutral, PublicKeyToken=50cebf1cceb9d05e with Library\PackageCache\com.unity.burst@2f3d916873ea\Unity.Burst.CodeGen\Unity.Burst.Cecil.dll
info: Unity.ILPP.Runner.PostProcessingAssemblyLoadContext[0]
      Resolved Mono.Cecil, Version=0.11.5.0, Culture=neutral, PublicKeyToken=50cebf1cceb9d05e with Library\PackageCache\com.unity.nuget.mono-cecil@ecb9724e46ff\Mono.Cecil.dll
info: Microsoft.AspNetCore.Routing.EndpointMiddleware[1]
      Executed endpoint 'gRPC - /UnityILPP.PostProcessing/ConfigurePostProcessors'
info: Microsoft.AspNetCore.Hosting.Diagnostics[2]
      Request finished HTTP/2 POST http://ilpp/UnityILPP.PostProcessing/ConfigurePostProcessors - 200 - application/grpc 729.0371ms
ExitCode: 3 Duration: 11s
[ 802/1538  0s] CopyFiles Library/ScriptAssemblies/UnityEngine.TestRunner.dll
[ 803/1538  0s] CopyFiles Library/ScriptAssemblies/UnityEngine.TestRunner.pdb
[ 808/1538  0s] CopyFiles Library/ScriptAssemblies/UnityEditor.TestRunner.pdb
[ 809/1538  0s] CopyFiles Library/ScriptAssemblies/UnityEditor.TestRunner.dll
[1020/1538  0s] CopyFiles Library/ScriptAssemblies/Unity.VisualStudio.Editor.pdb
[1026/1538  0s] CopyFiles Library/ScriptAssemblies/Unity.VisualStudio.Editor.dll
[1031/1538  0s] CopyFiles Library/ScriptAssemblies/Unity.Rider.Editor.pdb
[1037/1538  0s] CopyFiles Library/ScriptAssemblies/Unity.Rider.Editor.dll
[1041/1538  0s] CopyFiles Library/ScriptAssemblies/Unity.Collections.CodeGen.pdb
[1042/1538  0s] CopyFiles Library/ScriptAssemblies/Unity.Burst.CodeGen.dll
[1043/1538  0s] CopyFiles Library/ScriptAssemblies/Unity.Collections.CodeGen.dll
[1044/1538  0s] CopyFiles Library/ScriptAssemblies/Unity.Burst.CodeGen.pdb
[           0s] Csc Library/Bee/artifacts/1900b0aE.dag/Diversion.Editor.dll (+2 others) [CacheMiss 7933516e9231b68066d2f12e77ea781e00000000000000000000000000000006]
[1172/1538  0s] ILPP-Configuration Library/ilpp-configuration.nevergeneratedoutput
[1292/1538  0s] CopyFiles Library/ScriptAssemblies/Unity.RenderPipelines.Core.ShaderLibrary.dll
[1293/1538  0s] CopyFiles Library/ScriptAssemblies/Unity.RenderPipelines.Core.Runtime.Shared.dll
[1294/1538  0s] CopyFiles Library/ScriptAssemblies/Unity.2D.IK.Runtime.dll
[1295/1538  0s] CopyFiles Library/ScriptAssemblies/Unity.Services.Core.Configuration.dll
[1296/1538  0s] CopyFiles Library/ScriptAssemblies/Unity.UnifiedRayTracing.Runtime.dll
[1297/1538  0s] CopyFiles Library/ScriptAssemblies/Unity.Services.Core.Components.dll
[1298/1538  0s] CopyFiles Library/ScriptAssemblies/Unity.RenderPipelines.Universal.Runtime.dll
[1299/1538  0s] CopyFiles Library/ScriptAssemblies/Unity.Services.Core.Threading.dll
[1300/1538  0s] CopyFiles Library/ScriptAssemblies/Unity.2D.Animation.Runtime.dll
[1301/1538  0s] CopyFiles Library/ScriptAssemblies/Unity.RenderPipelines.GPUDriven.Runtime.dll
[1302/1538  0s] CopyFiles Library/ScriptAssemblies/Unity.Services.Core.Scheduler.dll
[1303/1538  0s] CopyFiles Library/ScriptAssemblies/Unity.InputSystem.ForUI.dll
[1304/1538  0s] CopyFiles Library/ScriptAssemblies/Unity.RenderPipelines.Universal.2D.Runtime.dll
[1305/1538  0s] CopyFiles Library/ScriptAssemblies/Unity.VisualScripting.Flow.dll
[1306/1538  0s] CopyFiles Library/ScriptAssemblies/Unity.Services.Core.Analytics.dll
[1307/1538  0s] CopyFiles Library/ScriptAssemblies/Unity.VisualScripting.Core.dll
[1308/1538  0s] CopyFiles Library/ScriptAssemblies/Unity.Mathematics.dll
[1309/1538  0s] CopyFiles Library/ScriptAssemblies/Unity.RenderPipelines.Universal.Config.Runtime.dll
[1310/1538  0s] CopyFiles Library/ScriptAssemblies/Unity.Multiplayer.Center.Common.dll
[1311/1538  0s] CopyFiles Library/ScriptAssemblies/Unity.Services.CloudSave.dll
[1312/1538  0s] CopyFiles Library/ScriptAssemblies/Unity.2D.Common.Runtime.dll
[1313/1538  0s] CopyFiles Library/ScriptAssemblies/Unity.InternalAPIEngineBridge.004.dll
[1314/1538  0s] CopyFiles Library/ScriptAssemblies/Unity.Services.Authentication.PlayerAccounts.dll
[1315/1538  0s] CopyFiles Library/ScriptAssemblies/UnityEngine.UI.dll
[1316/1538  0s] CopyFiles Library/ScriptAssemblies/Unity.VisualScripting.DocCodeExamples.dll
[1317/1538  0s] CopyFiles Library/ScriptAssemblies/Unity.Services.Core.Networking.dll
[1318/1538  0s] CopyFiles Library/ScriptAssemblies/Unity.2D.Tilemap.Extras.dll
[1319/1538  0s] CopyFiles Library/ScriptAssemblies/Unity.Collections.dll
[1320/1538  0s] CopyFiles Library/ScriptAssemblies/Unity.InputSystem.dll
[1321/1538  0s] CopyFiles Library/ScriptAssemblies/Unity.Services.Core.Environments.dll
[1322/1538  0s] CopyFiles Library/ScriptAssemblies/Unity.Services.Core.Telemetry.dll
[1323/1538  0s] CopyFiles Library/ScriptAssemblies/Unity.Burst.dll
[1324/1538  0s] CopyFiles Library/ScriptAssemblies/Unity.RenderPipeline.Universal.ShaderLibrary.dll
[1325/1538  0s] CopyFiles Library/ScriptAssemblies/Unity.InternalAPIEngineBridge.001.dll
[1326/1538  0s] CopyFiles Library/ScriptAssemblies/Unity.Services.Core.Device.dll
[1327/1538  0s] CopyFiles Library/ScriptAssemblies/Unity.2D.SpriteShape.Runtime.dll
[1328/1538  0s] CopyFiles Library/ScriptAssemblies/Unity.SurfaceCache.Runtime.dll
[1329/1538  0s] CopyFiles Library/ScriptAssemblies/Unity.PathTracing.Runtime.dll
[1330/1538  0s] CopyFiles Library/ScriptAssemblies/Unity.TextMeshPro.dll
[1331/1538  0s] CopyFiles Library/ScriptAssemblies/Unity.Services.Core.Environments.Internal.dll
[1332/1538  0s] CopyFiles Library/ScriptAssemblies/Unity.PerformanceTesting.dll
[1333/1538  0s] CopyFiles Library/ScriptAssemblies/Unity.InternalAPIEngineBridge.RenderPipelines.Core.Runtime.Shared.dll
[1334/1538  0s] CopyFiles Library/ScriptAssemblies/Unity.VisualScripting.State.dll
[1335/1538  0s] CopyFiles Library/ScriptAssemblies/Unity.Services.Core.Registration.dll
[1336/1538  0s] CopyFiles Library/ScriptAssemblies/Unity.RenderPipelines.Universal.Shaders.dll
[1337/1538  0s] CopyFiles Library/ScriptAssemblies/Unity.Services.Core.dll
[1338/1538  0s] CopyFiles Library/ScriptAssemblies/Unity.Timeline.dll
[1339/1538  0s] CopyFiles Library/ScriptAssemblies/Unity.RenderPipelines.ShaderGraph.ShaderGraphLibrary.dll
[1340/1538  0s] CopyFiles Library/ScriptAssemblies/Unity.RenderPipelines.Core.Runtime.dll
[1341/1538  0s] CopyFiles Library/ScriptAssemblies/Unity.Services.Authentication.dll
[1342/1538  0s] CopyFiles Library/ScriptAssemblies/Unity.InputSystem.TestFramework.dll
[1343/1538  0s] CopyFiles Library/ScriptAssemblies/Unity.Services.Core.Internal.dll
[1344/1538  0s] CopyFiles Library/ScriptAssemblies/Unity.Cloud.Assets.Embedded.dll
[1345/1538  0s] CopyFiles Library/ScriptAssemblies/Unity.Cloud.Assets.Embedded.pdb
[1346/1538  0s] CopyFiles Library/ScriptAssemblies/Unity.InternalAPIEditorBridge.001.pdb
[1347/1538  0s] CopyFiles Library/ScriptAssemblies/Unity.InternalAPIEditorBridge.001.dll
[1348/1538  0s] CopyFiles Library/ScriptAssemblies/Unity.VisualScripting.State.Editor.dll
[1349/1538  0s] CopyFiles Library/ScriptAssemblies/Unity.VisualScripting.State.Editor.pdb
[1350/1538  0s] CopyFiles Library/ScriptAssemblies/Unity.2D.Tilemap.Editor.pdb
[1351/1538  0s] CopyFiles Library/ScriptAssemblies/Unity.2D.Tilemap.Editor.dll
[1352/1538  0s] CopyFiles Library/ScriptAssemblies/Unity.AssetManager.Core.Editor.dll
[1353/1538  0s] CopyFiles Library/ScriptAssemblies/Unity.AssetManager.Core.Editor.pdb
[1354/1538  0s] CopyFiles Library/ScriptAssemblies/Unity.VisualScripting.Core.Editor.pdb
[1355/1538  0s] CopyFiles Library/ScriptAssemblies/Unity.2D.Tooling.Editor.pdb
[1356/1538  0s] CopyFiles Library/ScriptAssemblies/Unity.VisualScripting.Core.Editor.dll
[1357/1538  0s] CopyFiles Library/ScriptAssemblies/Unity.2D.Tooling.Editor.dll
[1358/1538  0s] CopyFiles Library/ScriptAssemblies/Unity.Cloud.Assets.Runtime.Embedded.pdb
[1359/1538  0s] CopyFiles Library/ScriptAssemblies/Unity.Cloud.Assets.Runtime.Embedded.dll
[1360/1538  0s] CopyFiles Library/ScriptAssemblies/Unity.Searcher.Editor.pdb
[1361/1538  0s] CopyFiles Library/ScriptAssemblies/Unity.VisualScripting.Flow.Editor.dll
[1362/1538  0s] CopyFiles Library/ScriptAssemblies/Unity.Searcher.Editor.dll
[1363/1538  0s] CopyFiles Library/ScriptAssemblies/Unity.VisualScripting.Flow.Editor.pdb
[1364/1538  0s] CopyFiles Library/ScriptAssemblies/Unity.ShaderGraph.Utilities.pdb
[1365/1538  0s] CopyFiles Library/ScriptAssemblies/Unity.ShaderGraph.Utilities.dll
[1366/1538  0s] CopyFiles Library/ScriptAssemblies/Unity.CollabProxy.Editor.dll
[1367/1538  0s] CopyFiles Library/ScriptAssemblies/Unity.CollabProxy.Editor.pdb
[1368/1538  0s] CopyFiles Library/ScriptAssemblies/Unity.2D.Psdimporter.Editor.pdb
[1369/1538  0s] CopyFiles Library/ScriptAssemblies/Unity.InternalAPIEditorBridge.ShaderGraph.Editor.dll
[1370/1538  0s] CopyFiles Library/ScriptAssemblies/Unity.InternalAPIEditorBridge.ShaderGraph.Editor.pdb
[1371/1538  0s] CopyFiles Library/ScriptAssemblies/Unity.InputSystem.DocCodeSamples.dll
[1372/1538  0s] CopyFiles Library/ScriptAssemblies/Unity.2D.Psdimporter.Editor.dll
[1373/1538  0s] CopyFiles Library/ScriptAssemblies/Unity.InputSystem.DocCodeSamples.pdb
[1374/1538  0s] CopyFiles Library/ScriptAssemblies/UnityEditor.UI.dll
[1375/1538  0s] CopyFiles Library/ScriptAssemblies/UnityEditor.UI.pdb
[1376/1538  0s] CopyFiles Library/ScriptAssemblies/Unity.ShaderGraph.Editor.pdb
[1377/1538  0s] CopyFiles Library/ScriptAssemblies/Unity.ShaderGraph.Editor.dll
[1378/1538  0s] CopyFiles Library/ScriptAssemblies/Unity.InternalAPIEngineBridge.RenderPipelines.Core.Editor.dll
[1379/1538  0s] CopyFiles Library/ScriptAssemblies/Unity.RenderPipelines.Core.Editor.Shared.dll
[1380/1538  0s] CopyFiles Library/ScriptAssemblies/Unity.InternalAPIEngineBridge.RenderPipelines.Core.Editor.pdb
[1381/1538  0s] CopyFiles Library/ScriptAssemblies/Unity.RenderPipelines.Core.Editor.Shared.pdb
[1382/1538  0s] CopyFiles Library/ScriptAssemblies/Unity.Cloud.AppLinking.Editor.Embedded.pdb
[1383/1538  0s] CopyFiles Library/ScriptAssemblies/Unity.Cloud.AppLinking.Editor.Embedded.dll
[1384/1538  0s] CopyFiles Library/ScriptAssemblies/Unity.2D.Common.Editor.pdb
[1385/1538  0s] CopyFiles Library/ScriptAssemblies/Unity.PlasticSCM.Editor.Entities.pdb
[1386/1538  0s] CopyFiles Library/ScriptAssemblies/Unity.2D.Common.Editor.dll
[1387/1538  0s] CopyFiles Library/ScriptAssemblies/Unity.PlasticSCM.Editor.Entities.dll
[1388/1538  0s] CopyFiles Library/ScriptAssemblies/PsdPlugin.pdb
[1389/1538  0s] CopyFiles Library/ScriptAssemblies/PsdPlugin.dll
[1390/1538  0s] CopyFiles Library/ScriptAssemblies/Unity.RenderPipelines.Universal.Editor.pdb
[1391/1538  0s] CopyFiles Library/ScriptAssemblies/Unity.2D.Sprite.Editor.dll
[1392/1538  0s] CopyFiles Library/ScriptAssemblies/Unity.Cloud.Identity.Embedded.pdb
[1393/1538  0s] CopyFiles Library/ScriptAssemblies/Unity.2D.Sprite.Editor.pdb
[1394/1538  0s] CopyFiles Library/ScriptAssemblies/Unity.Cloud.Identity.Embedded.dll
[1395/1538  0s] CopyFiles Library/ScriptAssemblies/Unity.RenderPipelines.Universal.Editor.dll
[1396/1538  0s] CopyFiles Library/ScriptAssemblies/Unity.Cloud.Common.Editor.Embedded.dll
[1397/1538  0s] CopyFiles Library/ScriptAssemblies/Unity.Cloud.Common.Editor.Embedded.pdb
[1398/1538  0s] CopyFiles Library/ScriptAssemblies/Unity.2D.Aseprite.Common.pdb
[1399/1538  0s] CopyFiles Library/ScriptAssemblies/Unity.PerformanceTesting.Editor.dll
[1400/1538  0s] CopyFiles Library/ScriptAssemblies/Unity.2D.Aseprite.Common.dll
[1401/1538  0s] CopyFiles Library/ScriptAssemblies/Unity.2D.Aseprite.Editor.dll
[1402/1538  0s] CopyFiles Library/ScriptAssemblies/Unity.2D.Aseprite.Editor.pdb
[1403/1538  0s] CopyFiles Library/ScriptAssemblies/Unity.PerformanceTesting.Editor.pdb
[1404/1538  0s] CopyFiles Library/ScriptAssemblies/Unity.Cloud.AppLinking.Embedded.pdb
[1405/1538  0s] CopyFiles Library/ScriptAssemblies/Unity.Cloud.AppLinking.Embedded.dll
[1406/1538  0s] CopyFiles Library/ScriptAssemblies/Unity.Cloud.AppLinking.Runtime.Embedded.pdb
[1407/1538  0s] CopyFiles Library/ScriptAssemblies/Unity.Cloud.AppLinking.Runtime.Embedded.dll
[1408/1538  0s] CopyFiles Library/ScriptAssemblies/Unity.Services.Authentication.Editor.dll
[1409/1538  0s] CopyFiles Library/ScriptAssemblies/Unity.Services.Authentication.Editor.pdb
[1410/1538  0s] CopyFiles Library/ScriptAssemblies/Unity.TextMeshPro.Editor.pdb
[1411/1538  0s] CopyFiles Library/ScriptAssemblies/Unity.TextMeshPro.Editor.dll
[1412/1538  0s] CopyFiles Library/ScriptAssemblies/Unity.2D.IK.Editor.pdb
[1413/1538  0s] CopyFiles Library/ScriptAssemblies/Unity.2D.IK.Editor.dll
[1414/1538  0s] CopyFiles Library/ScriptAssemblies/Unity.Cloud.Identity.Runtime.Embedded.dll
[1415/1538  0s] CopyFiles Library/ScriptAssemblies/Unity.Cloud.Identity.Runtime.Embedded.pdb
[1416/1538  0s] CopyFiles Library/ScriptAssemblies/Unity.2D.SpriteShape.Editor.pdb
[1417/1538  0s] CopyFiles Library/ScriptAssemblies/Unity.2D.SpriteShape.Editor.dll
[1418/1538  0s] CopyFiles Library/ScriptAssemblies/Unity.PlasticSCM.Editor.pdb
[1419/1538  0s] CopyFiles Library/ScriptAssemblies/Unity.Services.Core.Configuration.Editor.pdb
[1420/1538  0s] CopyFiles Library/ScriptAssemblies/Unity.Services.Core.Editor.pdb
[1421/1538  0s] CopyFiles Library/ScriptAssemblies/Unity.Services.Core.Configuration.Editor.dll
[1422/1538  0s] CopyFiles Library/ScriptAssemblies/Unity.PlasticSCM.Editor.dll
[1423/1538  0s] CopyFiles Library/ScriptAssemblies/Unity.Services.Core.Editor.dll
[1424/1538  0s] CopyFiles Library/ScriptAssemblies/Unity.Cloud.Common.Runtime.Embedded.pdb
[1425/1538  0s] CopyFiles Library/ScriptAssemblies/Unity.Services.CloudSave.Editor.dll
[1426/1538  0s] CopyFiles Library/ScriptAssemblies/Unity.Cloud.Common.Runtime.Embedded.dll
[1427/1538  0s] CopyFiles Library/ScriptAssemblies/Unity.Services.CloudSave.Editor.pdb
[1428/1538  0s] CopyFiles Library/ScriptAssemblies/Unity.VisualScripting.SettingsProvider.Editor.pdb
[1429/1538  0s] CopyFiles Library/ScriptAssemblies/Unity.VisualScripting.SettingsProvider.Editor.dll
[1430/1538  0s] CopyFiles Library/ScriptAssemblies/Unity.Collections.Editor.dll
[1431/1538  0s] CopyFiles Library/ScriptAssemblies/Unity.Collections.Editor.pdb
[1432/1538  0s] CopyFiles Library/ScriptAssemblies/Unity.Timeline.Editor.pdb
[1433/1538  0s] CopyFiles Library/ScriptAssemblies/Unity.VisualScripting.Shared.Editor.pdb
[1434/1538  0s] CopyFiles Library/ScriptAssemblies/Unity.Timeline.Editor.dll
[1435/1538  0s] CopyFiles Library/ScriptAssemblies/Unity.VisualScripting.Shared.Editor.dll
[1436/1538  0s] CopyFiles Library/ScriptAssemblies/Unity.Rendering.LightTransport.Editor.pdb
[1437/1538  0s] CopyFiles Library/ScriptAssemblies/UnityEditor.UI.Analytics.pdb
[1438/1538  0s] CopyFiles Library/ScriptAssemblies/UnityEditor.UI.Analytics.dll
[1439/1538  0s] CopyFiles Library/ScriptAssemblies/Unity.Rendering.LightTransport.Editor.dll
[1440/1538  0s] CopyFiles Library/ScriptAssemblies/Unity.PlasticSCM.Editor.Assistant.pdb
[1441/1538  0s] CopyFiles Library/ScriptAssemblies/Unity.PlasticSCM.Editor.Assistant.dll
[1442/1538  0s] CopyFiles Library/ScriptAssemblies/Unity.Settings.Editor.pdb
[1443/1538  0s] CopyFiles Library/ScriptAssemblies/Unity.Settings.Editor.dll
[1444/1538  0s] CopyFiles Library/ScriptAssemblies/Unity.AssetManager.Upload.Editor.dll
[1445/1538  0s] CopyFiles Library/ScriptAssemblies/Unity.AssetManager.Upload.Editor.pdb
[1446/1538  0s] CopyFiles Library/ScriptAssemblies/Unity.2D.Common.Path.Editor.pdb
[1447/1538  0s] CopyFiles Library/ScriptAssemblies/Unity.2D.Common.Path.Editor.dll
[1448/1538  0s] CopyFiles Library/ScriptAssemblies/Unity.2D.Triangulation.Runtime.pdb
[1449/1538  0s] CopyFiles Library/ScriptAssemblies/Unity.2D.Triangulation.Runtime.dll
[1450/1538  0s] CopyFiles Library/ScriptAssemblies/Unity.Cloud.Identity.Editor.Embedded.dll
[1451/1538  0s] CopyFiles Library/ScriptAssemblies/Unity.2D.Tilemap.Extras.Editor.pdb
[1452/1538  0s] CopyFiles Library/ScriptAssemblies/Unity.2D.Tilemap.Extras.Editor.dll
[1453/1538  0s] CopyFiles Library/ScriptAssemblies/Unity.Services.Core.Environments.Editor.dll
[1454/1538  0s] CopyFiles Library/ScriptAssemblies/Unity.Cloud.Identity.Editor.Embedded.pdb
[1455/1538  0s] CopyFiles Library/ScriptAssemblies/Unity.Burst.Editor.pdb
[1456/1538  0s] CopyFiles Library/ScriptAssemblies/Unity.RenderPipelines.Core.Editor.pdb
[1457/1538  0s] CopyFiles Library/ScriptAssemblies/Unity.Burst.Editor.dll
[1458/1538  0s] CopyFiles Library/ScriptAssemblies/Unity.Services.Core.Environments.Editor.pdb
[1459/1538  0s] CopyFiles Library/ScriptAssemblies/Unity.RenderPipelines.Core.Editor.dll
[1460/1538  0s] CopyFiles Library/ScriptAssemblies/Unity.2D.Animation.Editor.pdb
[1461/1538  0s] CopyFiles Library/ScriptAssemblies/Unity.PathTracing.Editor.pdb
[1462/1538  0s] CopyFiles Library/ScriptAssemblies/Unity.2D.Animation.Editor.dll
[1463/1538  0s] CopyFiles Library/ScriptAssemblies/Unity.PathTracing.Editor.dll
[1464/1538  0s] CopyFiles Library/ScriptAssemblies/Unity.Multiplayer.Center.Editor.dll
[1465/1538  0s] CopyFiles Library/ScriptAssemblies/Unity.Multiplayer.Center.Editor.pdb
[1466/1538  0s] CopyFiles Library/ScriptAssemblies/Unity.RenderPipelines.Universal.2D.Editor.Overrides.pdb
[1467/1538  0s] CopyFiles Library/ScriptAssemblies/Unity.Services.Authentication.PlayerAccounts.Editor.pdb
[1468/1538  0s] CopyFiles Library/ScriptAssemblies/Unity.RenderPipelines.ShaderGraph.ShaderGraphLibrary.pdb
[1469/1538  0s] CopyFiles Library/ScriptAssemblies/Unity.Services.Authentication.PlayerAccounts.Editor.dll
[1470/1538  0s] CopyFiles Library/ScriptAssemblies/Unity.RenderPipelines.Universal.2D.Editor.Overrides.dll
[1471/1538  0s] CopyFiles Library/ScriptAssemblies/Unity.InputSystem.ForUI.Editor.dll
[1472/1538  0s] CopyFiles Library/ScriptAssemblies/Unity.InputSystem.ForUI.Editor.pdb
[1473/1538  0s] CopyFiles Library/ScriptAssemblies/Unity.Cloud.Common.Embedded.pdb
[1474/1538  0s] CopyFiles Library/ScriptAssemblies/Unity.Cloud.Common.Embedded.dll
[1475/1538  0s] CopyFiles Library/ScriptAssemblies/ScriptablePacker.pdb
[1476/1538  0s] CopyFiles Library/ScriptAssemblies/ScriptablePacker.dll
[1477/1538  0s] CopyFiles Library/ScriptAssemblies/Unity.AssetManager.UI.Editor.dll
[1478/1538  0s] CopyFiles Library/ScriptAssemblies/Unity.AssetManager.UI.Editor.pdb
[1479/1538  0s] CopyFiles Library/ScriptAssemblies/Unity.Services.Core.Configuration.pdb
[1480/1538  0s] CopyFiles Library/ScriptAssemblies/Unity.PathTracing.Runtime.pdb
[1481/1538  0s] CopyFiles Library/ScriptAssemblies/Unity.Mathematics.pdb
[1482/1538  0s] CopyFiles Library/ScriptAssemblies/Unity.Services.Core.Internal.pdb
[1483/1538  0s] CopyFiles Library/ScriptAssemblies/Unity.Timeline.pdb
[1484/1538  0s] CopyFiles Library/ScriptAssemblies/Unity.Services.Authentication.PlayerAccounts.pdb
[1485/1538  0s] CopyFiles Library/ScriptAssemblies/Unity.Burst.pdb
[1486/1538  0s] CopyFiles Library/ScriptAssemblies/Unity.Services.Core.Environments.pdb
[1487/1538  0s] CopyFiles Library/ScriptAssemblies/Unity.InputSystem.ForUI.pdb
[1488/1538  0s] CopyFiles Library/ScriptAssemblies/Unity.RenderPipelines.Universal.Runtime.pdb
[1489/1538  0s] CopyFiles Library/ScriptAssemblies/Unity.RenderPipelines.GPUDriven.Runtime.pdb
[1490/1538  0s] CopyFiles Library/ScriptAssemblies/Unity.2D.Common.Runtime.pdb
[1491/1538  0s] CopyFiles Library/ScriptAssemblies/Unity.RenderPipeline.Universal.ShaderLibrary.pdb
[1492/1538  0s] CopyFiles Library/ScriptAssemblies/Unity.Services.Core.Networking.pdb
[1493/1538  0s] CopyFiles Library/ScriptAssemblies/Unity.Services.Core.Telemetry.pdb
[1494/1538  0s] CopyFiles Library/ScriptAssemblies/Unity.Services.Core.Scheduler.pdb
[1495/1538  0s] CopyFiles Library/ScriptAssemblies/Unity.VisualScripting.Flow.pdb
[1496/1538  0s] CopyFiles Library/ScriptAssemblies/Unity.InternalAPIEngineBridge.RenderPipelines.Core.Runtime.Shared.pdb
[1497/1538  0s] CopyFiles Library/ScriptAssemblies/Unity.Multiplayer.Center.Common.pdb
[1498/1538  0s] CopyFiles Library/ScriptAssemblies/Unity.RenderPipelines.Universal.Shaders.pdb
[1499/1538  0s] CopyFiles Library/ScriptAssemblies/Unity.Services.Core.Registration.pdb
[1500/1538  0s] CopyFiles Library/ScriptAssemblies/Unity.Services.Core.Analytics.pdb
[1501/1538  0s] CopyFiles Library/ScriptAssemblies/Unity.2D.Animation.Runtime.pdb
[1502/1538  0s] CopyFiles Library/ScriptAssemblies/Unity.Collections.pdb
[1503/1538  0s] CopyFiles Library/ScriptAssemblies/Unity.RenderPipelines.Core.Runtime.Shared.pdb
[1504/1538  0s] CopyFiles Library/ScriptAssemblies/Unity.RenderPipelines.Universal.Config.Runtime.pdb
[1505/1538  0s] CopyFiles Library/ScriptAssemblies/Unity.InternalAPIEngineBridge.004.pdb
[1506/1538  0s] CopyFiles Library/ScriptAssemblies/Unity.Services.Core.pdb
[1507/1538  0s] CopyFiles Library/ScriptAssemblies/Unity.InputSystem.pdb
[1508/1538  0s] CopyFiles Library/ScriptAssemblies/Unity.InternalAPIEngineBridge.001.pdb
[1509/1538  0s] CopyFiles Library/ScriptAssemblies/Unity.Services.CloudSave.pdb
[1510/1538  0s] CopyFiles Library/ScriptAssemblies/Unity.Services.Core.Components.pdb
[1511/1538  0s] CopyFiles Library/ScriptAssemblies/Unity.2D.IK.Runtime.pdb
[1512/1538  0s] CopyFiles Library/ScriptAssemblies/Unity.Services.Core.Device.pdb
[1513/1538  0s] CopyFiles Library/ScriptAssemblies/Unity.RenderPipelines.Core.ShaderLibrary.pdb
[1514/1538  0s] CopyFiles Library/ScriptAssemblies/Unity.Services.Core.Environments.Internal.pdb
[1515/1538  0s] CopyFiles Library/ScriptAssemblies/Unity.Services.Authentication.pdb
[1516/1538  0s] CopyFiles Library/ScriptAssemblies/Unity.InputSystem.TestFramework.pdb
[1517/1538  0s] CopyFiles Library/ScriptAssemblies/Unity.PerformanceTesting.pdb
[1518/1538  0s] CopyFiles Library/ScriptAssemblies/Unity.SurfaceCache.Runtime.pdb
[1519/1538  0s] CopyFiles Library/ScriptAssemblies/Unity.Services.Core.Threading.pdb
[1520/1538  0s] CopyFiles Library/ScriptAssemblies/Unity.VisualScripting.DocCodeExamples.pdb
[1521/1538  0s] CopyFiles Library/ScriptAssemblies/Unity.VisualScripting.State.pdb
[1522/1538  0s] CopyFiles Library/ScriptAssemblies/Unity.2D.Tilemap.Extras.pdb
[1523/1538  0s] CopyFiles Library/ScriptAssemblies/Unity.2D.SpriteShape.Runtime.pdb
[1524/1538  0s] CopyFiles Library/ScriptAssemblies/Unity.RenderPipelines.Core.Runtime.pdb
[1525/1538  0s] CopyFiles Library/ScriptAssemblies/Unity.TextMeshPro.pdb
[1526/1538  0s] CopyFiles Library/ScriptAssemblies/Unity.RenderPipelines.Universal.2D.Runtime.pdb
[1527/1538  0s] CopyFiles Library/ScriptAssemblies/Unity.VisualScripting.Core.pdb
[1528/1538  0s] CopyFiles Library/ScriptAssemblies/UnityEngine.UI.pdb
[1529/1538  0s] CopyFiles Library/ScriptAssemblies/Unity.UnifiedRayTracing.Runtime.pdb
[BUSY       7s] Csc Library/Bee/artifacts/1900b0aE.dag/Diversion.Editor.dll (+2 others)
[1530/1538 10s] Csc Library/Bee/artifacts/1900b0aE.dag/Diversion.Editor.dll (+2 others)
##### CommandLine
"F:\Unity\6000.5.8f1\Editor\Data\DotNetSdk\dotnet.exe" exec "F:/Unity/6000.5.8f1/Editor/Data/DotNetSdk/sdk/8.0.318/Roslyn/bincore/csc.dll" /nostdlib /noconfig /shared "@Library/Bee/artifacts/1900b0aE.dag/Diversion.Editor.rsp" "@Library/Bee/artifacts/1900b0aE.dag/Diversion.Editor.rsp2"
##### Contents of Library\Bee\artifacts\1900b0aE.dag\Diversion.Editor.rsp
-target:library
-out:"Library/Bee/artifacts/1900b0aE.dag/Diversion.Editor.dll"
-refout:"Library/Bee/artifacts/1900b0aE.dag/Diversion.Editor.ref.dll"
-define:UNITY_6000_5_8
-define:UNITY_6000_5
-define:UNITY_6000
-define:UNITY_5_3_OR_NEWER
-define:UNITY_5_4_OR_NEWER
-define:UNITY_5_5_OR_NEWER
-define:UNITY_5_6_OR_NEWER
-define:UNITY_2017_1_OR_NEWER
-define:UNITY_2017_2_OR_NEWER
-define:UNITY_2017_3_OR_NEWER
-define:UNITY_2017_4_OR_NEWER
-define:UNITY_2018_1_OR_NEWER
-define:UNITY_2018_2_OR_NEWER
-define:UNITY_2018_3_OR_NEWER
-define:UNITY_2018_4_OR_NEWER
-define:UNITY_2019_1_OR_NEWER
-define:UNITY_2019_2_OR_NEWER
-define:UNITY_2019_3_OR_NEWER
-define:UNITY_2019_4_OR_NEWER
-define:UNITY_2020_1_OR_NEWER
-define:UNITY_2020_2_OR_NEWER
-define:UNITY_2020_3_OR_NEWER
-define:UNITY_2021_1_OR_NEWER
-define:UNITY_2021_2_OR_NEWER
-define:UNITY_2021_3_OR_NEWER
-define:UNITY_2022_1_OR_NEWER
-define:UNITY_2022_2_OR_NEWER
-define:UNITY_2022_3_OR_NEWER
-define:UNITY_2023_1_OR_NEWER
-define:UNITY_2023_2_OR_NEWER
-define:UNITY_2023_3_OR_NEWER
-define:UNITY_6000_0_OR_NEWER
-define:UNITY_6000_1_OR_NEWER
-define:UNITY_6000_2_OR_NEWER
-define:UNITY_6000_3_OR_NEWER
-define:UNITY_6000_4_OR_NEWER
-define:UNITY_6000_5_OR_NEWER
-define:PLATFORM_ARCH_64
-define:UNITY_64
-define:UNITY_INCLUDE_TESTS
-define:UNITY_ENABLE_CLOUD_SERVICES_ENGINE_DIAGNOSTICS_MANAGED
-define:ENABLE_AR
-define:ENABLE_AUDIO
-define:ENABLE_AUDIO_SCRIPTABLE_PIPELINE
-define:ENABLE_CACHING
-define:ENABLE_CLOTH
-define:ENABLE_EVENT_QUEUE
-define:ENABLE_MICROPHONE
-define:ENABLE_MULTIPLE_DISPLAYS
-define:ENABLE_PHYSICS
-define:ENABLE_TEXTURE_STREAMING
-define:ENABLE_VIRTUALTEXTURING
-define:ENABLE_LZMA
-define:ENABLE_UNITYEVENTS
-define:ENABLE_VR
-define:ENABLE_WEBCAM
-define:ENABLE_UNITYWEBREQUEST
-define:ENABLE_WWW
-define:ENABLE_CLOUD_SERVICES
-define:ENABLE_CLOUD_SERVICES_ADS
-define:ENABLE_CLOUD_SERVICES_USE_WEBREQUEST
-define:ENABLE_UNITY_CONSENT
-define:ENABLE_UNITY_CLOUD_IDENTIFIERS
-define:ENABLE_CLOUD_SERVICES_CRASH_REPORTING
-define:ENABLE_CLOUD_SERVICES_NATIVE_CRASH_REPORTING
-define:ENABLE_CLOUD_SERVICES_PURCHASING
-define:ENABLE_CLOUD_SERVICES_ANALYTICS
-define:ENABLE_CLOUD_SERVICES_BUILD
-define:ENABLE_EDITOR_GAME_SERVICES
-define:ENABLE_UNITY_GAME_SERVICES_ANALYTICS_SUPPORT
-define:ENABLE_CLOUD_LICENSE
-define:ENABLE_EDITOR_HUB_LICENSE
-define:ENABLE_WEBSOCKET_CLIENT
-define:ENABLE_GENERATE_NATIVE_PLUGINS_FOR_ASSEMBLIES_API
-define:ENABLE_DIRECTOR_AUDIO
-define:ENABLE_DIRECTOR_TEXTURE
-define:ENABLE_MANAGED_JOBS
-define:ENABLE_MANAGED_TRANSFORM_JOBS
-define:ENABLE_MANAGED_ANIMATION_JOBS
-define:ENABLE_MANAGED_AUDIO_JOBS
-define:ENABLE_MANAGED_UNITYTLS
-define:INCLUDE_DYNAMIC_GI
-define:ENABLE_SCRIPTING_GC_WBARRIERS
-define:PLATFORM_SUPPORTS_MONO
-define:RENDER_SOFTWARE_CURSOR
-define:ENABLE_MARSHALLING_TESTS
-define:ENABLE_VIDEO
-define:ENABLE_NAVIGATION_OFFMESHLINK_TO_NAVMESHLINK
-define:ENABLE_ACCELERATOR_CLIENT_DEBUGGING
-define:ENABLE_ACCESSIBILITY_SCREEN_READER
-define:TEXTCORE_1_0_OR_NEWER
-define:EDITOR_ONLY_NAVMESH_BUILDER_DEPRECATED
-define:PLATFORM_STANDALONE_WIN
-define:PLATFORM_STANDALONE
-define:UNITY_STANDALONE_WIN
-define:UNITY_STANDALONE
-define:ENABLE_RUNTIME_GI
-define:ENABLE_MOVIES
-define:ENABLE_NETWORK
-define:ENABLE_NVIDIA
-define:ENABLE_AMD
-define:ENABLE_CRUNCH_TEXTURE_COMPRESSION
-define:ENABLE_CLOUD_SERVICES_ENGINE_DIAGNOSTICS
-define:ENABLE_OUT_OF_PROCESS_CRASH_HANDLER
-define:ENABLE_CLUSTER_SYNC
-define:ENABLE_CLUSTERINPUT
-define:PLATFORM_UPDATES_TIME_OUTSIDE_OF_PLAYER_LOOP
-define:GFXDEVICE_WAITFOREVENT_MESSAGEPUMP
-define:PLATFORM_USES_EXPLICIT_MEMORY_MANAGER_INITIALIZER
-define:PLATFORM_SUPPORTS_WAIT_FOR_PRESENTATION
-define:PLATFORM_SUPPORTS_SPLIT_GRAPHICS_JOBS
-define:PLATFORM_USES_VULKAN_OLD_SWAPCHAIN
-define:USE_READ_ASYNC_MANAGED_API
-define:ENABLE_MONO
-define:NET_4_6
-define:NET_UNITY_4_8
-define:ENABLE_PROFILER
-define:DEBUG
-define:TRACE
-define:UNITY_ASSERTIONS
-define:UNITY_EDITOR
-define:UNITY_EDITOR_64
-define:UNITY_EDITOR_WIN
-define:ENABLE_UNITY_COLLECTIONS_CHECKS
-define:ENABLE_BURST_AOT
-define:UNITY_TEAM_LICENSE
-define:UNITY_PRO_LICENSE
-define:ENABLE_CUSTOM_RENDER_TEXTURE
-define:ENABLE_DIRECTOR
-define:ENABLE_LOCALIZATION
-define:ENABLE_SPRITES
-define:ENABLE_TERRAIN
-define:ENABLE_TILEMAP
-define:ENABLE_TIMELINE
-define:ENABLE_INPUT_SYSTEM
-define:ENABLE_LEGACY_INPUT_MANAGER
-define:TEXTCORE_FONT_ENGINE_1_5_OR_NEWER
-define:TEXTCORE_TEXT_ENGINE_1_5_OR_NEWER
-define:TEXTCORE_FONT_ENGINE_1_6_OR_NEWER
-define:CSHARP_7_OR_LATER
-define:CSHARP_7_3_OR_NEWER
-define:UNITY_EDITOR_ONLY_COMPILATION
-r:"F:/Unity/6000.5.8f1/Editor/Data/BCLExtensions/TargetingPacks/netstandard2.1/ref/Microsoft.Bcl.AsyncInterfaces.dll"
-r:"F:/Unity/6000.5.8f1/Editor/Data/BCLExtensions/TargetingPacks/netstandard2.1/ref/Microsoft.Extensions.DependencyInjection.Abstractions.dll"
-r:"F:/Unity/6000.5.8f1/Editor/Data/BCLExtensions/TargetingPacks/netstandard2.1/ref/Microsoft.Extensions.Logging.Abstractions.dll"
-r:"F:/Unity/6000.5.8f1/Editor/Data/BCLExtensions/TargetingPacks/netstandard2.1/ref/System.Collections.Immutable.dll"
-r:"F:/Unity/6000.5.8f1/Editor/Data/BCLExtensions/TargetingPacks/netstandard2.1/ref/System.Diagnostics.DiagnosticSource.dll"
-r:"F:/Unity/6000.5.8f1/Editor/Data/BCLExtensions/TargetingPacks/netstandard2.1/ref/System.IO.Hashing.dll"
-r:"F:/Unity/6000.5.8f1/Editor/Data/BCLExtensions/TargetingPacks/netstandard2.1/ref/System.Reflection.Metadata.dll"
-r:"F:/Unity/6000.5.8f1/Editor/Data/BCLExtensions/TargetingPacks/netstandard2.1/ref/System.Runtime.CompilerServices.Unsafe.dll"
-r:"F:/Unity/6000.5.8f1/Editor/Data/BCLExtensions/TargetingPacks/netstandard2.1/ref/System.Text.Encodings.Web.dll"
-r:"F:/Unity/6000.5.8f1/Editor/Data/BCLExtensions/TargetingPacks/netstandard2.1/ref/System.Text.Json.dll"
-r:"F:/Unity/6000.5.8f1/Editor/Data/Managed/UnityEditor.Graphs.dll"
-r:"F:/Unity/6000.5.8f1/Editor/Data/Managed/UnityEngine/Unity.Scripting.dll"
-r:"F:/Unity/6000.5.8f1/Editor/Data/Managed/UnityEngine/UnityEditor.AIModule.dll"
-r:"F:/Unity/6000.5.8f1/Editor/Data/Managed/UnityEngine/UnityEditor.AccessibilityModule.dll"
-r:"F:/Unity/6000.5.8f1/Editor/Data/Managed/UnityEngine/UnityEditor.AdaptivePerformanceModule.dll"
-r:"F:/Unity/6000.5.8f1/Editor/Data/Managed/UnityEngine/UnityEditor.AssetComplianceModule.dll"
-r:"F:/Unity/6000.5.8f1/Editor/Data/Managed/UnityEngine/UnityEditor.BuildProfileModule.dll"
-r:"F:/Unity/6000.5.8f1/Editor/Data/Managed/UnityEngine/UnityEditor.ClothModule.dll"
-r:"F:/Unity/6000.5.8f1/Editor/Data/Managed/UnityEngine/UnityEditor.ContentLoadModule.dll"
-r:"F:/Unity/6000.5.8f1/Editor/Data/Managed/UnityEngine/UnityEditor.CoreBusinessMetricsModule.dll"
-r:"F:/Unity/6000.5.8f1/Editor/Data/Managed/UnityEngine/UnityEditor.CoreModule.dll"
-r:"F:/Unity/6000.5.8f1/Editor/Data/Managed/UnityEngine/UnityEditor.DeviceSimulatorModule.dll"
-r:"F:/Unity/6000.5.8f1/Editor/Data/Managed/UnityEngine/UnityEditor.DiagnosticsModule.dll"
-r:"F:/Unity/6000.5.8f1/Editor/Data/Managed/UnityEngine/UnityEditor.EditorToolbarModule.dll"
-r:"F:/Unity/6000.5.8f1/Editor/Data/Managed/UnityEngine/UnityEditor.EmbreeModule.dll"
-r:"F:/Unity/6000.5.8f1/Editor/Data/Managed/UnityEngine/UnityEditor.GIModule.dll"
-r:"F:/Unity/6000.5.8f1/Editor/Data/Managed/UnityEngine/UnityEditor.GenericRemoteModule.dll"
-r:"F:/Unity/6000.5.8f1/Editor/Data/Managed/UnityEngine/UnityEditor.GraphToolkitModule.dll"
-r:"F:/Unity/6000.5.8f1/Editor/Data/Managed/UnityEngine/UnityEditor.GraphViewModule.dll"
-r:"F:/Unity/6000.5.8f1/Editor/Data/Managed/UnityEngine/UnityEditor.GraphicsStateCollectionSerializerModule.dll"
-r:"F:/Unity/6000.5.8f1/Editor/Data/Managed/UnityEngine/UnityEditor.GridAndSnapModule.dll"
-r:"F:/Unity/6000.5.8f1/Editor/Data/Managed/UnityEngine/UnityEditor.GridModule.dll"
-r:"F:/Unity/6000.5.8f1/Editor/Data/Managed/UnityEngine/UnityEditor.HierarchyModule.dll"
-r:"F:/Unity/6000.5.8f1/Editor/Data/Managed/UnityEngine/UnityEditor.LightingModule.dll"
-r:"F:/Unity/6000.5.8f1/Editor/Data/Managed/UnityEngine/UnityEditor.MathematicsModule.dll"
-r:"F:/Unity/6000.5.8f1/Editor/Data/Managed/UnityEngine/UnityEditor.MediaModule.dll"
-r:"F:/Unity/6000.5.8f1/Editor/Data/Managed/UnityEngine/UnityEditor.MultiplayerModule.dll"
-r:"F:/Unity/6000.5.8f1/Editor/Data/Managed/UnityEngine/UnityEditor.Physics2DModule.dll"
-r:"F:/Unity/6000.5.8f1/Editor/Data/Managed/UnityEngine/UnityEditor.PhysicsCore2DModule.dll"
-r:"F:/Unity/6000.5.8f1/Editor/Data/Managed/UnityEngine/UnityEditor.PhysicsModule.dll"
-r:"F:/Unity/6000.5.8f1/Editor/Data/Managed/UnityEngine/UnityEditor.PlayModeModule.dll"
-r:"F:/Unity/6000.5.8f1/Editor/Data/Managed/UnityEngine/UnityEditor.PresetsUIModule.dll"
-r:"F:/Unity/6000.5.8f1/Editor/Data/Managed/UnityEngine/UnityEditor.ProjectAuditorModule.dll"
-r:"F:/Unity/6000.5.8f1/Editor/Data/Managed/UnityEngine/UnityEditor.PropertiesModule.dll"
-r:"F:/Unity/6000.5.8f1/Editor/Data/Managed/UnityEngine/UnityEditor.QuickInstallModule.dll"
-r:"F:/Unity/6000.5.8f1/Editor/Data/Managed/UnityEngine/UnityEditor.QuickSearchModule.dll"
-r:"F:/Unity/6000.5.8f1/Editor/Data/Managed/UnityEngine/UnityEditor.SafeModeModule.dll"
-r:"F:/Unity/6000.5.8f1/Editor/Data/Managed/UnityEngine/UnityEditor.SceneTemplateModule.dll"
-r:"F:/Unity/6000.5.8f1/Editor/Data/Managed/UnityEngine/UnityEditor.SceneViewModule.dll"
-r:"F:/Unity/6000.5.8f1/Editor/Data/Managed/UnityEngine/UnityEditor.ShaderBuildSettingsModule.dll"
-r:"F:/Unity/6000.5.8f1/Editor/Data/Managed/UnityEngine/UnityEditor.ShaderCompilationModule.dll"
-r:"F:/Unity/6000.5.8f1/Editor/Data/Managed/UnityEngine/UnityEditor.ShaderFoundryModule.dll"
-r:"F:/Unity/6000.5.8f1/Editor/Data/Managed/UnityEngine/UnityEditor.SketchUpModule.dll"
-r:"F:/Unity/6000.5.8f1/Editor/Data/Managed/UnityEngine/UnityEditor.SpriteMaskModule.dll"
-r:"F:/Unity/6000.5.8f1/Editor/Data/Managed/UnityEngine/UnityEditor.SpriteShapeModule.dll"
-r:"F:/Unity/6000.5.8f1/Editor/Data/Managed/UnityEngine/UnityEditor.SubstanceModule.dll"
-r:"F:/Unity/6000.5.8f1/Editor/Data/Managed/UnityEngine/UnityEditor.TerrainModule.dll"
-r:"F:/Unity/6000.5.8f1/Editor/Data/Managed/UnityEngine/UnityEditor.TextCoreFontEngineModule.dll"
-r:"F:/Unity/6000.5.8f1/Editor/Data/Managed/UnityEngine/UnityEditor.TextCoreTextEngineModule.dll"
-r:"F:/Unity/6000.5.8f1/Editor/Data/Managed/UnityEngine/UnityEditor.TextRenderingModule.dll"
-r:"F:/Unity/6000.5.8f1/Editor/Data/Managed/UnityEngine/UnityEditor.TilemapModule.dll"
-r:"F:/Unity/6000.5.8f1/Editor/Data/Managed/UnityEngine/UnityEditor.TreeModule.dll"
-r:"F:/Unity/6000.5.8f1/Editor/Data/Managed/UnityEngine/UnityEditor.U2DModule.dll"
-r:"F:/Unity/6000.5.8f1/Editor/Data/Managed/UnityEngine/UnityEditor.UIAutomationModule.dll"
-r:"F:/Unity/6000.5.8f1/Editor/Data/Managed/UnityEngine/UnityEditor.UIBuilderModule.dll"
-r:"F:/Unity/6000.5.8f1/Editor/Data/Managed/UnityEngine/UnityEditor.UIElementsModule.dll"
-r:"F:/Unity/6000.5.8f1/Editor/Data/Managed/UnityEngine/UnityEditor.UIElementsSamplesModule.dll"
-r:"F:/Unity/6000.5.8f1/Editor/Data/Managed/UnityEngine/UnityEditor.UIToolkitAuthoringModule.dll"
-r:"F:/Unity/6000.5.8f1/Editor/Data/Managed/UnityEngine/UnityEditor.UmbraModule.dll"
-r:"F:/Unity/6000.5.8f1/Editor/Data/Managed/UnityEngine/UnityEditor.UnityConnectModule.dll"
-r:"F:/Unity/6000.5.8f1/Editor/Data/Managed/UnityEngine/UnityEditor.VFXModule.dll"
-r:"F:/Unity/6000.5.8f1/Editor/Data/Managed/UnityEngine/UnityEditor.VectorGraphicsModule.dll"
-r:"F:/Unity/6000.5.8f1/Editor/Data/Managed/UnityEngine/UnityEditor.VideoModule.dll"
-r:"F:/Unity/6000.5.8f1/Editor/Data/Managed/UnityEngine/UnityEditor.XRModule.dll"
-r:"F:/Unity/6000.5.8f1/Editor/Data/Managed/UnityEngine/UnityEditor.dll"
-r:"F:/Unity/6000.5.8f1/Editor/Data/Managed/UnityEngine/UnityEngine.AIModule.dll"
-r:"F:/Unity/6000.5.8f1/Editor/Data/Managed/UnityEngine/UnityEngine.AMDModule.dll"
-r:"F:/Unity/6000.5.8f1/Editor/Data/Managed/UnityEngine/UnityEngine.ARModule.dll"
-r:"F:/Unity/6000.5.8f1/Editor/Data/Managed/UnityEngine/UnityEngine.AccessibilityModule.dll"
-r:"F:/Unity/6000.5.8f1/Editor/Data/Managed/UnityEngine/UnityEngine.AdaptivePerformanceModule.dll"
-r:"F:/Unity/6000.5.8f1/Editor/Data/Managed/UnityEngine/UnityEngine.AndroidJNIModule.dll"
-r:"F:/Unity/6000.5.8f1/Editor/Data/Managed/UnityEngine/UnityEngine.AnimationModule.dll"
-r:"F:/Unity/6000.5.8f1/Editor/Data/Managed/UnityEngine/UnityEngine.AssetBundleModule.dll"
-r:"F:/Unity/6000.5.8f1/Editor/Data/Managed/UnityEngine/UnityEngine.AudioModule.dll"
-r:"F:/Unity/6000.5.8f1/Editor/Data/Managed/UnityEngine/UnityEngine.ClothModule.dll"
-r:"F:/Unity/6000.5.8f1/Editor/Data/Managed/UnityEngine/UnityEngine.ClusterInputModule.dll"
-r:"F:/Unity/6000.5.8f1/Editor/Data/Managed/UnityEngine/UnityEngine.ClusterRendererModule.dll"
-r:"F:/Unity/6000.5.8f1/Editor/Data/Managed/UnityEngine/UnityEngine.ContentLoadModule.dll"
-r:"F:/Unity/6000.5.8f1/Editor/Data/Managed/UnityEngine/UnityEngine.CoreModule.dll"
-r:"F:/Unity/6000.5.8f1/Editor/Data/Managed/UnityEngine/UnityEngine.CrashReportingModule.dll"
-r:"F:/Unity/6000.5.8f1/Editor/Data/Managed/UnityEngine/UnityEngine.DSPGraphModule.dll"
-r:"F:/Unity/6000.5.8f1/Editor/Data/Managed/UnityEngine/UnityEngine.DirectorModule.dll"
-r:"F:/Unity/6000.5.8f1/Editor/Data/Managed/UnityEngine/UnityEngine.GIModule.dll"
-r:"F:/Unity/6000.5.8f1/Editor/Data/Managed/UnityEngine/UnityEngine.GameCenterModule.dll"
-r:"F:/Unity/6000.5.8f1/Editor/Data/Managed/UnityEngine/UnityEngine.GraphicsStateCollectionSerializerModule.dll"
-r:"F:/Unity/6000.5.8f1/Editor/Data/Managed/UnityEngine/UnityEngine.GridModule.dll"
-r:"F:/Unity/6000.5.8f1/Editor/Data/Managed/UnityEngine/UnityEngine.HierarchyCoreModule.dll"
-r:"F:/Unity/6000.5.8f1/Editor/Data/Managed/UnityEngine/UnityEngine.HierarchyModule.dll"
-r:"F:/Unity/6000.5.8f1/Editor/Data/Managed/UnityEngine/UnityEngine.HotReloadModule.dll"
-r:"F:/Unity/6000.5.8f1/Editor/Data/Managed/UnityEngine/UnityEngine.IMGUIModule.dll"
-r:"F:/Unity/6000.5.8f1/Editor/Data/Managed/UnityEngine/UnityEngine.IdentifiersModule.dll"
-r:"F:/Unity/6000.5.8f1/Editor/Data/Managed/UnityEngine/UnityEngine.ImageConversionModule.dll"
-r:"F:/Unity/6000.5.8f1/Editor/Data/Managed/UnityEngine/UnityEngine.InputForUIModule.dll"
-r:"F:/Unity/6000.5.8f1/Editor/Data/Managed/UnityEngine/UnityEngine.InputLegacyModule.dll"
-r:"F:/Unity/6000.5.8f1/Editor/Data/Managed/UnityEngine/UnityEngine.InputModule.dll"
-r:"F:/Unity/6000.5.8f1/Editor/Data/Managed/UnityEngine/UnityEngine.InsightsModule.dll"
-r:"F:/Unity/6000.5.8f1/Editor/Data/Managed/UnityEngine/UnityEngine.JSONSerializeModule.dll"
-r:"F:/Unity/6000.5.8f1/Editor/Data/Managed/UnityEngine/UnityEngine.LocalizationModule.dll"
-r:"F:/Unity/6000.5.8f1/Editor/Data/Managed/UnityEngine/UnityEngine.MarshallingModule.dll"
-r:"F:/Unity/6000.5.8f1/Editor/Data/Managed/UnityEngine/UnityEngine.MathematicsModule.dll"
-r:"F:/Unity/6000.5.8f1/Editor/Data/Managed/UnityEngine/UnityEngine.MultiplayerModule.dll"
-r:"F:/Unity/6000.5.8f1/Editor/Data/Managed/UnityEngine/UnityEngine.NVIDIAModule.dll"
-r:"F:/Unity/6000.5.8f1/Editor/Data/Managed/UnityEngine/UnityEngine.ParticleSystemModule.dll"
-r:"F:/Unity/6000.5.8f1/Editor/Data/Managed/UnityEngine/UnityEngine.PerformanceReportingModule.dll"
-r:"F:/Unity/6000.5.8f1/Editor/Data/Managed/UnityEngine/UnityEngine.Physics2DModule.dll"
-r:"F:/Unity/6000.5.8f1/Editor/Data/Managed/UnityEngine/UnityEngine.PhysicsBackendPhysXModule.dll"
-r:"F:/Unity/6000.5.8f1/Editor/Data/Managed/UnityEngine/UnityEngine.PhysicsCore2DModule.dll"
-r:"F:/Unity/6000.5.8f1/Editor/Data/Managed/UnityEngine/UnityEngine.PhysicsModule.dll"
-r:"F:/Unity/6000.5.8f1/Editor/Data/Managed/UnityEngine/UnityEngine.PropertiesModule.dll"
-r:"F:/Unity/6000.5.8f1/Editor/Data/Managed/UnityEngine/UnityEngine.RenderAs2DModule.dll"
-r:"F:/Unity/6000.5.8f1/Editor/Data/Managed/UnityEngine/UnityEngine.RuntimeInitializeOnLoadManagerInitializerModule.dll"
-r:"F:/Unity/6000.5.8f1/Editor/Data/Managed/UnityEngine/UnityEngine.ScreenCaptureModule.dll"
-r:"F:/Unity/6000.5.8f1/Editor/Data/Managed/UnityEngine/UnityEngine.ScriptingModule.dll"
-r:"F:/Unity/6000.5.8f1/Editor/Data/Managed/UnityEngine/UnityEngine.ShaderVariantAnalyticsModule.dll"
-r:"F:/Unity/6000.5.8f1/Editor/Data/Managed/UnityEngine/UnityEngine.SharedInternalsModule.dll"
-r:"F:/Unity/6000.5.8f1/Editor/Data/Managed/UnityEngine/UnityEngine.SpriteMaskModule.dll"
-r:"F:/Unity/6000.5.8f1/Editor/Data/Managed/UnityEngine/UnityEngine.SpriteShapeModule.dll"
-r:"F:/Unity/6000.5.8f1/Editor/Data/Managed/UnityEngine/UnityEngine.StreamingModule.dll"
-r:"F:/Unity/6000.5.8f1/Editor/Data/Managed/UnityEngine/UnityEngine.SubstanceModule.dll"
-r:"F:/Unity/6000.5.8f1/Editor/Data/Managed/UnityEngine/UnityEngine.SubsystemsModule.dll"
-r:"F:/Unity/6000.5.8f1/Editor/Data/Managed/UnityEngine/UnityEngine.TLSModule.dll"
-r:"F:/Unity/6000.5.8f1/Editor/Data/Managed/UnityEngine/UnityEngine.TerrainModule.dll"
-r:"F:/Unity/6000.5.8f1/Editor/Data/Managed/UnityEngine/UnityEngine.TerrainPhysicsModule.dll"
-r:"F:/Unity/6000.5.8f1/Editor/Data/Managed/UnityEngine/UnityEngine.TextCoreFontEngineModule.dll"
-r:"F:/Unity/6000.5.8f1/Editor/Data/Managed/UnityEngine/UnityEngine.TextCoreTextEngineModule.dll"
-r:"F:/Unity/6000.5.8f1/Editor/Data/Managed/UnityEngine/UnityEngine.TextRenderingModule.dll"
-r:"F:/Unity/6000.5.8f1/Editor/Data/Managed/UnityEngine/UnityEngine.TilemapModule.dll"
-r:"F:/Unity/6000.5.8f1/Editor/Data/Managed/UnityEngine/UnityEngine.U2DRuntimeModule.dll"
-r:"F:/Unity/6000.5.8f1/Editor/Data/Managed/UnityEngine/UnityEngine.UIElementsModule.dll"
-r:"F:/Unity/6000.5.8f1/Editor/Data/Managed/UnityEngine/UnityEngine.UIModule.dll"
-r:"F:/Unity/6000.5.8f1/Editor/Data/Managed/UnityEngine/UnityEngine.UmbraModule.dll"
-r:"F:/Unity/6000.5.8f1/Editor/Data/Managed/UnityEngine/UnityEngine.UnityAnalyticsCommonModule.dll"
-r:"F:/Unity/6000.5.8f1/Editor/Data/Managed/UnityEngine/UnityEngine.UnityAnalyticsModule.dll"
-r:"F:/Unity/6000.5.8f1/Editor/Data/Managed/UnityEngine/UnityEngine.UnityConnectModule.dll"
-r:"F:/Unity/6000.5.8f1/Editor/Data/Managed/UnityEngine/UnityEngine.UnityConsentModule.dll"
-r:"F:/Unity/6000.5.8f1/Editor/Data/Managed/UnityEngine/UnityEngine.UnityCurlModule.dll"
-r:"F:/Unity/6000.5.8f1/Editor/Data/Managed/UnityEngine/UnityEngine.UnityWebRequestAssetBundleModule.dll"
-r:"F:/Unity/6000.5.8f1/Editor/Data/Managed/UnityEngine/UnityEngine.UnityWebRequestAudioModule.dll"
-r:"F:/Unity/6000.5.8f1/Editor/Data/Managed/UnityEngine/UnityEngine.UnityWebRequestModule.dll"
-r:"F:/Unity/6000.5.8f1/Editor/Data/Managed/UnityEngine/UnityEngine.UnityWebRequestTextureModule.dll"
-r:"F:/Unity/6000.5.8f1/Editor/Data/Managed/UnityEngine/UnityEngine.UnityWebRequestWWWModule.dll"
-r:"F:/Unity/6000.5.8f1/Editor/Data/Managed/UnityEngine/UnityEngine.VFXModule.dll"
-r:"F:/Unity/6000.5.8f1/Editor/Data/Managed/UnityEngine/UnityEngine.VectorGraphicsModule.dll"
-r:"F:/Unity/6000.5.8f1/Editor/Data/Managed/UnityEngine/UnityEngine.VehiclesModule.dll"
-r:"F:/Unity/6000.5.8f1/Editor/Data/Managed/UnityEngine/UnityEngine.VideoModule.dll"
-r:"F:/Unity/6000.5.8f1/Editor/Data/Managed/UnityEngine/UnityEngine.VirtualTexturingModule.dll"
-r:"F:/Unity/6000.5.8f1/Editor/Data/Managed/UnityEngine/UnityEngine.WindModule.dll"
-r:"F:/Unity/6000.5.8f1/Editor/Data/Managed/UnityEngine/UnityEngine.XRModule.dll"
-r:"F:/Unity/6000.5.8f1/Editor/Data/Managed/UnityEngine/UnityEngine.dll"
-r:"F:/Unity/6000.5.8f1/Editor/Data/PlaybackEngines/WebGLSupport/UnityEditor.WebGL.Extensions.dll"
-r:"F:/Unity/6000.5.8f1/Editor/Data/PlaybackEngines/WindowsStandaloneSupport/UnityEditor.WindowsStandalone.Extensions.dll"
-r:"F:/Unity/6000.5.8f1/Editor/Data/UnityReferenceAssemblies/unity-4.8-api/Facades/Microsoft.Win32.Primitives.dll"
-r:"F:/Unity/6000.5.8f1/Editor/Data/UnityReferenceAssemblies/unity-4.8-api/Facades/System.AppContext.dll"
-r:"F:/Unity/6000.5.8f1/Editor/Data/UnityReferenceAssemblies/unity-4.8-api/Facades/System.Buffers.dll"
-r:"F:/Unity/6000.5.8f1/Editor/Data/UnityReferenceAssemblies/unity-4.8-api/Facades/System.Collections.Concurrent.dll"
-r:"F:/Unity/6000.5.8f1/Editor/Data/UnityReferenceAssemblies/unity-4.8-api/Facades/System.Collections.NonGeneric.dll"
-r:"F:/Unity/6000.5.8f1/Editor/Data/UnityReferenceAssemblies/unity-4.8-api/Facades/System.Collections.Specialized.dll"
-r:"F:/Unity/6000.5.8f1/Editor/Data/UnityReferenceAssemblies/unity-4.8-api/Facades/System.Collections.dll"
-r:"F:/Unity/6000.5.8f1/Editor/Data/UnityReferenceAssemblies/unity-4.8-api/Facades/System.ComponentModel.Annotations.dll"
-r:"F:/Unity/6000.5.8f1/Editor/Data/UnityReferenceAssemblies/unity-4.8-api/Facades/System.ComponentModel.EventBasedAsync.dll"
-r:"F:/Unity/6000.5.8f1/Editor/Data/UnityReferenceAssemblies/unity-4.8-api/Facades/System.ComponentModel.Primitives.dll"
-r:"F:/Unity/6000.5.8f1/Editor/Data/UnityReferenceAssemblies/unity-4.8-api/Facades/System.ComponentModel.TypeConverter.dll"
-r:"F:/Unity/6000.5.8f1/Editor/Data/UnityReferenceAssemblies/unity-4.8-api/Facades/System.ComponentModel.dll"
-r:"F:/Unity/6000.5.8f1/Editor/Data/UnityReferenceAssemblies/unity-4.8-api/Facades/System.Console.dll"
-r:"F:/Unity/6000.5.8f1/Editor/Data/UnityReferenceAssemblies/unity-4.8-api/Facades/System.Data.Common.dll"
-r:"F:/Unity/6000.5.8f1/Editor/Data/UnityReferenceAssemblies/unity-4.8-api/Facades/System.Diagnostics.Contracts.dll"
-r:"F:/Unity/6000.5.8f1/Editor/Data/UnityReferenceAssemblies/unity-4.8-api/Facades/System.Diagnostics.Debug.dll"
-r:"F:/Unity/6000.5.8f1/Editor/Data/UnityReferenceAssemblies/unity-4.8-api/Facades/System.Diagnostics.FileVersionInfo.dll"
-r:"F:/Unity/6000.5.8f1/Editor/Data/UnityReferenceAssemblies/unity-4.8-api/Facades/System.Diagnostics.Process.dll"
-r:"F:/Unity/6000.5.8f1/Editor/Data/UnityReferenceAssemblies/unity-4.8-api/Facades/System.Diagnostics.StackTrace.dll"
-r:"F:/Unity/6000.5.8f1/Editor/Data/UnityReferenceAssemblies/unity-4.8-api/Facades/System.Diagnostics.TextWriterTraceListener.dll"
-r:"F:/Unity/6000.5.8f1/Editor/Data/UnityReferenceAssemblies/unity-4.8-api/Facades/System.Diagnostics.Tools.dll"
-r:"F:/Unity/6000.5.8f1/Editor/Data/UnityReferenceAssemblies/unity-4.8-api/Facades/System.Diagnostics.TraceSource.dll"
-r:"F:/Unity/6000.5.8f1/Editor/Data/UnityReferenceAssemblies/unity-4.8-api/Facades/System.Drawing.Primitives.dll"
-r:"F:/Unity/6000.5.8f1/Editor/Data/UnityReferenceAssemblies/unity-4.8-api/Facades/System.Dynamic.Runtime.dll"
-r:"F:/Unity/6000.5.8f1/Editor/Data/UnityReferenceAssemblies/unity-4.8-api/Facades/System.Globalization.Calendars.dll"
-r:"F:/Unity/6000.5.8f1/Editor/Data/UnityReferenceAssemblies/unity-4.8-api/Facades/System.Globalization.Extensions.dll"
-r:"F:/Unity/6000.5.8f1/Editor/Data/UnityReferenceAssemblies/unity-4.8-api/Facades/System.Globalization.dll"
-r:"F:/Unity/6000.5.8f1/Editor/Data/UnityReferenceAssemblies/unity-4.8-api/Facades/System.IO.Compression.ZipFile.dll"
-r:"F:/Unity/6000.5.8f1/Editor/Data/UnityReferenceAssemblies/unity-4.8-api/Facades/System.IO.FileSystem.DriveInfo.dll"
-r:"F:/Unity/6000.5.8f1/Editor/Data/UnityReferenceAssemblies/unity-4.8-api/Facades/System.IO.FileSystem.Primitives.dll"
-r:"F:/Unity/6000.5.8f1/Editor/Data/UnityReferenceAssemblies/unity-4.8-api/Facades/System.IO.FileSystem.Watcher.dll"
-r:"F:/Unity/6000.5.8f1/Editor/Data/UnityReferenceAssemblies/unity-4.8-api/Facades/System.IO.FileSystem.dll"
-r:"F:/Unity/6000.5.8f1/Editor/Data/UnityReferenceAssemblies/unity-4.8-api/Facades/System.IO.IsolatedStorage.dll"
-r:"F:/Unity/6000.5.8f1/Editor/Data/UnityReferenceAssemblies/unity-4.8-api/Facades/System.IO.MemoryMappedFiles.dll"
-r:"F:/Unity/6000.5.8f1/Editor/Data/UnityReferenceAssemblies/unity-4.8-api/Facades/System.IO.Pipes.dll"
-r:"F:/Unity/6000.5.8f1/Editor/Data/UnityReferenceAssemblies/unity-4.8-api/Facades/System.IO.UnmanagedMemoryStream.dll"
-r:"F:/Unity/6000.5.8f1/Editor/Data/UnityReferenceAssemblies/unity-4.8-api/Facades/System.IO.dll"
-r:"F:/Unity/6000.5.8f1/Editor/Data/UnityReferenceAssemblies/unity-4.8-api/Facades/System.Linq.Expressions.dll"
-r:"F:/Unity/6000.5.8f1/Editor/Data/UnityReferenceAssemblies/unity-4.8-api/Facades/System.Linq.Parallel.dll"
-r:"F:/Unity/6000.5.8f1/Editor/Data/UnityReferenceAssemblies/unity-4.8-api/Facades/System.Linq.Queryable.dll"
-r:"F:/Unity/6000.5.8f1/Editor/Data/UnityReferenceAssemblies/unity-4.8-api/Facades/System.Linq.dll"
-r:"F:/Unity/6000.5.8f1/Editor/Data/UnityReferenceAssemblies/unity-4.8-api/Facades/System.Memory.dll"
-r:"F:/Unity/6000.5.8f1/Editor/Data/UnityReferenceAssemblies/unity-4.8-api/Facades/System.Net.Http.Rtc.dll"
-r:"F:/Unity/6000.5.8f1/Editor/Data/UnityReferenceAssemblies/unity-4.8-api/Facades/System.Net.NameResolution.dll"
-r:"F:/Unity/6000.5.8f1/Editor/Data/UnityReferenceAssemblies/unity-4.8-api/Facades/System.Net.NetworkInformation.dll"
-r:"F:/Unity/6000.5.8f1/Editor/Data/UnityReferenceAssemblies/unity-4.8-api/Facades/System.Net.Ping.dll"
-r:"F:/Unity/6000.5.8f1/Editor/Data/UnityReferenceAssemblies/unity-4.8-api/Facades/System.Net.Primitives.dll"
-r:"F:/Unity/6000.5.8f1/Editor/Data/UnityReferenceAssemblies/unity-4.8-api/Facades/System.Net.Requests.dll"
-r:"F:/Unity/6000.5.8f1/Editor/Data/UnityReferenceAssemblies/unity-4.8-api/Facades/System.Net.Security.dll"
-r:"F:/Unity/6000.5.8f1/Editor/Data/UnityReferenceAssemblies/unity-4.8-api/Facades/System.Net.Sockets.dll"
-r:"F:/Unity/6000.5.8f1/Editor/Data/UnityReferenceAssemblies/unity-4.8-api/Facades/System.Net.WebHeaderCollection.dll"
-r:"F:/Unity/6000.5.8f1/Editor/Data/UnityReferenceAssemblies/unity-4.8-api/Facades/System.Net.WebSockets.Client.dll"
-r:"F:/Unity/6000.5.8f1/Editor/Data/UnityReferenceAssemblies/unity-4.8-api/Facades/System.Net.WebSockets.dll"
-r:"F:/Unity/6000.5.8f1/Editor/Data/UnityReferenceAssemblies/unity-4.8-api/Facades/System.ObjectModel.dll"
-r:"F:/Unity/6000.5.8f1/Editor/Data/UnityReferenceAssemblies/unity-4.8-api/Facades/System.Reflection.DispatchProxy.dll"
-r:"F:/Unity/6000.5.8f1/Editor/Data/UnityReferenceAssemblies/unity-4.8-api/Facades/System.Reflection.Emit.ILGeneration.dll"
-r:"F:/Unity/6000.5.8f1/Editor/Data/UnityReferenceAssemblies/unity-4.8-api/Facades/System.Reflection.Emit.Lightweight.dll"
-r:"F:/Unity/6000.5.8f1/Editor/Data/UnityReferenceAssemblies/unity-4.8-api/Facades/System.Reflection.Emit.dll"
-r:"F:/Unity/6000.5.8f1/Editor/Data/UnityReferenceAssemblies/unity-4.8-api/Facades/System.Reflection.Extensions.dll"
-r:"F:/Unity/6000.5.8f1/Editor/Data/UnityReferenceAssemblies/unity-4.8-api/Facades/System.Reflection.Primitives.dll"
-r:"F:/Unity/6000.5.8f1/Editor/Data/UnityReferenceAssemblies/unity-4.8-api/Facades/System.Reflection.dll"
-r:"F:/Unity/6000.5.8f1/Editor/Data/UnityReferenceAssemblies/unity-4.8-api/Facades/System.Resources.Reader.dll"
-r:"F:/Unity/6000.5.8f1/Editor/Data/UnityReferenceAssemblies/unity-4.8-api/Facades/System.Resources.ResourceManager.dll"
-r:"F:/Unity/6000.5.8f1/Editor/Data/UnityReferenceAssemblies/unity-4.8-api/Facades/System.Resources.Writer.dll"
-r:"F:/Unity/6000.5.8f1/Editor/Data/UnityReferenceAssemblies/unity-4.8-api/Facades/System.Runtime.CompilerServices.VisualC.dll"
-r:"F:/Unity/6000.5.8f1/Editor/Data/UnityReferenceAssemblies/unity-4.8-api/Facades/System.Runtime.Extensions.dll"
-r:"F:/Unity/6000.5.8f1/Editor/Data/UnityReferenceAssemblies/unity-4.8-api/Facades/System.Runtime.Handles.dll"
-r:"F:/Unity/6000.5.8f1/Editor/Data/UnityReferenceAssemblies/unity-4.8-api/Facades/System.Runtime.InteropServices.RuntimeInformation.dll"
-r:"F:/Unity/6000.5.8f1/Editor/Data/UnityReferenceAssemblies/unity-4.8-api/Facades/System.Runtime.InteropServices.WindowsRuntime.dll"
-r:"F:/Unity/6000.5.8f1/Editor/Data/UnityReferenceAssemblies/unity-4.8-api/Facades/System.Runtime.InteropServices.dll"
-r:"F:/Unity/6000.5.8f1/Editor/Data/UnityReferenceAssemblies/unity-4.8-api/Facades/System.Runtime.Numerics.dll"
-r:"F:/Unity/6000.5.8f1/Editor/Data/UnityReferenceAssemblies/unity-4.8-api/Facades/System.Runtime.Serialization.Formatters.dll"
-r:"F:/Unity/6000.5.8f1/Editor/Data/UnityReferenceAssemblies/unity-4.8-api/Facades/System.Runtime.Serialization.Json.dll"
-r:"F:/Unity/6000.5.8f1/Editor/Data/UnityReferenceAssemblies/unity-4.8-api/Facades/System.Runtime.Serialization.Primitives.dll"
-r:"F:/Unity/6000.5.8f1/Editor/Data/UnityReferenceAssemblies/unity-4.8-api/Facades/System.Runtime.Serialization.Xml.dll"
-r:"F:/Unity/6000.5.8f1/Editor/Data/UnityReferenceAssemblies/unity-4.8-api/Facades/System.Runtime.dll"
-r:"F:/Unity/6000.5.8f1/Editor/Data/UnityReferenceAssemblies/unity-4.8-api/Facades/System.Security.Claims.dll"
-r:"F:/Unity/6000.5.8f1/Editor/Data/UnityReferenceAssemblies/unity-4.8-api/Facades/System.Security.Cryptography.Algorithms.dll"
-r:"F:/Unity/6000.5.8f1/Editor/Data/UnityReferenceAssemblies/unity-4.8-api/Facades/System.Security.Cryptography.Csp.dll"
-r:"F:/Unity/6000.5.8f1/Editor/Data/UnityReferenceAssemblies/unity-4.8-api/Facades/System.Security.Cryptography.Encoding.dll"
-r:"F:/Unity/6000.5.8f1/Editor/Data/UnityReferenceAssemblies/unity-4.8-api/Facades/System.Security.Cryptography.Primitives.dll"
-r:"F:/Unity/6000.5.8f1/Editor/Data/UnityReferenceAssemblies/unity-4.8-api/Facades/System.Security.Cryptography.X509Certificates.dll"
-r:"F:/Unity/6000.5.8f1/Editor/Data/UnityReferenceAssemblies/unity-4.8-api/Facades/System.Security.Principal.dll"
-r:"F:/Unity/6000.5.8f1/Editor/Data/UnityReferenceAssemblies/unity-4.8-api/Facades/System.Security.SecureString.dll"
-r:"F:/Unity/6000.5.8f1/Editor/Data/UnityReferenceAssemblies/unity-4.8-api/Facades/System.ServiceModel.Duplex.dll"
-r:"F:/Unity/6000.5.8f1/Editor/Data/UnityReferenceAssemblies/unity-4.8-api/Facades/System.ServiceModel.Http.dll"
-r:"F:/Unity/6000.5.8f1/Editor/Data/UnityReferenceAssemblies/unity-4.8-api/Facades/System.ServiceModel.NetTcp.dll"
-r:"F:/Unity/6000.5.8f1/Editor/Data/UnityReferenceAssemblies/unity-4.8-api/Facades/System.ServiceModel.Primitives.dll"
-r:"F:/Unity/6000.5.8f1/Editor/Data/UnityReferenceAssemblies/unity-4.8-api/Facades/System.ServiceModel.Security.dll"
-r:"F:/Unity/6000.5.8f1/Editor/Data/UnityReferenceAssemblies/unity-4.8-api/Facades/System.Text.Encoding.Extensions.dll"
-r:"F:/Unity/6000.5.8f1/Editor/Data/UnityReferenceAssemblies/unity-4.8-api/Facades/System.Text.Encoding.dll"
-r:"F:/Unity/6000.5.8f1/Editor/Data/UnityReferenceAssemblies/unity-4.8-api/Facades/System.Text.RegularExpressions.dll"
-r:"F:/Unity/6000.5.8f1/Editor/Data/UnityReferenceAssemblies/unity-4.8-api/Facades/System.Threading.Overlapped.dll"
-r:"F:/Unity/6000.5.8f1/Editor/Data/UnityReferenceAssemblies/unity-4.8-api/Facades/System.Threading.Tasks.Extensions.dll"
-r:"F:/Unity/6000.5.8f1/Editor/Data/UnityReferenceAssemblies/unity-4.8-api/Facades/System.Threading.Tasks.Parallel.dll"
-r:"F:/Unity/6000.5.8f1/Editor/Data/UnityReferenceAssemblies/unity-4.8-api/Facades/System.Threading.Tasks.dll"
-r:"F:/Unity/6000.5.8f1/Editor/Data/UnityReferenceAssemblies/unity-4.8-api/Facades/System.Threading.Thread.dll"
-r:"F:/Unity/6000.5.8f1/Editor/Data/UnityReferenceAssemblies/unity-4.8-api/Facades/System.Threading.ThreadPool.dll"
-r:"F:/Unity/6000.5.8f1/Editor/Data/UnityReferenceAssemblies/unity-4.8-api/Facades/System.Threading.Timer.dll"
-r:"F:/Unity/6000.5.8f1/Editor/Data/UnityReferenceAssemblies/unity-4.8-api/Facades/System.Threading.dll"
-r:"F:/Unity/6000.5.8f1/Editor/Data/UnityReferenceAssemblies/unity-4.8-api/Facades/System.ValueTuple.dll"
-r:"F:/Unity/6000.5.8f1/Editor/Data/UnityReferenceAssemblies/unity-4.8-api/Facades/System.Xml.ReaderWriter.dll"
-r:"F:/Unity/6000.5.8f1/Editor/Data/UnityReferenceAssemblies/unity-4.8-api/Facades/System.Xml.XDocument.dll"
-r:"F:/Unity/6000.5.8f1/Editor/Data/UnityReferenceAssemblies/unity-4.8-api/Facades/System.Xml.XPath.XDocument.dll"
-r:"F:/Unity/6000.5.8f1/Editor/Data/UnityReferenceAssemblies/unity-4.8-api/Facades/System.Xml.XPath.dll"
-r:"F:/Unity/6000.5.8f1/Editor/Data/UnityReferenceAssemblies/unity-4.8-api/Facades/System.Xml.XmlDocument.dll"
-r:"F:/Unity/6000.5.8f1/Editor/Data/UnityReferenceAssemblies/unity-4.8-api/Facades/System.Xml.XmlSerializer.dll"
-r:"F:/Unity/6000.5.8f1/Editor/Data/UnityReferenceAssemblies/unity-4.8-api/Facades/netstandard.dll"
-r:"F:/Unity/6000.5.8f1/Editor/Data/UnityReferenceAssemblies/unity-4.8-api/Microsoft.CSharp.dll"
-r:"F:/Unity/6000.5.8f1/Editor/Data/UnityReferenceAssemblies/unity-4.8-api/System.ComponentModel.Composition.dll"
-r:"F:/Unity/6000.5.8f1/Editor/Data/UnityReferenceAssemblies/unity-4.8-api/System.Core.dll"
-r:"F:/Unity/6000.5.8f1/Editor/Data/UnityReferenceAssemblies/unity-4.8-api/System.Data.DataSetExtensions.dll"
-r:"F:/Unity/6000.5.8f1/Editor/Data/UnityReferenceAssemblies/unity-4.8-api/System.Data.dll"
-r:"F:/Unity/6000.5.8f1/Editor/Data/UnityReferenceAssemblies/unity-4.8-api/System.Drawing.dll"
-r:"F:/Unity/6000.5.8f1/Editor/Data/UnityReferenceAssemblies/unity-4.8-api/System.IO.Compression.FileSystem.dll"
-r:"F:/Unity/6000.5.8f1/Editor/Data/UnityReferenceAssemblies/unity-4.8-api/System.IO.Compression.dll"
-r:"F:/Unity/6000.5.8f1/Editor/Data/UnityReferenceAssemblies/unity-4.8-api/System.Net.Http.dll"
-r:"F:/Unity/6000.5.8f1/Editor/Data/UnityReferenceAssemblies/unity-4.8-api/System.Numerics.Vectors.dll"
-r:"F:/Unity/6000.5.8f1/Editor/Data/UnityReferenceAssemblies/unity-4.8-api/System.Numerics.dll"
-r:"F:/Unity/6000.5.8f1/Editor/Data/UnityReferenceAssemblies/unity-4.8-api/System.Runtime.Serialization.dll"
-r:"F:/Unity/6000.5.8f1/Editor/Data/UnityReferenceAssemblies/unity-4.8-api/System.Transactions.dll"
-r:"F:/Unity/6000.5.8f1/Editor/Data/UnityReferenceAssemblies/unity-4.8-api/System.Xml.Linq.dll"
-r:"F:/Unity/6000.5.8f1/Editor/Data/UnityReferenceAssemblies/unity-4.8-api/System.Xml.dll"
-r:"F:/Unity/6000.5.8f1/Editor/Data/UnityReferenceAssemblies/unity-4.8-api/System.dll"
-r:"F:/Unity/6000.5.8f1/Editor/Data/UnityReferenceAssemblies/unity-4.8-api/mscorlib.dll"
-r:"Library/PackageCache/com.unity.collab-proxy@120d77864ebc/Lib/Editor/TextMateSharp/Onigwrap/OnigwrapPlastic.dll"
-r:"Library/PackageCache/com.unity.collab-proxy@120d77864ebc/Lib/Editor/TextMateSharp/TextMateSharpPlastic.Grammars.dll"
-r:"Library/PackageCache/com.unity.collab-proxy@120d77864ebc/Lib/Editor/TextMateSharp/TextMateSharpPlastic.dll"
-r:"Library/PackageCache/com.unity.collab-proxy@120d77864ebc/Lib/Editor/Unity.Plastic.Antlr3.Runtime.dll"
-r:"Library/PackageCache/com.unity.collab-proxy@120d77864ebc/Lib/Editor/Unity.Plastic.Newtonsoft.Json.dll"
-r:"Library/PackageCache/com.unity.collab-proxy@120d77864ebc/Lib/Editor/log4netPlastic.dll"
-r:"Library/PackageCache/com.unity.collab-proxy@120d77864ebc/Lib/Editor/unityplastic.dll"
-r:"Library/PackageCache/com.unity.collections@ec2c217e4cb2/Unity.Collections.LowLevel.ILSupport/Unity.Collections.LowLevel.ILSupport.dll"
-r:"Library/PackageCache/com.unity.ext.nunit@44f7d31723bd/net472/unity-custom/nunit.framework.dll"
-r:"Library/PackageCache/com.unity.ext.nunit@44f7d31723bd/net472/unity-custom/nunit.framework.dll"
-r:"Library/PackageCache/com.unity.nuget.mono-cecil@ecb9724e46ff/Mono.Cecil.dll"
-r:"Library/PackageCache/com.unity.nuget.newtonsoft-json@4dfd81071c64/Runtime/Newtonsoft.Json.dll"
-r:"Library/PackageCache/com.unity.visualscripting@4edfcc09512f/Editor/VisualScripting.Core/Dependencies/DotNetZip/Unity.VisualScripting.IonicZip.dll"
-r:"Library/PackageCache/com.unity.visualscripting@4edfcc09512f/Editor/VisualScripting.Core/Dependencies/YamlDotNet/Unity.VisualScripting.YamlDotNet.dll"
-r:"Library/PackageCache/com.unity.visualscripting@4edfcc09512f/Editor/VisualScripting.Core/EditorAssetResources/Unity.VisualScripting.TextureAssets.dll"
-r:"Library/PackageCache/com.unity.visualscripting@4edfcc09512f/Runtime/VisualScripting.Flow/Dependencies/NCalc/Unity.VisualScripting.Antlr3.Runtime.dll"
-r:"Library/Bee/artifacts/1900b0aE.dag/UnityEditor.TestRunner.ref.dll"
-r:"Library/Bee/artifacts/1900b0aE.dag/UnityEditor.UI.ref.dll"
-r:"Library/Bee/artifacts/1900b0aE.dag/UnityEngine.TestRunner.ref.dll"
-r:"Library/Bee/artifacts/1900b0aE.dag/UnityEngine.UI.ref.dll"
-analyzer:"F:/Unity/6000.5.8f1/Editor/Data/BCLExtensions/TargetingPacks/netstandard2.1/analyzers/dotnet/roslyn4.0/cs/Microsoft.Extensions.Logging.Generators.dll"
-analyzer:"F:/Unity/6000.5.8f1/Editor/Data/BCLExtensions/TargetingPacks/netstandard2.1/analyzers/dotnet/roslyn4.0/cs/System.Text.Json.SourceGeneration.dll"
-analyzer:"F:/Unity/6000.5.8f1/Editor/Data/Tools/BuildPipeline/Unity.Analyzers.Common/Unity.Analyzers.Common.dll"
-analyzer:"F:/Unity/6000.5.8f1/Editor/Data/Tools/BuildPipeline/Unity.Analyzers.LongLiving/Unity.Analyzers.LongLiving.dll"
-analyzer:"F:/Unity/6000.5.8f1/Editor/Data/Tools/BuildPipeline/Unity.SourceGenerators/Unity.Properties.SourceGenerator.dll"
-analyzer:"F:/Unity/6000.5.8f1/Editor/Data/Tools/BuildPipeline/Unity.SourceGenerators/Unity.SourceGenerators.dll"
-analyzer:"F:/Unity/6000.5.8f1/Editor/Data/Tools/BuildPipeline/Unity.SourceGenerators/Unity.UIToolkit.SourceGenerator.dll"
"Packages/com.diversion.vcs/Editor/Api/AgentApiClient.cs"
"Packages/com.diversion.vcs/Editor/Api/CoreApiClient.cs"
"Packages/com.diversion.vcs/Editor/Api/DiversionApiException.cs"
"Packages/com.diversion.vcs/Editor/Api/Generated/AgentApi/Client/ApiClient.cs"
"Packages/com.diversion.vcs/Editor/Api/Generated/AgentApi/Client/ApiException.cs"
"Packages/com.diversion.vcs/Editor/Api/Generated/AgentApi/Client/ApiResponse.cs"
"Packages/com.diversion.vcs/Editor/Api/Generated/AgentApi/Client/ClientUtils.cs"
"Packages/com.diversion.vcs/Editor/Api/Generated/AgentApi/Client/Configuration.cs"
"Packages/com.diversion.vcs/Editor/Api/Generated/AgentApi/Client/ConnectionException.cs"
"Packages/com.diversion.vcs/Editor/Api/Generated/AgentApi/Client/ExceptionFactory.cs"
"Packages/com.diversion.vcs/Editor/Api/Generated/AgentApi/Client/GlobalConfiguration.cs"
"Packages/com.diversion.vcs/Editor/Api/Generated/AgentApi/Client/IApiAccessor.cs"
"Packages/com.diversion.vcs/Editor/Api/Generated/AgentApi/Client/IAsynchronousClient.cs"
"Packages/com.diversion.vcs/Editor/Api/Generated/AgentApi/Client/IReadableConfiguration.cs"
"Packages/com.diversion.vcs/Editor/Api/Generated/AgentApi/Client/ISynchronousClient.cs"
"Packages/com.diversion.vcs/Editor/Api/Generated/AgentApi/Client/Multimap.cs"
"Packages/com.diversion.vcs/Editor/Api/Generated/AgentApi/Client/OpenAPIDateConverter.cs"
"Packages/com.diversion.vcs/Editor/Api/Generated/AgentApi/Client/RequestOptions.cs"
"Packages/com.diversion.vcs/Editor/Api/Generated/AgentApi/Client/UnexpectedResponseException.cs"
"Packages/com.diversion.vcs/Editor/Api/Generated/AgentApi/Client/WebRequestPathBuilder.cs"
"Packages/com.diversion.vcs/Editor/Api/Generated/AgentApi/Model/AbstractOpenAPISchema.cs"
"Packages/com.diversion.vcs/Editor/Api/Generated/AgentApi/Model/AuthNotification.cs"
"Packages/com.diversion.vcs/Editor/Api/Generated/AgentApi/Model/BinaryArchiveJob.cs"
"Packages/com.diversion.vcs/Editor/Api/Generated/AgentApi/Model/BinaryArchiveJobList.cs"
"Packages/com.diversion.vcs/Editor/Api/Generated/AgentApi/Model/BinaryArchiveJobPhase.cs"
"Packages/com.diversion.vcs/Editor/Api/Generated/AgentApi/Model/BinaryArchiveJobStatus.cs"
"Packages/com.diversion.vcs/Editor/Api/Generated/AgentApi/Model/BinaryArchiveUnpackEntry.cs"
"Packages/com.diversion.vcs/Editor/Api/Generated/AgentApi/Model/BlobCacheEntry.cs"
"Packages/com.diversion.vcs/Editor/Api/Generated/AgentApi/Model/CleanIgnored200Response.cs"
"Packages/com.diversion.vcs/Editor/Api/Generated/AgentApi/Model/CloneRepo.cs"
"Packages/com.diversion.vcs/Editor/Api/Generated/AgentApi/Model/CommitBlockInfo.cs"
"Packages/com.diversion.vcs/Editor/Api/Generated/AgentApi/Model/CommitPaymentRequired.cs"
"Packages/com.diversion.vcs/Editor/Api/Generated/AgentApi/Model/CommitRejected.cs"
"Packages/com.diversion.vcs/Editor/Api/Generated/AgentApi/Model/CommitRequest.cs"
"Packages/com.diversion.vcs/Editor/Api/Generated/AgentApi/Model/CommitResult.cs"
"Packages/com.diversion.vcs/Editor/Api/Generated/AgentApi/Model/CoreAccessToken200Response.cs"
"Packages/com.diversion.vcs/Editor/Api/Generated/AgentApi/Model/CoreApiCredentials.cs"
"Packages/com.diversion.vcs/Editor/Api/Generated/AgentApi/Model/CreateSlothbotSessionRequest.cs"
"Packages/com.diversion.vcs/Editor/Api/Generated/AgentApi/Model/DirectionalThrottleConfig.cs"
"Packages/com.diversion.vcs/Editor/Api/Generated/AgentApi/Model/Error.cs"
"Packages/com.diversion.vcs/Editor/Api/Generated/AgentApi/Model/FetchBinaryArchiveRequest.cs"
"Packages/com.diversion.vcs/Editor/Api/Generated/AgentApi/Model/FileEntry.cs"
"Packages/com.diversion.vcs/Editor/Api/Generated/AgentApi/Model/FileMode.cs"
"Packages/com.diversion.vcs/Editor/Api/Generated/AgentApi/Model/FileStatusAggregation.cs"
"Packages/com.diversion.vcs/Editor/Api/Generated/AgentApi/Model/FileSyncStatus.cs"
"Packages/com.diversion.vcs/Editor/Api/Generated/AgentApi/Model/GetLocalConflicts200Response.cs"
"Packages/com.diversion.vcs/Editor/Api/Generated/AgentApi/Model/HookResult.cs"
"Packages/com.diversion.vcs/Editor/Api/Generated/AgentApi/Model/InitRepo.cs"
"Packages/com.diversion.vcs/Editor/Api/Generated/AgentApi/Model/InternalState.cs"
"Packages/com.diversion.vcs/Editor/Api/Generated/AgentApi/Model/IsAlive200Response.cs"
"Packages/com.diversion.vcs/Editor/Api/Generated/AgentApi/Model/LastAppliedChanges.cs"
"Packages/com.diversion.vcs/Editor/Api/Generated/AgentApi/Model/ListDir200Response.cs"
"Packages/com.diversion.vcs/Editor/Api/Generated/AgentApi/Model/ListDirRequest.cs"
"Packages/com.diversion.vcs/Editor/Api/Generated/AgentApi/Model/LoadDirection.cs"
"Packages/com.diversion.vcs/Editor/Api/Generated/AgentApi/Model/ObjectStatus.cs"
"Packages/com.diversion.vcs/Editor/Api/Generated/AgentApi/Model/OpenLocalWorkspaceRequest.cs"
"Packages/com.diversion.vcs/Editor/Api/Generated/AgentApi/Model/OpenWorkspaceFileParams.cs"
"Packages/com.diversion.vcs/Editor/Api/Generated/AgentApi/Model/ProgressStatus.cs"
"Packages/com.diversion.vcs/Editor/Api/Generated/AgentApi/Model/PublishBinaryArchiveRequest.cs"
"Packages/com.diversion.vcs/Editor/Api/Generated/AgentApi/Model/Reference.cs"
"Packages/com.diversion.vcs/Editor/Api/Generated/AgentApi/Model/RepoInitResponse.cs"
"Packages/com.diversion.vcs/Editor/Api/Generated/AgentApi/Model/SlothbotChatCompletionChoice.cs"
"Packages/com.diversion.vcs/Editor/Api/Generated/AgentApi/Model/SlothbotChatCompletionRequest.cs"
"Packages/com.diversion.vcs/Editor/Api/Generated/AgentApi/Model/SlothbotChatCompletionResponse.cs"
"Packages/com.diversion.vcs/Editor/Api/Generated/AgentApi/Model/SlothbotChatCompletionUsage.cs"
"Packages/com.diversion.vcs/Editor/Api/Generated/AgentApi/Model/SlothbotChatMessage.cs"
"Packages/com.diversion.vcs/Editor/Api/Generated/AgentApi/Model/SlothbotChatMessageContent.cs"
"Packages/com.diversion.vcs/Editor/Api/Generated/AgentApi/Model/SlothbotContentPart.cs"
"Packages/com.diversion.vcs/Editor/Api/Generated/AgentApi/Model/SlothbotImageUrl.cs"
"Packages/com.diversion.vcs/Editor/Api/Generated/AgentApi/Model/SlothbotMessage.cs"
"Packages/com.diversion.vcs/Editor/Api/Generated/AgentApi/Model/SlothbotMessageList.cs"
"Packages/com.diversion.vcs/Editor/Api/Generated/AgentApi/Model/SlothbotMessageRequest.cs"
"Packages/com.diversion.vcs/Editor/Api/Generated/AgentApi/Model/SlothbotModelList.cs"
"Packages/com.diversion.vcs/Editor/Api/Generated/AgentApi/Model/SlothbotModelListDataInner.cs"
"Packages/com.diversion.vcs/Editor/Api/Generated/AgentApi/Model/SlothbotSession.cs"
"Packages/com.diversion.vcs/Editor/Api/Generated/AgentApi/Model/SlothbotSessionList.cs"
"Packages/com.diversion.vcs/Editor/Api/Generated/AgentApi/Model/SlothbotSessionStatus.cs"
"Packages/com.diversion.vcs/Editor/Api/Generated/AgentApi/Model/SlothbotStatus.cs"
"Packages/com.diversion.vcs/Editor/Api/Generated/AgentApi/Model/SlothbotTool.cs"
"Packages/com.diversion.vcs/Editor/Api/Generated/AgentApi/Model/SlothbotToolCall.cs"
"Packages/com.diversion.vcs/Editor/Api/Generated/AgentApi/Model/SlothbotToolCallFunction.cs"
"Packages/com.diversion.vcs/Editor/Api/Generated/AgentApi/Model/SlothbotToolFunctionDefinition.cs"
"Packages/com.diversion.vcs/Editor/Api/Generated/AgentApi/Model/SlothbotToolKind.cs"
"Packages/com.diversion.vcs/Editor/Api/Generated/AgentApi/Model/SlothbotToolPermissions.cs"
"Packages/com.diversion.vcs/Editor/Api/Generated/AgentApi/Model/StartProfilingRequest.cs"
"Packages/com.diversion.vcs/Editor/Api/Generated/AgentApi/Model/StopProfiling200Response.cs"
"Packages/com.diversion.vcs/Editor/Api/Generated/AgentApi/Model/SupportBundle.cs"
"Packages/com.diversion.vcs/Editor/Api/Generated/AgentApi/Model/SupportBundleExtraInfoInner.cs"
"Packages/com.diversion.vcs/Editor/Api/Generated/AgentApi/Model/SupportBundleResponse.cs"
"Packages/com.diversion.vcs/Editor/Api/Generated/AgentApi/Model/ThrottleConfig.cs"
"Packages/com.diversion.vcs/Editor/Api/Generated/AgentApi/Model/ThrottleMode.cs"
"Packages/com.diversion.vcs/Editor/Api/Generated/AgentApi/Model/UserErrors.cs"
"Packages/com.diversion.vcs/Editor/Api/Generated/AgentApi/Model/VerifyNoIgnored200Response.cs"
"Packages/com.diversion.vcs/Editor/Api/Generated/AgentApi/Model/WorkspaceConfiguration.cs"
"Packages/com.diversion.vcs/Editor/Api/Generated/AgentApi/Model/WorkspaceDefinition.cs"
"Packages/com.diversion.vcs/Editor/Api/Generated/AgentApi/Model/WorkspaceJournalID.cs"
"Packages/com.diversion.vcs/Editor/Api/Generated/AgentApi/Model/WorkspaceStatus.cs"
"Packages/com.diversion.vcs/Editor/Api/Generated/AgentApi/Model/WorkspaceStatusItems.cs"
"Packages/com.diversion.vcs/Editor/Api/Generated/AgentApi/Model/WorkspaceSyncProgress.cs"
"Packages/com.diversion.vcs/Editor/Api/Generated/AgentApi/Model/WorkspaceSyncProgressErrorPathsInner.cs"
"Packages/com.diversion.vcs/Editor/Api/Generated/AgentApi/Model/WorkspaceSyncProgressFileStats.cs"
"Packages/com.diversion.vcs/Editor/Api/Generated/AgentApi/Model/WorkspaceSyncStatus.cs"
"Packages/com.diversion.vcs/Editor/Api/Generated/CoreApi/Client/ApiClient.cs"
"Packages/com.diversion.vcs/Editor/Api/Generated/CoreApi/Client/ApiException.cs"
"Packages/com.diversion.vcs/Editor/Api/Generated/CoreApi/Client/ApiResponse.cs"
"Packages/com.diversion.vcs/Editor/Api/Generated/CoreApi/Client/ClientUtils.cs"
"Packages/com.diversion.vcs/Editor/Api/Generated/CoreApi/Client/Configuration.cs"
"Packages/com.diversion.vcs/Editor/Api/Generated/CoreApi/Client/ConnectionException.cs"
"Packages/com.diversion.vcs/Editor/Api/Generated/CoreApi/Client/ExceptionFactory.cs"
"Packages/com.diversion.vcs/Editor/Api/Generated/CoreApi/Client/GlobalConfiguration.cs"
"Packages/com.diversion.vcs/Editor/Api/Generated/CoreApi/Client/IApiAccessor.cs"
"Packages/com.diversion.vcs/Editor/Api/Generated/CoreApi/Client/IAsynchronousClient.cs"
"Packages/com.diversion.vcs/Editor/Api/Generated/CoreApi/Client/IReadableConfiguration.cs"
"Packages/com.diversion.vcs/Editor/Api/Generated/CoreApi/Client/ISynchronousClient.cs"
"Packages/com.diversion.vcs/Editor/Api/Generated/CoreApi/Client/Multimap.cs"
"Packages/com.diversion.vcs/Editor/Api/Generated/CoreApi/Client/OpenAPIDateConverter.cs"
"Packages/com.diversion.vcs/Editor/Api/Generated/CoreApi/Client/RequestOptions.cs"
"Packages/com.diversion.vcs/Editor/Api/Generated/CoreApi/Client/UnexpectedResponseException.cs"
"Packages/com.diversion.vcs/Editor/Api/Generated/CoreApi/Client/WebRequestPathBuilder.cs"
"Packages/com.diversion.vcs/Editor/Api/Generated/CoreApi/Model/AbortMultipartUpload.cs"
"Packages/com.diversion.vcs/Editor/Api/Generated/CoreApi/Model/AbstractOpenAPISchema.cs"
"Packages/com.diversion.vcs/Editor/Api/Generated/CoreApi/Model/AccessMode.cs"
"Packages/com.diversion.vcs/Editor/Api/Generated/CoreApi/Model/AddCommentPayload.cs"
"Packages/com.diversion.vcs/Editor/Api/Generated/CoreApi/Model/AddGroupMemberRequest.cs"
"Packages/com.diversion.vcs/Editor/Api/Generated/CoreApi/Model/AgentInputPayload.cs"
"Packages/com.diversion.vcs/Editor/Api/Generated/CoreApi/Model/AgentMessage.cs"
"Packages/com.diversion.vcs/Editor/Api/Generated/CoreApi/Model/AgentMessageList.cs"
"Packages/com.diversion.vcs/Editor/Api/Generated/CoreApi/Model/AgentSession.cs"
"Packages/com.diversion.vcs/Editor/Api/Generated/CoreApi/Model/AgentSessionList.cs"
"Packages/com.diversion.vcs/Editor/Api/Generated/CoreApi/Model/AnalyticsEvent.cs"
"Packages/com.diversion.vcs/Editor/Api/Generated/CoreApi/Model/AnalyticsEvents.cs"
"Packages/com.diversion.vcs/Editor/Api/Generated/CoreApi/Model/AnalyticsIdentify.cs"
"Packages/com.diversion.vcs/Editor/Api/Generated/CoreApi/Model/AppendTranscriptPayload.cs"
"Packages/com.diversion.vcs/Editor/Api/Generated/CoreApi/Model/ApplyShelf.cs"
"Packages/com.diversion.vcs/Editor/Api/Generated/CoreApi/Model/AskQueryPayload.cs"
"Packages/com.diversion.vcs/Editor/Api/Generated/CoreApi/Model/AsyncResponse.cs"
"Packages/com.diversion.vcs/Editor/Api/Generated/CoreApi/Model/AuthorInfo.cs"
"Packages/com.diversion.vcs/Editor/Api/Generated/CoreApi/Model/BatchPermissionItem.cs"
"Packages/com.diversion.vcs/Editor/Api/Generated/CoreApi/Model/BatchUpdateGranularPermissions.cs"
"Packages/com.diversion.vcs/Editor/Api/Generated/CoreApi/Model/BillingSession.cs"
"Packages/com.diversion.vcs/Editor/Api/Generated/CoreApi/Model/BinaryArchive.cs"
"Packages/com.diversion.vcs/Editor/Api/Generated/CoreApi/Model/BinaryArchiveList.cs"
"Packages/com.diversion.vcs/Editor/Api/Generated/CoreApi/Model/BinaryArchiveUnpackEntry.cs"
"Packages/com.diversion.vcs/Editor/Api/Generated/CoreApi/Model/BlameRange.cs"
"Packages/com.diversion.vcs/Editor/Api/Generated/CoreApi/Model/BlameStreamEvent.cs"
"Packages/com.diversion.vcs/Editor/Api/Generated/CoreApi/Model/BlobCacheEntry.cs"
"Packages/com.diversion.vcs/Editor/Api/Generated/CoreApi/Model/BlobDiffResult.cs"
"Packages/com.diversion.vcs/Editor/Api/Generated/CoreApi/Model/BlobExistingUrl.cs"
"Packages/com.diversion.vcs/Editor/Api/Generated/CoreApi/Model/BlobLocation.cs"
"Packages/com.diversion.vcs/Editor/Api/Generated/CoreApi/Model/BlobMetadata.cs"
"Packages/com.diversion.vcs/Editor/Api/Generated/CoreApi/Model/BlobMultipartUploadUrl.cs"
"Packages/com.diversion.vcs/Editor/Api/Generated/CoreApi/Model/BlobSingleOrMultipartUploadUrl.cs"
"Packages/com.diversion.vcs/Editor/Api/Generated/CoreApi/Model/BlobUploadBatchRequest.cs"
"Packages/com.diversion.vcs/Editor/Api/Generated/CoreApi/Model/BlobUploadBatchRequestEntry.cs"
"Packages/com.diversion.vcs/Editor/Api/Generated/CoreApi/Model/BlobUploadBatchResponse.cs"
"Packages/com.diversion.vcs/Editor/Api/Generated/CoreApi/Model/BlobUploadUrl.cs"
"Packages/com.diversion.vcs/Editor/Api/Generated/CoreApi/Model/BlobUploadUrlForDigest.cs"
"Packages/com.diversion.vcs/Editor/Api/Generated/CoreApi/Model/Branch.cs"
"Packages/com.diversion.vcs/Editor/Api/Generated/CoreApi/Model/BranchLockingConfig.cs"
"Packages/com.diversion.vcs/Editor/Api/Generated/CoreApi/Model/BranchProtectionConfig.cs"
"Packages/com.diversion.vcs/Editor/Api/Generated/CoreApi/Model/ChangeRoleRequest.cs"
"Packages/com.diversion.vcs/Editor/Api/Generated/CoreApi/Model/CheckpointList.cs"
"Packages/com.diversion.vcs/Editor/Api/Generated/CoreApi/Model/ClientUpdate.cs"
"Packages/com.diversion.vcs/Editor/Api/Generated/CoreApi/Model/ClientUpdateResult.cs"
"Packages/com.diversion.vcs/Editor/Api/Generated/CoreApi/Model/ClientUpdateResults.cs"
"Packages/com.diversion.vcs/Editor/Api/Generated/CoreApi/Model/ClientUpdates.cs"
"Packages/com.diversion.vcs/Editor/Api/Generated/CoreApi/Model/CollaborationInvite.cs"
"Packages/com.diversion.vcs/Editor/Api/Generated/CoreApi/Model/CollaborationInviteRequest.cs"
"Packages/com.diversion.vcs/Editor/Api/Generated/CoreApi/Model/CollaborationRequest.cs"
"Packages/com.diversion.vcs/Editor/Api/Generated/CoreApi/Model/Collaborator.cs"
"Packages/com.diversion.vcs/Editor/Api/Generated/CoreApi/Model/Commit.cs"
"Packages/com.diversion.vcs/Editor/Api/Generated/CoreApi/Model/CommitAsDraftRequest.cs"
"Packages/com.diversion.vcs/Editor/Api/Generated/CoreApi/Model/CommitAsDraftResponse.cs"
"Packages/com.diversion.vcs/Editor/Api/Generated/CoreApi/Model/CommitBlockInfo.cs"
"Packages/com.diversion.vcs/Editor/Api/Generated/CoreApi/Model/CommitId.cs"
"Packages/com.diversion.vcs/Editor/Api/Generated/CoreApi/Model/CommitMessage.cs"
"Packages/com.diversion.vcs/Editor/Api/Generated/CoreApi/Model/CommitOnBehalfRequest.cs"
"Packages/com.diversion.vcs/Editor/Api/Generated/CoreApi/Model/CommitPaymentResponse.cs"
"Packages/com.diversion.vcs/Editor/Api/Generated/CoreApi/Model/CommitRequest.cs"
"Packages/com.diversion.vcs/Editor/Api/Generated/CoreApi/Model/CommitTranscript.cs"
"Packages/com.diversion.vcs/Editor/Api/Generated/CoreApi/Model/ComparisonItem.cs"
"Packages/com.diversion.vcs/Editor/Api/Generated/CoreApi/Model/CompletedMultipartUpload.cs"
"Packages/com.diversion.vcs/Editor/Api/Generated/CoreApi/Model/CompletedPart.cs"
"Packages/com.diversion.vcs/Editor/Api/Generated/CoreApi/Model/ConfigurationResponse.cs"
"Packages/com.diversion.vcs/Editor/Api/Generated/CoreApi/Model/Conflict.cs"
"Packages/com.diversion.vcs/Editor/Api/Generated/CoreApi/Model/ConflictIndex.cs"
"Packages/com.diversion.vcs/Editor/Api/Generated/CoreApi/Model/ContentGenerateRequest.cs"
"Packages/com.diversion.vcs/Editor/Api/Generated/CoreApi/Model/ContentGenerateResponse.cs"
"Packages/com.diversion.vcs/Editor/Api/Generated/CoreApi/Model/CreateAgentSessionPayload.cs"
"Packages/com.diversion.vcs/Editor/Api/Generated/CoreApi/Model/CreateCheckpointPayload.cs"
"Packages/com.diversion.vcs/Editor/Api/Generated/CoreApi/Model/CreateGranularPermission.cs"
"Packages/com.diversion.vcs/Editor/Api/Generated/CoreApi/Model/CreateGroupRequest.cs"
"Packages/com.diversion.vcs/Editor/Api/Generated/CoreApi/Model/CreateOrganization.cs"
"Packages/com.diversion.vcs/Editor/Api/Generated/CoreApi/Model/CreateReviewPayload.cs"
"Packages/com.diversion.vcs/Editor/Api/Generated/CoreApi/Model/CreateShelf.cs"
"Packages/com.diversion.vcs/Editor/Api/Generated/CoreApi/Model/CreateTag.cs"
"Packages/com.diversion.vcs/Editor/Api/Generated/CoreApi/Model/CreateWebhookRequest.cs"
"Packages/com.diversion.vcs/Editor/Api/Generated/CoreApi/Model/CustomPKCELoginRequest.cs"
"Packages/com.diversion.vcs/Editor/Api/Generated/CoreApi/Model/CustomPKCELoginResponse.cs"
"Packages/com.diversion.vcs/Editor/Api/Generated/CoreApi/Model/CustomRedirectResponse.cs"
"Packages/com.diversion.vcs/Editor/Api/Generated/CoreApi/Model/DeleteAccountBlocker.cs"
"Packages/com.diversion.vcs/Editor/Api/Generated/CoreApi/Model/DeleteAccountBlockers.cs"
"Packages/com.diversion.vcs/Editor/Api/Generated/CoreApi/Model/DetailedMerge.cs"
"Packages/com.diversion.vcs/Editor/Api/Generated/CoreApi/Model/DiffSide.cs"
"Packages/com.diversion.vcs/Editor/Api/Generated/CoreApi/Model/DownloadUrl.cs"
"Packages/com.diversion.vcs/Editor/Api/Generated/CoreApi/Model/DraftCommit.cs"
"Packages/com.diversion.vcs/Editor/Api/Generated/CoreApi/Model/EmailInviteSummary.cs"
"Packages/com.diversion.vcs/Editor/Api/Generated/CoreApi/Model/EnterpriseLoginResponse.cs"
"Packages/com.diversion.vcs/Editor/Api/Generated/CoreApi/Model/Error.cs"
"Packages/com.diversion.vcs/Editor/Api/Generated/CoreApi/Model/ErrorReport.cs"
"Packages/com.diversion.vcs/Editor/Api/Generated/CoreApi/Model/FailedCommitPaths.cs"
"Packages/com.diversion.vcs/Editor/Api/Generated/CoreApi/Model/Features.cs"
"Packages/com.diversion.vcs/Editor/Api/Generated/CoreApi/Model/FileBlame.cs"
"Packages/com.diversion.vcs/Editor/Api/Generated/CoreApi/Model/FileEntry.cs"
"Packages/com.diversion.vcs/Editor/Api/Generated/CoreApi/Model/FileEntryBlob.cs"
"Packages/com.diversion.vcs/Editor/Api/Generated/CoreApi/Model/FileHistoryEntry.cs"
"Packages/com.diversion.vcs/Editor/Api/Generated/CoreApi/Model/FileLock.cs"
"Packages/com.diversion.vcs/Editor/Api/Generated/CoreApi/Model/FileLockList.cs"
"Packages/com.diversion.vcs/Editor/Api/Generated/CoreApi/Model/FileMode.cs"
"Packages/com.diversion.vcs/Editor/Api/Generated/CoreApi/Model/FilePatternList.cs"
"Packages/com.diversion.vcs/Editor/Api/Generated/CoreApi/Model/FilePatternMatchResult.cs"
"Packages/com.diversion.vcs/Editor/Api/Generated/CoreApi/Model/GitRepoImport.cs"
"Packages/com.diversion.vcs/Editor/Api/Generated/CoreApi/Model/GitSyncLevel.cs"
"Packages/com.diversion.vcs/Editor/Api/Generated/CoreApi/Model/GitSyncRepoByRemoteResponse.cs"
"Packages/com.diversion.vcs/Editor/Api/Generated/CoreApi/Model/GranularPermission.cs"
"Packages/com.diversion.vcs/Editor/Api/Generated/CoreApi/Model/GranularPermissionType.cs"
"Packages/com.diversion.vcs/Editor/Api/Generated/CoreApi/Model/Group.cs"
"Packages/com.diversion.vcs/Editor/Api/Generated/CoreApi/Model/GroupData.cs"
"Packages/com.diversion.vcs/Editor/Api/Generated/CoreApi/Model/GroupMember.cs"
"Packages/com.diversion.vcs/Editor/Api/Generated/CoreApi/Model/GroupMemberRole.cs"
"Packages/com.diversion.vcs/Editor/Api/Generated/CoreApi/Model/GroupMemberWithUser.cs"
"Packages/com.diversion.vcs/Editor/Api/Generated/CoreApi/Model/InviteStatus.cs"
"Packages/com.diversion.vcs/Editor/Api/Generated/CoreApi/Model/InvitingUserInfo.cs"
"Packages/com.diversion.vcs/Editor/Api/Generated/CoreApi/Model/JournalEntry.cs"
"Packages/com.diversion.vcs/Editor/Api/Generated/CoreApi/Model/JournalEvent.cs"
"Packages/com.diversion.vcs/Editor/Api/Generated/CoreApi/Model/KnownDigestsResponse.cs"
"Packages/com.diversion.vcs/Editor/Api/Generated/CoreApi/Model/ListDraftCommitsResponse.cs"
"Packages/com.diversion.vcs/Editor/Api/Generated/CoreApi/Model/LockStatus.cs"
"Packages/com.diversion.vcs/Editor/Api/Generated/CoreApi/Model/MembershipInfo.cs"
"Packages/com.diversion.vcs/Editor/Api/Generated/CoreApi/Model/Merge.cs"
"Packages/com.diversion.vcs/Editor/Api/Generated/CoreApi/Model/MergeId.cs"
"Packages/com.diversion.vcs/Editor/Api/Generated/CoreApi/Model/MergeRequestResponse.cs"
"Packages/com.diversion.vcs/Editor/Api/Generated/CoreApi/Model/MfaChallengeResponse.cs"
"Packages/com.diversion.vcs/Editor/Api/Generated/CoreApi/Model/MfaCodeRequest.cs"
"Packages/com.diversion.vcs/Editor/Api/Generated/CoreApi/Model/ModifyGranularPermission.cs"
"Packages/com.diversion.vcs/Editor/Api/Generated/CoreApi/Model/ModifyTag.cs"
"Packages/com.diversion.vcs/Editor/Api/Generated/CoreApi/Model/NeedLogsOutput.cs"
"Packages/com.diversion.vcs/Editor/Api/Generated/CoreApi/Model/NewBranch.cs"
"Packages/com.diversion.vcs/Editor/Api/Generated/CoreApi/Model/NewCommit.cs"
"Packages/com.diversion.vcs/Editor/Api/Generated/CoreApi/Model/NewRepo.cs"
"Packages/com.diversion.vcs/Editor/Api/Generated/CoreApi/Model/NewRepoRequest.cs"
"Packages/com.diversion.vcs/Editor/Api/Generated/CoreApi/Model/NewResourceId.cs"
"Packages/com.diversion.vcs/Editor/Api/Generated/CoreApi/Model/NewWorkspace.cs"
"Packages/com.diversion.vcs/Editor/Api/Generated/CoreApi/Model/Notification.cs"
"Packages/com.diversion.vcs/Editor/Api/Generated/CoreApi/Model/NotificationList.cs"
"Packages/com.diversion.vcs/Editor/Api/Generated/CoreApi/Model/ObjectStatus.cs"
"Packages/com.diversion.vcs/Editor/Api/Generated/CoreApi/Model/ObliterateCounts.cs"
"Packages/com.diversion.vcs/Editor/Api/Generated/CoreApi/Model/ObliterateRequest.cs"
"Packages/com.diversion.vcs/Editor/Api/Generated/CoreApi/Model/ObliterateResponse.cs"
"Packages/com.diversion.vcs/Editor/Api/Generated/CoreApi/Model/ObliterateTopObject.cs"
"Packages/com.diversion.vcs/Editor/Api/Generated/CoreApi/Model/OnboardingData.cs"
"Packages/com.diversion.vcs/Editor/Api/Generated/CoreApi/Model/Organization.cs"
"Packages/com.diversion.vcs/Editor/Api/Generated/CoreApi/Model/OrganizationBasicInfo.cs"
"Packages/com.diversion.vcs/Editor/Api/Generated/CoreApi/Model/OrganizationInvite.cs"
"Packages/com.diversion.vcs/Editor/Api/Generated/CoreApi/Model/OrganizationInviteList.cs"
"Packages/com.diversion.vcs/Editor/Api/Generated/CoreApi/Model/OrganizationInviteRequest.cs"
"Packages/com.diversion.vcs/Editor/Api/Generated/CoreApi/Model/OrganizationMember.cs"
"Packages/com.diversion.vcs/Editor/Api/Generated/CoreApi/Model/OrganizationMemberData.cs"
"Packages/com.diversion.vcs/Editor/Api/Generated/CoreApi/Model/OrganizationPreferencesPayload.cs"
"Packages/com.diversion.vcs/Editor/Api/Generated/CoreApi/Model/OrganizationSubscriptionInfo.cs"
"Packages/com.diversion.vcs/Editor/Api/Generated/CoreApi/Model/OrganizationSubscriptionInfoList.cs"
"Packages/com.diversion.vcs/Editor/Api/Generated/CoreApi/Model/P4BatchInsertResult.cs"
"Packages/com.diversion.vcs/Editor/Api/Generated/CoreApi/Model/P4BlobFailureKey.cs"
"Packages/com.diversion.vcs/Editor/Api/Generated/CoreApi/Model/P4BlobImportCheckpoint.cs"
"Packages/com.diversion.vcs/Editor/Api/Generated/CoreApi/Model/P4BlobImportCheckpointUpdate.cs"
"Packages/com.diversion.vcs/Editor/Api/Generated/CoreApi/Model/P4BlobImportFailure.cs"
"Packages/com.diversion.vcs/Editor/Api/Generated/CoreApi/Model/P4BlobImportPlan.cs"
"Packages/com.diversion.vcs/Editor/Api/Generated/CoreApi/Model/P4BlobImportPlanEntry.cs"
"Packages/com.diversion.vcs/Editor/Api/Generated/CoreApi/Model/P4BlobPhaseStats.cs"
"Packages/com.diversion.vcs/Editor/Api/Generated/CoreApi/Model/P4BlobRequestFulfillment.cs"
"Packages/com.diversion.vcs/Editor/Api/Generated/CoreApi/Model/P4BlobRequestFulfillmentEntry.cs"
"Packages/com.diversion.vcs/Editor/Api/Generated/CoreApi/Model/P4BlobRequestFulfillmentResult.cs"
"Packages/com.diversion.vcs/Editor/Api/Generated/CoreApi/Model/P4BlobRequestItem.cs"
"Packages/com.diversion.vcs/Editor/Api/Generated/CoreApi/Model/P4BlobRequestLease.cs"
"Packages/com.diversion.vcs/Editor/Api/Generated/CoreApi/Model/P4BlobRequestList.cs"
"Packages/com.diversion.vcs/Editor/Api/Generated/CoreApi/Model/P4ExportCommitResult.cs"
"Packages/com.diversion.vcs/Editor/Api/Generated/CoreApi/Model/P4ExportFileOperation.cs"
"Packages/com.diversion.vcs/Editor/Api/Generated/CoreApi/Model/P4ExportPrepareBatchRequest.cs"
"Packages/com.diversion.vcs/Editor/Api/Generated/CoreApi/Model/P4ExportPrepareBatchResponse.cs"
"Packages/com.diversion.vcs/Editor/Api/Generated/CoreApi/Model/P4ExportPreparedCommit.cs"
"Packages/com.diversion.vcs/Editor/Api/Generated/CoreApi/Model/P4ExportReportResultRequest.cs"
"Packages/com.diversion.vcs/Editor/Api/Generated/CoreApi/Model/P4ExportState.cs"
"Packages/com.diversion.vcs/Editor/Api/Generated/CoreApi/Model/P4ExportStateUpdate.cs"
"Packages/com.diversion.vcs/Editor/Api/Generated/CoreApi/Model/P4FetchProgressUpdate.cs"
"Packages/com.diversion.vcs/Editor/Api/Generated/CoreApi/Model/P4ImportJobResult.cs"
"Packages/com.diversion.vcs/Editor/Api/Generated/CoreApi/Model/P4ImportSessionCreate.cs"
"Packages/com.diversion.vcs/Editor/Api/Generated/CoreApi/Model/P4ImportSessionResponse.cs"
"Packages/com.diversion.vcs/Editor/Api/Generated/CoreApi/Model/P4ImportState.cs"
"Packages/com.diversion.vcs/Editor/Api/Generated/CoreApi/Model/P4ImportStateUpdate.cs"
"Packages/com.diversion.vcs/Editor/Api/Generated/CoreApi/Model/P4ImportStatus.cs"
"Packages/com.diversion.vcs/Editor/Api/Generated/CoreApi/Model/P4ImportStatusFetchPhase.cs"
"Packages/com.diversion.vcs/Editor/Api/Generated/CoreApi/Model/P4ImportStatusTranslatePhase.cs"
"Packages/com.diversion.vcs/Editor/Api/Generated/CoreApi/Model/P4RawChangesBatch.cs"
"Packages/com.diversion.vcs/Editor/Api/Generated/CoreApi/Model/P4RawChangesBatchChangesInner.cs"
"Packages/com.diversion.vcs/Editor/Api/Generated/CoreApi/Model/P4RawDataBatch.cs"
"Packages/com.diversion.vcs/Editor/Api/Generated/CoreApi/Model/P4RawRevisionsBatch.cs"
"Packages/com.diversion.vcs/Editor/Api/Generated/CoreApi/Model/P4RawRevisionsBatchRevisionsInner.cs"
"Packages/com.diversion.vcs/Editor/Api/Generated/CoreApi/Model/P4RawRevisionsBatchRevisionsInnerRevisionData.cs"
"Packages/com.diversion.vcs/Editor/Api/Generated/CoreApi/Model/P4RawRevisionsBatchRevisionsInnerRevisionDataIntegrationsInner.cs"
"Packages/com.diversion.vcs/Editor/Api/Generated/CoreApi/Model/P4Revision.cs"
"Packages/com.diversion.vcs/Editor/Api/Generated/CoreApi/Model/P4RevisionData.cs"
"Packages/com.diversion.vcs/Editor/Api/Generated/CoreApi/Model/P4TranslateError.cs"
"Packages/com.diversion.vcs/Editor/Api/Generated/CoreApi/Model/P4TranslateRequest.cs"
"Packages/com.diversion.vcs/Editor/Api/Generated/CoreApi/Model/P4TranslateResult.cs"
"Packages/com.diversion.vcs/Editor/Api/Generated/CoreApi/Model/P4User.cs"
"Packages/com.diversion.vcs/Editor/Api/Generated/CoreApi/Model/PaginatedGroupList.cs"
"Packages/com.diversion.vcs/Editor/Api/Generated/CoreApi/Model/PaginatedGroupMemberList.cs"
"Packages/com.diversion.vcs/Editor/Api/Generated/CoreApi/Model/PaginatedOrganizationInviteList.cs"
"Packages/com.diversion.vcs/Editor/Api/Generated/CoreApi/Model/PaginatedOrganizationMemberList.cs"
"Packages/com.diversion.vcs/Editor/Api/Generated/CoreApi/Model/ParentBranchInfo.cs"
"Packages/com.diversion.vcs/Editor/Api/Generated/CoreApi/Model/PartNumberToUrl.cs"
"Packages/com.diversion.vcs/Editor/Api/Generated/CoreApi/Model/PathAccessLevel.cs"
"Packages/com.diversion.vcs/Editor/Api/Generated/CoreApi/Model/PresignedUploadUrl.cs"
"Packages/com.diversion.vcs/Editor/Api/Generated/CoreApi/Model/PresignedUploadUrlFields.cs"
"Packages/com.diversion.vcs/Editor/Api/Generated/CoreApi/Model/Reaction.cs"
"Packages/com.diversion.vcs/Editor/Api/Generated/CoreApi/Model/RecommendationRequest.cs"
"Packages/com.diversion.vcs/Editor/Api/Generated/CoreApi/Model/ReconcileGitShaPayload.cs"
"Packages/com.diversion.vcs/Editor/Api/Generated/CoreApi/Model/ReconcileGitShaResponse.cs"
"Packages/com.diversion.vcs/Editor/Api/Generated/CoreApi/Model/ReconcileGitShaStatus.cs"
"Packages/com.diversion.vcs/Editor/Api/Generated/CoreApi/Model/RefFileStatus.cs"
"Packages/com.diversion.vcs/Editor/Api/Generated/CoreApi/Model/RefsFileStatus.cs"
"Packages/com.diversion.vcs/Editor/Api/Generated/CoreApi/Model/RefsFilesStatus.cs"
"Packages/com.diversion.vcs/Editor/Api/Generated/CoreApi/Model/RenameOrganizationPayload.cs"
"Packages/com.diversion.vcs/Editor/Api/Generated/CoreApi/Model/RenameRepoRequest.cs"
"Packages/com.diversion.vcs/Editor/Api/Generated/CoreApi/Model/Repo.cs"
"Packages/com.diversion.vcs/Editor/Api/Generated/CoreApi/Model/RepoInvite.cs"
"Packages/com.diversion.vcs/Editor/Api/Generated/CoreApi/Model/RepoInviteList.cs"
"Packages/com.diversion.vcs/Editor/Api/Generated/CoreApi/Model/RepoTransfer.cs"
"Packages/com.diversion.vcs/Editor/Api/Generated/CoreApi/Model/RepoTransferIncomingMember.cs"
"Packages/com.diversion.vcs/Editor/Api/Generated/CoreApi/Model/RepoTransferList.cs"
"Packages/com.diversion.vcs/Editor/Api/Generated/CoreApi/Model/RepositoryInviteDetail.cs"
"Packages/com.diversion.vcs/Editor/Api/Generated/CoreApi/Model/ResetStatus.cs"
"Packages/com.diversion.vcs/Editor/Api/Generated/CoreApi/Model/Review.cs"
"Packages/com.diversion.vcs/Editor/Api/Generated/CoreApi/Model/ReviewComment.cs"
"Packages/com.diversion.vcs/Editor/Api/Generated/CoreApi/Model/ReviewerStatus.cs"
"Packages/com.diversion.vcs/Editor/Api/Generated/CoreApi/Model/RevokeInvitesRequest.cs"
"Packages/com.diversion.vcs/Editor/Api/Generated/CoreApi/Model/SetDefaultBranchRequest.cs"
"Packages/com.diversion.vcs/Editor/Api/Generated/CoreApi/Model/Shelf.cs"
"Packages/com.diversion.vcs/Editor/Api/Generated/CoreApi/Model/SrcHandlersAuthFetchCode200Response.cs"
"Packages/com.diversion.vcs/Editor/Api/Generated/CoreApi/Model/SrcHandlersAuthGithubJwks200Response.cs"
"Packages/com.diversion.vcs/Editor/Api/Generated/CoreApi/Model/SrcHandlersAuthGithubTokenProxy200Response.cs"
"Packages/com.diversion.vcs/Editor/Api/Generated/CoreApi/Model/SrcHandlersAuthGithubUserinfoProxy200Response.cs"
"Packages/com.diversion.vcs/Editor/Api/Generated/CoreApi/Model/SrcHandlersCollaborationListCollaborators200Response.cs"
"Packages/com.diversion.vcs/Editor/Api/Generated/CoreApi/Model/SrcHandlersIntegrationsIntercomHandleSupportBundleRequestRequest.cs"
"Packages/com.diversion.vcs/Editor/Api/Generated/CoreApi/Model/SrcHandlersv2BlobDiffBlobDiffRequest.cs"
"Packages/com.diversion.vcs/Editor/Api/Generated/CoreApi/Model/SrcHandlersv2BranchListAll200Response.cs"
"Packages/com.diversion.vcs/Editor/Api/Generated/CoreApi/Model/SrcHandlersv2BranchPatchRequest.cs"
"Packages/com.diversion.vcs/Editor/Api/Generated/CoreApi/Model/SrcHandlersv2CommitCountChanges200Response.cs"
"Packages/com.diversion.vcs/Editor/Api/Generated/CoreApi/Model/SrcHandlersv2CommitGetObjectHistory200Response.cs"
"Packages/com.diversion.vcs/Editor/Api/Generated/CoreApi/Model/SrcHandlersv2CommitListAll200Response.cs"
"Packages/com.diversion.vcs/Editor/Api/Generated/CoreApi/Model/SrcHandlersv2FilesCreateOrUpdateFile202Response.cs"
"Packages/com.diversion.vcs/Editor/Api/Generated/CoreApi/Model/SrcHandlersv2MergeListOpenMerges200Response.cs"
"Packages/com.diversion.vcs/Editor/Api/Generated/CoreApi/Model/SrcHandlersv2OrganizationListAll200Response.cs"
"Packages/com.diversion.vcs/Editor/Api/Generated/CoreApi/Model/SrcHandlersv2P4ExportTriggerExport202Response.cs"
"Packages/com.diversion.vcs/Editor/Api/Generated/CoreApi/Model/SrcHandlersv2P4ImportMarkJobRunning200Response.cs"
"Packages/com.diversion.vcs/Editor/Api/Generated/CoreApi/Model/SrcHandlersv2PathPermissionListPermissions200Response.cs"
"Packages/com.diversion.vcs/Editor/Api/Generated/CoreApi/Model/SrcHandlersv2RepoListAll200Response.cs"
"Packages/com.diversion.vcs/Editor/Api/Generated/CoreApi/Model/SrcHandlersv2ReviewListAll200Response.cs"
"Packages/com.diversion.vcs/Editor/Api/Generated/CoreApi/Model/SrcHandlersv2ReviewListComments200Response.cs"
"Packages/com.diversion.vcs/Editor/Api/Generated/CoreApi/Model/SrcHandlersv2ShelfListAll200Response.cs"
"Packages/com.diversion.vcs/Editor/Api/Generated/CoreApi/Model/SrcHandlersv2ShelfPatchRequest.cs"
"Packages/com.diversion.vcs/Editor/Api/Generated/CoreApi/Model/SrcHandlersv2TagListAll200Response.cs"
"Packages/com.diversion.vcs/Editor/Api/Generated/CoreApi/Model/SrcHandlersv2TreeCompare200Response.cs"
"Packages/com.diversion.vcs/Editor/Api/Generated/CoreApi/Model/SrcHandlersv2TreeFiletree200Response.cs"
"Packages/com.diversion.vcs/Editor/Api/Generated/CoreApi/Model/SrcHandlersv2TreeSnapshotTreeSnapshot200Response.cs"
"Packages/com.diversion.vcs/Editor/Api/Generated/CoreApi/Model/SrcHandlersv2WorkspaceCherryPickRequest.cs"
"Packages/com.diversion.vcs/Editor/Api/Generated/CoreApi/Model/SrcHandlersv2WorkspaceCommitWorkspace400Response.cs"
"Packages/com.diversion.vcs/Editor/Api/Generated/CoreApi/Model/SrcHandlersv2WorkspaceForceRepair200Response.cs"
"Packages/com.diversion.vcs/Editor/Api/Generated/CoreApi/Model/SrcHandlersv2WorkspaceGetUploadingAgents200Response.cs"
"Packages/com.diversion.vcs/Editor/Api/Generated/CoreApi/Model/SrcHandlersv2WorkspaceListAllWorkspaces200Response.cs"
"Packages/com.diversion.vcs/Editor/Api/Generated/CoreApi/Model/SrcHandlersv2WorkspaceResetRequest.cs"
"Packages/com.diversion.vcs/Editor/Api/Generated/CoreApi/Model/StorageInfo.cs"
"Packages/com.diversion.vcs/Editor/Api/Generated/CoreApi/Model/SubscriptionInfo.cs"
"Packages/com.diversion.vcs/Editor/Api/Generated/CoreApi/Model/Tag.cs"
"Packages/com.diversion.vcs/Editor/Api/Generated/CoreApi/Model/TelemetryPayload.cs"
"Packages/com.diversion.vcs/Editor/Api/Generated/CoreApi/Model/Tier.cs"
"Packages/com.diversion.vcs/Editor/Api/Generated/CoreApi/Model/TierWrapper.cs"
"Packages/com.diversion.vcs/Editor/Api/Generated/CoreApi/Model/TimelineEvent.cs"
"Packages/com.diversion.vcs/Editor/Api/Generated/CoreApi/Model/TimelineEventType.cs"
"Packages/com.diversion.vcs/Editor/Api/Generated/CoreApi/Model/ToggleReactionPayload.cs"
"Packages/com.diversion.vcs/Editor/Api/Generated/CoreApi/Model/TranscriptCheckpoint.cs"
"Packages/com.diversion.vcs/Editor/Api/Generated/CoreApi/Model/TranscriptResponse.cs"
"Packages/com.diversion.vcs/Editor/Api/Generated/CoreApi/Model/TransferOwnershipRequest.cs"
"Packages/com.diversion.vcs/Editor/Api/Generated/CoreApi/Model/UpdateGroupMemberRequest.cs"
"Packages/com.diversion.vcs/Editor/Api/Generated/CoreApi/Model/UpdateGroupRequest.cs"
"Packages/com.diversion.vcs/Editor/Api/Generated/CoreApi/Model/UpdateReviewPayload.cs"
"Packages/com.diversion.vcs/Editor/Api/Generated/CoreApi/Model/UpdateReviewerStatusPayload.cs"
"Packages/com.diversion.vcs/Editor/Api/Generated/CoreApi/Model/UpdateWebhookRequest.cs"
"Packages/com.diversion.vcs/Editor/Api/Generated/CoreApi/Model/UrgencyLevel.cs"
"Packages/com.diversion.vcs/Editor/Api/Generated/CoreApi/Model/User.cs"
"Packages/com.diversion.vcs/Editor/Api/Generated/CoreApi/Model/WebhookConfiguration.cs"
"Packages/com.diversion.vcs/Editor/Api/Generated/CoreApi/Model/WebhookEventType.cs"
"Packages/com.diversion.vcs/Editor/Api/Generated/CoreApi/Model/Workspace.cs"
"Packages/com.diversion.vcs/Editor/Api/Generated/CoreApi/Model/WorkspaceAutoForwarding.cs"
"Packages/com.diversion.vcs/Editor/Api/Generated/CoreApi/Model/WorkspaceChanges.cs"
"Packages/com.diversion.vcs/Editor/Api/Generated/CoreApi/Model/WorkspaceCheckout.cs"
"Packages/com.diversion.vcs/Editor/Api/Generated/CoreApi/Model/WorkspacePreferences.cs"
"Packages/com.diversion.vcs/Editor/Api/Generated/CoreApi/Model/WorkspaceRename.cs"
"Packages/com.diversion.vcs/Editor/Api/Generated/CoreApi/Model/WorkspaceStatus.cs"
"Packages/com.diversion.vcs/Editor/Api/Generated/CoreApi/Model/WorkspaceStatusItems.cs"
"Packages/com.diversion.vcs/Editor/Api/Generated/CoreApi/Model/WorkspaceUpdates.cs"
"Packages/com.diversion.vcs/Editor/Api/IAgentApiClient.cs"
"Packages/com.diversion.vcs/Editor/Api/ICoreApiClient.cs"
"Packages/com.diversion.vcs/Editor/AssemblyInfo.cs"
"Packages/com.diversion.vcs/Editor/Config/DiversionConfig.cs"
"Packages/com.diversion.vcs/Editor/Core/AgentConnection.cs"
"Packages/com.diversion.vcs/Editor/Core/DiversionPaths.cs"
"Packages/com.diversion.vcs/Editor/Core/DiversionSettings.cs"
"Packages/com.diversion.vcs/Editor/Core/DiversionUtils.cs"
"Packages/com.diversion.vcs/Editor/Core/DiversionVersionControlProvider.cs"
"Packages/com.diversion.vcs/Editor/Core/FileState.cs"
"Packages/com.diversion.vcs/Editor/Core/Paths/AbsolutePath.cs"
"Packages/com.diversion.vcs/Editor/Core/Paths/PathContext.cs"
"Packages/com.diversion.vcs/Editor/Core/Paths/PathNormalizer.cs"
"Packages/com.diversion.vcs/Editor/Core/Paths/UnityAssetPath.cs"
"Packages/com.diversion.vcs/Editor/Core/Paths/WorkspaceRelativePath.cs"
"Packages/com.diversion.vcs/Editor/Core/PotentialClashInfo.cs"
"Packages/com.diversion.vcs/Editor/Services/AnalyticsService.cs"
"Packages/com.diversion.vcs/Editor/Services/CommitService.cs"
"Packages/com.diversion.vcs/Editor/Services/DiversionAssetModificationProcessor.cs"
"Packages/com.diversion.vcs/Editor/Services/ErrorReportingService.cs"
"Packages/com.diversion.vcs/Editor/Services/Logging/DvLog.cs"
"Packages/com.diversion.vcs/Editor/Services/Logging/LogFileWriter.cs"
"Packages/com.diversion.vcs/Editor/Services/Logging/LogLevel.cs"
"Packages/com.diversion.vcs/Editor/Services/ResetService.cs"
"Packages/com.diversion.vcs/Editor/UI/DiversionColors.cs"
"Packages/com.diversion.vcs/Editor/UI/DiversionVersionControlSettings.cs"
"Packages/com.diversion.vcs/Editor/UI/DiversionWindow.cs"
"Packages/com.diversion.vcs/Editor/UI/ProjectWindowOverlay.cs"
"Packages/com.diversion.vcs/Editor/UI/VisualElementExtensions.cs"
-langversion:9.0
/deterministic
/optimize+
/debug:portable
/nologo
/RuntimeMetadataVersion:v4.0.30319
/nowarn:0169
/nowarn:0649
/nowarn:0282
/nowarn:1701
/nowarn:1702
/utf8output
/preferreduilang:en-US
/additionalfile:"Library/Bee/artifacts/1900b0aE.dag/Diversion.Editor.UnityAdditionalFile.txt"
##### Custom Environment Variables
DOTNET_HOST_PATH=F:\Unity\6000.5.8f1\Editor\Data\DotNetSdk\dotnet.exe
DOTNET_MULTILEVEL_LOOKUP=0
##### ExitCode
1
##### Output
Packages\com.diversion.vcs\Editor\Services\DiversionAssetModificationProcessor.cs(53,25): error CS0619: 'EditorUtility.InstanceIDToObject(int)' is obsolete: 'InstanceIDToObject(int) is obsolete. Use EditorUtility.EntityIdToObject instead.'

Packages\com.diversion.vcs\Editor\Services\DiversionAssetModificationProcessor.cs(111,45): error CS0619: 'EditorUtility.InstanceIDToObject(int)' is obsolete: 'InstanceIDToObject(int) is obsolete. Use EditorUtility.EntityIdToObject instead.'

Packages\com.diversion.vcs\Editor\Services\DiversionAssetModificationProcessor.cs(128,33): error CS0234: The type or namespace name 'EntityId' does not exist in the namespace 'UnityEditor' (are you missing an assembly reference?)

Packages\com.diversion.vcs\Editor\Services\DiversionAssetModificationProcessor.cs(128,53): error CS0234: The type or namespace name 'EntityId' does not exist in the namespace 'UnityEditor' (are you missing an assembly reference?)
*** Tundra build failed (11.39 seconds), 252 items updated, 1538 evaluated
## Script Compilation Error for: Csc Library/Bee/artifacts/1900b0aE.dag/Diversion.Editor.dll (+2 others)
## CmdLine: "F:\Unity\6000.5.8f1\Editor\Data\DotNetSdk\dotnet.exe" exec "F:/Unity/6000.5.8f1/Editor/Data/DotNetSdk/sdk/8.0.318/Roslyn/bincore/csc.dll" /nostdlib /noconfig /shared "@Library/Bee/artifacts/1900b0aE.dag/Diversion.Editor.rsp" "@Library/Bee/artifacts/1900b0aE.dag/Diversion.Editor.rsp2"
## Output:
Packages\com.diversion.vcs\Editor\Services\DiversionAssetModificationProcessor.cs(53,25): error CS0619: 'EditorUtility.InstanceIDToObject(int)' is obsolete: 'InstanceIDToObject(int) is obsolete. Use EditorUtility.EntityIdToObject instead.'
Packages\com.diversion.vcs\Editor\Services\DiversionAssetModificationProcessor.cs(111,45): error CS0619: 'EditorUtility.InstanceIDToObject(int)' is obsolete: 'InstanceIDToObject(int) is obsolete. Use EditorUtility.EntityIdToObject instead.'
Packages\com.diversion.vcs\Editor\Services\DiversionAssetModificationProcessor.cs(128,33): error CS0234: The type or namespace name 'EntityId' does not exist in the namespace 'UnityEditor' (are you missing an assembly reference?)
Packages\com.diversion.vcs\Editor\Services\DiversionAssetModificationProcessor.cs(128,53): error CS0234: The type or namespace name 'EntityId' does not exist in the namespace 'UnityEditor' (are you missing an assembly reference?)

Packages\com.diversion.vcs\Editor\Services\DiversionAssetModificationProcessor.cs(53,25): error CS0619: 'EditorUtility.InstanceIDToObject(int)' is obsolete: 'InstanceIDToObject(int) is obsolete. Use EditorUtility.EntityIdToObject instead.'
Packages\com.diversion.vcs\Editor\Services\DiversionAssetModificationProcessor.cs(111,45): error CS0619: 'EditorUtility.InstanceIDToObject(int)' is obsolete: 'InstanceIDToObject(int) is obsolete. Use EditorUtility.EntityIdToObject instead.'
Packages\com.diversion.vcs\Editor\Services\DiversionAssetModificationProcessor.cs(128,33): error CS0234: The type or namespace name 'EntityId' does not exist in the namespace 'UnityEditor' (are you missing an assembly reference?)
Packages\com.diversion.vcs\Editor\Services\DiversionAssetModificationProcessor.cs(128,53): error CS0234: The type or namespace name 'EntityId' does not exist in the namespace 'UnityEditor' (are you missing an assembly reference?)
AssetDatabase: script compilation time: 17.426496s
Total cache size 268127392
Total cache size after purge 268127392, took 00:00:00.9873104
[ScriptCompilation] Requested script compilation because: Exiting safe mode
[Licensing::Client] Successfully resolved entitlement details
info: Microsoft.AspNetCore.Hosting.Diagnostics[1]
      Request starting HTTP/2 POST http://ilpp/UnityILPP.PostProcessing/Ping - application/grpc -
info: Microsoft.AspNetCore.Routing.EndpointMiddleware[0]
      Executing endpoint 'gRPC - /UnityILPP.PostProcessing/Ping'
info: Microsoft.AspNetCore.Routing.EndpointMiddleware[1]
      Executed endpoint 'gRPC - /UnityILPP.PostProcessing/Ping'
info: Microsoft.AspNetCore.Hosting.Diagnostics[2]
      Request finished HTTP/2 POST http://ilpp/UnityILPP.PostProcessing/Ping - 200 - application/grpc 1.0506ms
Starting: F:\Unity\6000.5.8f1\Editor\Data\Tools\BuildPipeline\bee_backend.exe --ipc --defer-dag-verification --dagfile="Library/Bee/1900b0aE.dag" --continue-on-failure --profile="Library/Bee/backend1.traceevents" ScriptAssemblies
WorkingDir: F:/unity/ss/soul-seeker
info: Microsoft.AspNetCore.Hosting.Diagnostics[1]
      Request starting HTTP/2 POST http://ilpp/UnityILPP.PostProcessing/ConfigurePostProcessors - application/grpc -
info: Microsoft.AspNetCore.Routing.EndpointMiddleware[0]
      Executing endpoint 'gRPC - /UnityILPP.PostProcessing/ConfigurePostProcessors'
info: Unity.ILPP.Runner.PostProcessingAssemblyLoadContext[0]
      Current configuration matches the requested one, skipping
info: Microsoft.AspNetCore.Routing.EndpointMiddleware[1]
      Executed endpoint 'gRPC - /UnityILPP.PostProcessing/ConfigurePostProcessors'
info: Microsoft.AspNetCore.Hosting.Diagnostics[2]
      Request finished HTTP/2 POST http://ilpp/UnityILPP.PostProcessing/ConfigurePostProcessors - 200 - application/grpc 4.7840ms
## Script Compilation Error for: Csc Library/Bee/artifacts/1900b0aE.dag/Diversion.Editor.dll (+2 others)
## CmdLine: "F:\Unity\6000.5.8f1\Editor\Data\DotNetSdk\dotnet.exe" exec "F:/Unity/6000.5.8f1/Editor/Data/DotNetSdk/sdk/8.0.318/Roslyn/bincore/csc.dll" /nostdlib /noconfig /shared "@Library/Bee/artifacts/1900b0aE.dag/Diversion.Editor.rsp" "@Library/Bee/artifacts/1900b0aE.dag/Diversion.Editor.rsp2"
## Output:
Packages\com.diversion.vcs\Editor\Services\DiversionAssetModificationProcessor.cs(53,25): error CS0619: 'EditorUtility.InstanceIDToObject(int)' is obsolete: 'InstanceIDToObject(int) is obsolete. Use EditorUtility.EntityIdToObject instead.'
Packages\com.diversion.vcs\Editor\Services\DiversionAssetModificationProcessor.cs(111,45): error CS0619: 'EditorUtility.InstanceIDToObject(int)' is obsolete: 'InstanceIDToObject(int) is obsolete. Use EditorUtility.EntityIdToObject instead.'
Packages\com.diversion.vcs\Editor\Services\DiversionAssetModificationProcessor.cs(128,33): error CS0234: The type or namespace name 'EntityId' does not exist in the namespace 'UnityEditor' (are you missing an assembly reference?)
Packages\com.diversion.vcs\Editor\Services\DiversionAssetModificationProcessor.cs(128,53): error CS0234: The type or namespace name 'EntityId' does not exist in the namespace 'UnityEditor' (are you missing an assembly reference?)

Packages\com.diversion.vcs\Editor\Services\DiversionAssetModificationProcessor.cs(53,25): error CS0619: 'EditorUtility.InstanceIDToObject(int)' is obsolete: 'InstanceIDToObject(int) is obsolete. Use EditorUtility.EntityIdToObject instead.'
Packages\com.diversion.vcs\Editor\Services\DiversionAssetModificationProcessor.cs(111,45): error CS0619: 'EditorUtility.InstanceIDToObject(int)' is obsolete: 'InstanceIDToObject(int) is obsolete. Use EditorUtility.EntityIdToObject instead.'
Packages\com.diversion.vcs\Editor\Services\DiversionAssetModificationProcessor.cs(128,33): error CS0234: The type or namespace name 'EntityId' does not exist in the namespace 'UnityEditor' (are you missing an assembly reference?)
Packages\com.diversion.vcs\Editor\Services\DiversionAssetModificationProcessor.cs(128,53): error CS0234: The type or namespace name 'EntityId' does not exist in the namespace 'UnityEditor' (are you missing an assembly reference?)
ExitCode: 3 Duration: 3s517ms
[ 802/1538  0s] CopyFiles Library/ScriptAssemblies/UnityEngine.TestRunner.dll
[ 803/1538  0s] CopyFiles Library/ScriptAssemblies/UnityEngine.TestRunner.pdb
[ 808/1538  0s] CopyFiles Library/ScriptAssemblies/UnityEditor.TestRunner.pdb
[ 809/1538  0s] CopyFiles Library/ScriptAssemblies/UnityEditor.TestRunner.dll
[ 991/1538  0s] ILPP-Configuration Library/ilpp-configuration.nevergeneratedoutput
[1034/1538  0s] CopyFiles Library/ScriptAssemblies/Unity.Rider.Editor.pdb
[1035/1538  0s] CopyFiles Library/ScriptAssemblies/Unity.Rider.Editor.dll
[1040/1538  0s] CopyFiles Library/ScriptAssemblies/Unity.VisualStudio.Editor.dll
[1041/1538  0s] CopyFiles Library/ScriptAssemblies/Unity.VisualStudio.Editor.pdb
[1042/1538  0s] CopyFiles Library/ScriptAssemblies/Unity.Collections.CodeGen.pdb
[1043/1538  0s] CopyFiles Library/ScriptAssemblies/Unity.Collections.CodeGen.dll
[1044/1538  0s] CopyFiles Library/ScriptAssemblies/Unity.Burst.CodeGen.dll
[1046/1538  0s] CopyFiles Library/ScriptAssemblies/Unity.Burst.CodeGen.pdb
[           0s] Csc Library/Bee/artifacts/1900b0aE.dag/Diversion.Editor.dll (+2 others) [CacheMiss 7933516e9231b68066d2f12e77ea781e00000000000000000000000000000006]
[1245/1538  0s] CopyFiles Library/ScriptAssemblies/Unity.RenderPipelines.Universal.Shaders.dll
[1247/1538  0s] CopyFiles Library/ScriptAssemblies/Unity.Services.Core.Internal.dll
[1248/1538  0s] CopyFiles Library/ScriptAssemblies/Unity.Services.Core.Networking.dll
[1249/1538  0s] CopyFiles Library/ScriptAssemblies/Unity.PathTracing.Runtime.dll
[1253/1538  0s] CopyFiles Library/ScriptAssemblies/Unity.Services.Authentication.dll
[1254/1538  0s] CopyFiles Library/ScriptAssemblies/Unity.InternalAPIEngineBridge.RenderPipelines.Core.Runtime.Shared.dll
[1255/1538  0s] CopyFiles Library/ScriptAssemblies/Unity.Services.Core.Analytics.dll
[1256/1538  0s] CopyFiles Library/ScriptAssemblies/Unity.VisualScripting.Core.dll
[1257/1538  0s] CopyFiles Library/ScriptAssemblies/Unity.Services.Core.Environments.dll
[1258/1538  0s] CopyFiles Library/ScriptAssemblies/Unity.Services.Core.Registration.dll
[1259/1538  0s] CopyFiles Library/ScriptAssemblies/Unity.RenderPipelines.Universal.Runtime.dll
[1260/1538  0s] CopyFiles Library/ScriptAssemblies/Unity.Services.Authentication.PlayerAccounts.dll
[1261/1538  0s] CopyFiles Library/ScriptAssemblies/Unity.Services.Core.Device.dll
[1262/1538  0s] CopyFiles Library/ScriptAssemblies/Unity.RenderPipelines.Core.ShaderLibrary.dll
[1263/1538  0s] CopyFiles Library/ScriptAssemblies/Unity.InternalAPIEngineBridge.004.dll
[1264/1538  0s] CopyFiles Library/ScriptAssemblies/Unity.InternalAPIEngineBridge.001.dll
[1265/1538  0s] CopyFiles Library/ScriptAssemblies/Unity.Services.Core.Configuration.dll
[1266/1538  0s] CopyFiles Library/ScriptAssemblies/Unity.2D.Tilemap.Extras.dll
[1267/1538  0s] CopyFiles Library/ScriptAssemblies/Unity.Services.Core.Telemetry.dll
[1268/1538  0s] CopyFiles Library/ScriptAssemblies/Unity.Services.Core.dll
[1269/1538  0s] CopyFiles Library/ScriptAssemblies/Unity.RenderPipelines.Universal.Config.Runtime.dll
[1270/1538  0s] CopyFiles Library/ScriptAssemblies/Unity.2D.IK.Runtime.dll
[1271/1538  0s] CopyFiles Library/ScriptAssemblies/Unity.Multiplayer.Center.Common.dll
[1272/1538  0s] CopyFiles Library/ScriptAssemblies/Unity.PerformanceTesting.dll
[1273/1538  0s] CopyFiles Library/ScriptAssemblies/Unity.RenderPipelines.Core.Runtime.dll
[1276/1538  0s] CopyFiles Library/ScriptAssemblies/Unity.RenderPipelines.GPUDriven.Runtime.dll
[1280/1538  0s] CopyFiles Library/ScriptAssemblies/Unity.2D.SpriteShape.Runtime.dll
[1283/1538  0s] CopyFiles Library/ScriptAssemblies/Unity.Services.Core.Environments.Internal.dll
[1286/1538  0s] CopyFiles Library/ScriptAssemblies/Unity.Burst.dll
[1291/1538  0s] CopyFiles Library/ScriptAssemblies/Unity.RenderPipelines.Core.Runtime.Shared.dll
[1292/1538  0s] CopyFiles Library/ScriptAssemblies/Unity.Services.CloudSave.dll
[1293/1538  0s] CopyFiles Library/ScriptAssemblies/Unity.2D.Animation.Runtime.dll
[1294/1538  0s] CopyFiles Library/ScriptAssemblies/Unity.InputSystem.ForUI.dll
[1295/1538  0s] CopyFiles Library/ScriptAssemblies/Unity.Services.Core.Components.dll
[1296/1538  0s] CopyFiles Library/ScriptAssemblies/Unity.Collections.dll
[1297/1538  0s] CopyFiles Library/ScriptAssemblies/Unity.InputSystem.TestFramework.dll
[1298/1538  0s] CopyFiles Library/ScriptAssemblies/Unity.Timeline.dll
[1299/1538  0s] CopyFiles Library/ScriptAssemblies/UnityEngine.UI.dll
[1300/1538  0s] CopyFiles Library/ScriptAssemblies/Unity.InputSystem.dll
[1301/1538  0s] CopyFiles Library/ScriptAssemblies/Unity.RenderPipelines.Universal.2D.Runtime.dll
[1302/1538  0s] CopyFiles Library/ScriptAssemblies/Unity.RenderPipelines.ShaderGraph.ShaderGraphLibrary.dll
[1303/1538  0s] CopyFiles Library/ScriptAssemblies/Unity.SurfaceCache.Runtime.dll
[1304/1538  0s] CopyFiles Library/ScriptAssemblies/Unity.RenderPipeline.Universal.ShaderLibrary.dll
[1305/1538  0s] CopyFiles Library/ScriptAssemblies/Unity.Services.Core.Threading.dll
[1306/1538  0s] CopyFiles Library/ScriptAssemblies/Unity.UnifiedRayTracing.Runtime.dll
[1307/1538  0s] CopyFiles Library/ScriptAssemblies/Unity.Services.Core.Scheduler.dll
[1308/1538  0s] CopyFiles Library/ScriptAssemblies/Unity.Mathematics.dll
[1309/1538  0s] CopyFiles Library/ScriptAssemblies/Unity.TextMeshPro.dll
[1310/1538  0s] CopyFiles Library/ScriptAssemblies/Unity.CollabProxy.Editor.pdb
[1311/1538  0s] CopyFiles Library/ScriptAssemblies/Unity.2D.Common.Runtime.dll
[1312/1538  0s] CopyFiles Library/ScriptAssemblies/Unity.CollabProxy.Editor.dll
[1313/1538  0s] CopyFiles Library/ScriptAssemblies/Unity.PlasticSCM.Editor.Entities.pdb
[1314/1538  0s] CopyFiles Library/ScriptAssemblies/Unity.PlasticSCM.Editor.Entities.dll
[1315/1538  0s] CopyFiles Library/ScriptAssemblies/Unity.PlasticSCM.Editor.pdb
[1316/1538  0s] CopyFiles Library/ScriptAssemblies/Unity.PlasticSCM.Editor.dll
[1317/1538  0s] CopyFiles Library/ScriptAssemblies/Unity.PlasticSCM.Editor.Assistant.pdb
[1318/1538  0s] CopyFiles Library/ScriptAssemblies/Unity.PlasticSCM.Editor.Assistant.dll
[1319/1538  0s] CopyFiles Library/ScriptAssemblies/Unity.VisualScripting.Core.pdb
[1320/1538  0s] CopyFiles Library/ScriptAssemblies/Unity.Services.Core.Editor.pdb
[1321/1538  0s] CopyFiles Library/ScriptAssemblies/Unity.InternalAPIEditorBridge.001.pdb
[1322/1538  0s] CopyFiles Library/ScriptAssemblies/Unity.Services.Core.Editor.dll
[1323/1538  0s] CopyFiles Library/ScriptAssemblies/Unity.InternalAPIEditorBridge.001.dll
[1324/1538  0s] CopyFiles Library/ScriptAssemblies/Unity.2D.Sprite.Editor.dll
[1325/1538  0s] CopyFiles Library/ScriptAssemblies/Unity.2D.Sprite.Editor.pdb
[1326/1538  0s] CopyFiles Library/ScriptAssemblies/Unity.Burst.Editor.dll
[1327/1538  0s] CopyFiles Library/ScriptAssemblies/Unity.Burst.Editor.pdb
[1328/1538  0s] CopyFiles Library/ScriptAssemblies/Unity.Cloud.Identity.Embedded.dll
[1329/1538  0s] CopyFiles Library/ScriptAssemblies/Unity.Cloud.Identity.Embedded.pdb
[1330/1538  0s] CopyFiles Library/ScriptAssemblies/Unity.RenderPipelines.Core.Editor.pdb
[1331/1538  0s] CopyFiles Library/ScriptAssemblies/Unity.2D.Tilemap.Editor.pdb
[1332/1538  0s] CopyFiles Library/ScriptAssemblies/Unity.RenderPipelines.Core.Editor.dll
[1333/1538  0s] CopyFiles Library/ScriptAssemblies/Unity.2D.Aseprite.Common.dll
[1334/1538  0s] CopyFiles Library/ScriptAssemblies/Unity.2D.Tilemap.Editor.dll
[1335/1538  0s] CopyFiles Library/ScriptAssemblies/Unity.2D.Aseprite.Common.pdb
[1336/1538  0s] CopyFiles Library/ScriptAssemblies/Unity.Cloud.Common.Embedded.pdb
[1337/1538  0s] CopyFiles Library/ScriptAssemblies/Unity.RenderPipelines.Universal.2D.Editor.Overrides.pdb
[1338/1538  0s] CopyFiles Library/ScriptAssemblies/Unity.2D.Triangulation.Runtime.dll
[1339/1538  0s] CopyFiles Library/ScriptAssemblies/Unity.Cloud.Common.Embedded.dll
[1340/1538  0s] CopyFiles Library/ScriptAssemblies/Unity.RenderPipelines.Universal.2D.Editor.Overrides.dll
[1341/1538  0s] CopyFiles Library/ScriptAssemblies/Unity.2D.Triangulation.Runtime.pdb
[1342/1538  0s] CopyFiles Library/ScriptAssemblies/Unity.InputSystem.ForUI.Editor.dll
[1343/1538  0s] CopyFiles Library/ScriptAssemblies/Unity.InputSystem.ForUI.Editor.pdb
[1344/1538  0s] CopyFiles Library/ScriptAssemblies/PsdPlugin.pdb
[1348/1538  0s] CopyFiles Library/ScriptAssemblies/PsdPlugin.dll
[1350/1538  0s] CopyFiles Library/ScriptAssemblies/Unity.ShaderGraph.Editor.pdb
[1352/1538  0s] CopyFiles Library/ScriptAssemblies/Unity.2D.Aseprite.Editor.dll
[1354/1538  0s] CopyFiles Library/ScriptAssemblies/Unity.ShaderGraph.Editor.dll
[1355/1538  0s] CopyFiles Library/ScriptAssemblies/Unity.2D.Aseprite.Editor.pdb
[1359/1538  0s] CopyFiles Library/ScriptAssemblies/Unity.2D.Animation.Editor.dll
[1360/1538  0s] CopyFiles Library/ScriptAssemblies/Unity.VisualScripting.Flow.dll
[1365/1538  0s] CopyFiles Library/ScriptAssemblies/Unity.2D.Animation.Editor.pdb
[1366/1538  0s] CopyFiles Library/ScriptAssemblies/Unity.VisualScripting.Flow.pdb
[1367/1538  0s] CopyFiles Library/ScriptAssemblies/Unity.VisualScripting.DocCodeExamples.pdb
[1368/1538  0s] CopyFiles Library/ScriptAssemblies/Unity.2D.IK.Editor.dll
[1369/1538  0s] CopyFiles Library/ScriptAssemblies/Unity.VisualScripting.State.dll
[1371/1538  0s] CopyFiles Library/ScriptAssemblies/Unity.VisualScripting.State.pdb
[1372/1538  0s] CopyFiles Library/ScriptAssemblies/Unity.2D.IK.Editor.pdb
[1373/1538  0s] CopyFiles Library/ScriptAssemblies/Unity.VisualScripting.DocCodeExamples.dll
[1374/1538  0s] CopyFiles Library/ScriptAssemblies/Unity.Services.CloudSave.Editor.pdb
[1375/1538  0s] CopyFiles Library/ScriptAssemblies/Unity.Services.CloudSave.Editor.dll
[1376/1538  0s] CopyFiles Library/ScriptAssemblies/Unity.RenderPipelines.Universal.Editor.pdb
[1377/1538  0s] CopyFiles Library/ScriptAssemblies/Unity.VisualScripting.Core.Editor.pdb
[1378/1538  0s] CopyFiles Library/ScriptAssemblies/Unity.RenderPipelines.Universal.Editor.dll
[1379/1538  0s] CopyFiles Library/ScriptAssemblies/Unity.VisualScripting.Core.Editor.dll
[1380/1538  0s] CopyFiles Library/ScriptAssemblies/Unity.2D.Psdimporter.Editor.pdb
[1381/1538  0s] CopyFiles Library/ScriptAssemblies/Unity.2D.Psdimporter.Editor.dll
[1382/1538  0s] CopyFiles Library/ScriptAssemblies/Unity.RenderPipelines.Core.Editor.Shared.dll
[1383/1538  0s] CopyFiles Library/ScriptAssemblies/Unity.RenderPipelines.Core.Editor.Shared.pdb
[1384/1538  0s] CopyFiles Library/ScriptAssemblies/Unity.RenderPipelines.Universal.2D.Runtime.pdb
[1385/1538  0s] CopyFiles Library/ScriptAssemblies/Unity.2D.IK.Runtime.pdb
[1386/1538  0s] CopyFiles Library/ScriptAssemblies/Unity.PathTracing.Editor.pdb
[1387/1538  0s] CopyFiles Library/ScriptAssemblies/Unity.2D.Animation.Runtime.pdb
[1388/1538  0s] CopyFiles Library/ScriptAssemblies/Unity.InputSystem.DocCodeSamples.pdb
[1389/1538  0s] CopyFiles Library/ScriptAssemblies/Unity.InputSystem.DocCodeSamples.dll
[1390/1538  0s] CopyFiles Library/ScriptAssemblies/Unity.PathTracing.Editor.dll
[1391/1538  0s] CopyFiles Library/ScriptAssemblies/UnityEditor.UI.dll
[1392/1538  0s] CopyFiles Library/ScriptAssemblies/Unity.RenderPipelines.Universal.Runtime.pdb
[1393/1538  0s] CopyFiles Library/ScriptAssemblies/UnityEditor.UI.pdb
[1394/1538  0s] CopyFiles Library/ScriptAssemblies/Unity.Settings.Editor.pdb
[1395/1538  0s] CopyFiles Library/ScriptAssemblies/Unity.SurfaceCache.Runtime.pdb
[1396/1538  0s] CopyFiles Library/ScriptAssemblies/Unity.Cloud.AppLinking.Editor.Embedded.dll
[1397/1538  0s] CopyFiles Library/ScriptAssemblies/Unity.Cloud.AppLinking.Editor.Embedded.pdb
[1398/1538  0s] CopyFiles Library/ScriptAssemblies/Unity.Settings.Editor.dll
[1399/1538  0s] CopyFiles Library/ScriptAssemblies/Unity.PerformanceTesting.Editor.dll
[1400/1538  0s] CopyFiles Library/ScriptAssemblies/Unity.PerformanceTesting.Editor.pdb
[1401/1538  0s] CopyFiles Library/ScriptAssemblies/Unity.Cloud.AppLinking.Runtime.Embedded.pdb
[1402/1538  0s] CopyFiles Library/ScriptAssemblies/Unity.Cloud.AppLinking.Runtime.Embedded.dll
[1403/1538  0s] CopyFiles Library/ScriptAssemblies/Unity.Cloud.Common.Runtime.Embedded.pdb
[1404/1538  0s] CopyFiles Library/ScriptAssemblies/Unity.TextMeshPro.Editor.pdb
[1405/1538  0s] CopyFiles Library/ScriptAssemblies/Unity.Cloud.Common.Runtime.Embedded.dll
[1408/1538  0s] CopyFiles Library/ScriptAssemblies/Unity.TextMeshPro.Editor.dll
[1411/1538  0s] CopyFiles Library/ScriptAssemblies/Unity.PathTracing.Runtime.pdb
[1415/1538  0s] CopyFiles Library/ScriptAssemblies/Unity.Services.Core.Environments.Editor.pdb
[1416/1538  0s] CopyFiles Library/ScriptAssemblies/Unity.Services.Core.Environments.Editor.dll
[1423/1538  0s] CopyFiles Library/ScriptAssemblies/Unity.Services.Core.Configuration.Editor.dll
[1424/1538  0s] CopyFiles Library/ScriptAssemblies/Unity.Services.Core.Configuration.Editor.pdb
[1428/1538  0s] CopyFiles Library/ScriptAssemblies/Unity.VisualScripting.Flow.Editor.dll
[1429/1538  0s] CopyFiles Library/ScriptAssemblies/Unity.VisualScripting.Flow.Editor.pdb
[1430/1538  0s] CopyFiles Library/ScriptAssemblies/Unity.VisualScripting.SettingsProvider.Editor.pdb
[1431/1538  0s] CopyFiles Library/ScriptAssemblies/Unity.VisualScripting.State.Editor.pdb
[1432/1538  0s] CopyFiles Library/ScriptAssemblies/Unity.VisualScripting.State.Editor.dll
[1433/1538  0s] CopyFiles Library/ScriptAssemblies/Unity.VisualScripting.SettingsProvider.Editor.dll
[1434/1538  0s] CopyFiles Library/ScriptAssemblies/Unity.VisualScripting.Shared.Editor.dll
[1435/1538  0s] CopyFiles Library/ScriptAssemblies/Unity.VisualScripting.Shared.Editor.pdb
[1436/1538  0s] CopyFiles Library/ScriptAssemblies/Unity.Cloud.AppLinking.Embedded.dll
[1437/1538  0s] CopyFiles Library/ScriptAssemblies/Unity.Cloud.AppLinking.Embedded.pdb
[1438/1538  0s] CopyFiles Library/ScriptAssemblies/ScriptablePacker.dll
[1439/1538  0s] CopyFiles Library/ScriptAssemblies/ScriptablePacker.pdb
[1440/1538  0s] CopyFiles Library/ScriptAssemblies/Unity.2D.SpriteShape.Editor.pdb
[1441/1538  0s] CopyFiles Library/ScriptAssemblies/Unity.2D.SpriteShape.Editor.dll
[1442/1538  0s] CopyFiles Library/ScriptAssemblies/Unity.2D.Common.Path.Editor.pdb
[1443/1538  0s] CopyFiles Library/ScriptAssemblies/Unity.Timeline.Editor.pdb
[1444/1538  0s] CopyFiles Library/ScriptAssemblies/Unity.2D.Common.Path.Editor.dll
[1445/1538  0s] CopyFiles Library/ScriptAssemblies/Unity.Timeline.Editor.dll
[1446/1538  0s] CopyFiles Library/ScriptAssemblies/Unity.ShaderGraph.Utilities.dll
[1447/1538  0s] CopyFiles Library/ScriptAssemblies/Unity.ShaderGraph.Utilities.pdb
[1448/1538  0s] CopyFiles Library/ScriptAssemblies/Unity.RenderPipelines.GPUDriven.Runtime.pdb
[1449/1538  0s] CopyFiles Library/ScriptAssemblies/UnityEditor.UI.Analytics.dll
[1450/1538  0s] CopyFiles Library/ScriptAssemblies/Unity.Collections.Editor.pdb
[1451/1538  0s] CopyFiles Library/ScriptAssemblies/UnityEditor.UI.Analytics.pdb
[1452/1538  0s] CopyFiles Library/ScriptAssemblies/Unity.Collections.Editor.dll
[1453/1538  0s] CopyFiles Library/ScriptAssemblies/Unity.RenderPipelines.Universal.Config.Runtime.pdb
[1454/1538  0s] CopyFiles Library/ScriptAssemblies/Unity.RenderPipelines.Core.Runtime.pdb
[1455/1538  0s] CopyFiles Library/ScriptAssemblies/Unity.RenderPipeline.Universal.ShaderLibrary.pdb
[1456/1538  0s] CopyFiles Library/ScriptAssemblies/Unity.RenderPipelines.Core.Runtime.Shared.pdb
[1457/1538  0s] CopyFiles Library/ScriptAssemblies/Unity.Searcher.Editor.pdb
[1458/1538  0s] CopyFiles Library/ScriptAssemblies/Unity.2D.Common.Editor.dll
[1459/1538  0s] CopyFiles Library/ScriptAssemblies/Unity.Searcher.Editor.dll
[1460/1538  0s] CopyFiles Library/ScriptAssemblies/Unity.2D.Tooling.Editor.pdb
[1461/1538  0s] CopyFiles Library/ScriptAssemblies/Unity.2D.Common.Editor.pdb
[1462/1538  0s] CopyFiles Library/ScriptAssemblies/Unity.Services.Authentication.PlayerAccounts.Editor.pdb
[1463/1538  0s] CopyFiles Library/ScriptAssemblies/Unity.2D.Tooling.Editor.dll
[1464/1538  0s] CopyFiles Library/ScriptAssemblies/Unity.Services.Authentication.PlayerAccounts.Editor.dll
[1465/1538  0s] CopyFiles Library/ScriptAssemblies/Unity.AssetManager.UI.Editor.pdb
[1466/1538  0s] CopyFiles Library/ScriptAssemblies/Unity.AssetManager.UI.Editor.dll
[1467/1538  0s] CopyFiles Library/ScriptAssemblies/Unity.Rendering.LightTransport.Editor.dll
[1468/1538  0s] CopyFiles Library/ScriptAssemblies/Unity.Cloud.Assets.Runtime.Embedded.dll
[1469/1538  0s] CopyFiles Library/ScriptAssemblies/Unity.Rendering.LightTransport.Editor.pdb
[1470/1538  0s] CopyFiles Library/ScriptAssemblies/Unity.Cloud.Assets.Runtime.Embedded.pdb
[1471/1538  0s] CopyFiles Library/ScriptAssemblies/Unity.Cloud.Identity.Runtime.Embedded.dll
[1472/1538  0s] CopyFiles Library/ScriptAssemblies/Unity.Cloud.Identity.Runtime.Embedded.pdb
[1473/1538  0s] CopyFiles Library/ScriptAssemblies/Unity.Cloud.Assets.Embedded.pdb
[1474/1538  0s] CopyFiles Library/ScriptAssemblies/Unity.Cloud.Assets.Embedded.dll
[1475/1538  0s] CopyFiles Library/ScriptAssemblies/Unity.InternalAPIEditorBridge.ShaderGraph.Editor.dll
[1476/1538  0s] CopyFiles Library/ScriptAssemblies/Unity.InternalAPIEditorBridge.ShaderGraph.Editor.pdb
[1477/1538  0s] CopyFiles Library/ScriptAssemblies/Unity.Services.Authentication.Editor.pdb
[1478/1538  0s] CopyFiles Library/ScriptAssemblies/Unity.Services.Authentication.Editor.dll
[1479/1538  0s] CopyFiles Library/ScriptAssemblies/Unity.AssetManager.Upload.Editor.pdb
[1480/1538  0s] CopyFiles Library/ScriptAssemblies/Unity.Cloud.Identity.Editor.Embedded.dll
[1481/1538  0s] CopyFiles Library/ScriptAssemblies/Unity.AssetManager.Upload.Editor.dll
[1482/1538  0s] CopyFiles Library/ScriptAssemblies/Unity.InternalAPIEngineBridge.RenderPipelines.Core.Editor.pdb
[1483/1538  0s] CopyFiles Library/ScriptAssemblies/Unity.InternalAPIEngineBridge.RenderPipelines.Core.Editor.dll
[1484/1538  0s] CopyFiles Library/ScriptAssemblies/Unity.Cloud.Identity.Editor.Embedded.pdb
[1485/1538  0s] CopyFiles Library/ScriptAssemblies/Unity.Multiplayer.Center.Editor.dll
[1486/1538  0s] CopyFiles Library/ScriptAssemblies/Unity.Multiplayer.Center.Editor.pdb
[1487/1538  0s] CopyFiles Library/ScriptAssemblies/Unity.AssetManager.Core.Editor.dll
[1488/1538  0s] CopyFiles Library/ScriptAssemblies/Unity.AssetManager.Core.Editor.pdb
[1489/1538  0s] CopyFiles Library/ScriptAssemblies/Unity.2D.Tilemap.Extras.Editor.pdb
[1490/1538  0s] CopyFiles Library/ScriptAssemblies/Unity.2D.Tilemap.Extras.Editor.dll
[1491/1538  0s] CopyFiles Library/ScriptAssemblies/Unity.Cloud.Common.Editor.Embedded.dll
[1492/1538  0s] CopyFiles Library/ScriptAssemblies/Unity.Cloud.Common.Editor.Embedded.pdb
[1493/1538  0s] CopyFiles Library/ScriptAssemblies/Unity.TextMeshPro.pdb
[1494/1538  0s] CopyFiles Library/ScriptAssemblies/Unity.Multiplayer.Center.Common.pdb
[1495/1538  0s] CopyFiles Library/ScriptAssemblies/Unity.RenderPipelines.ShaderGraph.ShaderGraphLibrary.pdb
[1496/1538  0s] CopyFiles Library/ScriptAssemblies/Unity.Timeline.pdb
[1497/1538  0s] CopyFiles Library/ScriptAssemblies/Unity.Collections.pdb
[1498/1538  0s] CopyFiles Library/ScriptAssemblies/Unity.Services.Core.Networking.pdb
[1499/1538  0s] CopyFiles Library/ScriptAssemblies/Unity.InputSystem.TestFramework.pdb
[1500/1538  0s] CopyFiles Library/ScriptAssemblies/Unity.Burst.pdb
[1501/1538  0s] CopyFiles Library/ScriptAssemblies/Unity.2D.SpriteShape.Runtime.pdb
[1502/1538  0s] CopyFiles Library/ScriptAssemblies/Unity.Services.Core.Analytics.pdb
[1503/1538  0s] CopyFiles Library/ScriptAssemblies/Unity.RenderPipelines.Universal.Shaders.pdb
[1504/1538  0s] CopyFiles Library/ScriptAssemblies/Unity.Services.Authentication.PlayerAccounts.pdb
[1505/1538  0s] CopyFiles Library/ScriptAssemblies/Unity.Services.Core.Internal.pdb
[1506/1538  0s] CopyFiles Library/ScriptAssemblies/Unity.InternalAPIEngineBridge.RenderPipelines.Core.Runtime.Shared.pdb
[1507/1538  0s] CopyFiles Library/ScriptAssemblies/Unity.2D.Common.Runtime.pdb
[1508/1538  0s] CopyFiles Library/ScriptAssemblies/Unity.Services.Core.Registration.pdb
[1509/1538  0s] CopyFiles Library/ScriptAssemblies/Unity.Services.Core.Configuration.pdb
[1510/1538  0s] CopyFiles Library/ScriptAssemblies/Unity.Mathematics.pdb
[1511/1538  0s] CopyFiles Library/ScriptAssemblies/Unity.Services.Core.Environments.pdb
[1512/1538  0s] CopyFiles Library/ScriptAssemblies/Unity.Services.Core.Scheduler.pdb
[1513/1538  0s] CopyFiles Library/ScriptAssemblies/Unity.Services.Core.Telemetry.pdb
[1514/1538  0s] CopyFiles Library/ScriptAssemblies/Unity.Services.Core.pdb
[1515/1538  0s] CopyFiles Library/ScriptAssemblies/Unity.InternalAPIEngineBridge.004.pdb
[1516/1538  0s] CopyFiles Library/ScriptAssemblies/Unity.2D.Tilemap.Extras.pdb
[1517/1538  0s] CopyFiles Library/ScriptAssemblies/Unity.InputSystem.pdb
[1518/1538  0s] CopyFiles Library/ScriptAssemblies/Unity.InternalAPIEngineBridge.001.pdb
[1519/1538  0s] CopyFiles Library/ScriptAssemblies/Unity.UnifiedRayTracing.Runtime.pdb
[1520/1538  0s] CopyFiles Library/ScriptAssemblies/Unity.Services.Core.Device.pdb
[1521/1538  0s] CopyFiles Library/ScriptAssemblies/Unity.Services.Core.Environments.Internal.pdb
[1522/1538  0s] CopyFiles Library/ScriptAssemblies/Unity.Services.Authentication.pdb
[1523/1538  0s] CopyFiles Library/ScriptAssemblies/Unity.Services.CloudSave.pdb
[1524/1538  0s] CopyFiles Library/ScriptAssemblies/Unity.InputSystem.ForUI.pdb
[1525/1538  0s] CopyFiles Library/ScriptAssemblies/Unity.RenderPipelines.Core.ShaderLibrary.pdb
[1526/1538  0s] CopyFiles Library/ScriptAssemblies/Unity.Services.Core.Components.pdb
[1527/1538  0s] CopyFiles Library/ScriptAssemblies/Unity.Services.Core.Threading.pdb
[1528/1538  0s] CopyFiles Library/ScriptAssemblies/UnityEngine.UI.pdb
[1529/1538  0s] CopyFiles Library/ScriptAssemblies/Unity.PerformanceTesting.pdb
[1530/1538  2s] Csc Library/Bee/artifacts/1900b0aE.dag/Diversion.Editor.dll (+2 others)
##### CommandLine
"F:\Unity\6000.5.8f1\Editor\Data\DotNetSdk\dotnet.exe" exec "F:/Unity/6000.5.8f1/Editor/Data/DotNetSdk/sdk/8.0.318/Roslyn/bincore/csc.dll" /nostdlib /noconfig /shared "@Library/Bee/artifacts/1900b0aE.dag/Diversion.Editor.rsp" "@Library/Bee/artifacts/1900b0aE.dag/Diversion.Editor.rsp2"
##### Contents of Library\Bee\artifacts\1900b0aE.dag\Diversion.Editor.rsp
-target:library
-out:"Library/Bee/artifacts/1900b0aE.dag/Diversion.Editor.dll"
-refout:"Library/Bee/artifacts/1900b0aE.dag/Diversion.Editor.ref.dll"
-define:UNITY_6000_5_8
-define:UNITY_6000_5
-define:UNITY_6000
-define:UNITY_5_3_OR_NEWER
-define:UNITY_5_4_OR_NEWER
-define:UNITY_5_5_OR_NEWER
-define:UNITY_5_6_OR_NEWER
-define:UNITY_2017_1_OR_NEWER
-define:UNITY_2017_2_OR_NEWER
-define:UNITY_2017_3_OR_NEWER
-define:UNITY_2017_4_OR_NEWER
-define:UNITY_2018_1_OR_NEWER
-define:UNITY_2018_2_OR_NEWER
-define:UNITY_2018_3_OR_NEWER
-define:UNITY_2018_4_OR_NEWER
-define:UNITY_2019_1_OR_NEWER
-define:UNITY_2019_2_OR_NEWER
-define:UNITY_2019_3_OR_NEWER
-define:UNITY_2019_4_OR_NEWER
-define:UNITY_2020_1_OR_NEWER
-define:UNITY_2020_2_OR_NEWER
-define:UNITY_2020_3_OR_NEWER
-define:UNITY_2021_1_OR_NEWER
-define:UNITY_2021_2_OR_NEWER
-define:UNITY_2021_3_OR_NEWER
-define:UNITY_2022_1_OR_NEWER
-define:UNITY_2022_2_OR_NEWER
-define:UNITY_2022_3_OR_NEWER
-define:UNITY_2023_1_OR_NEWER
-define:UNITY_2023_2_OR_NEWER
-define:UNITY_2023_3_OR_NEWER
-define:UNITY_6000_0_OR_NEWER
-define:UNITY_6000_1_OR_NEWER
-define:UNITY_6000_2_OR_NEWER
-define:UNITY_6000_3_OR_NEWER
-define:UNITY_6000_4_OR_NEWER
-define:UNITY_6000_5_OR_NEWER
-define:PLATFORM_ARCH_64
-define:UNITY_64
-define:UNITY_INCLUDE_TESTS
-define:UNITY_ENABLE_CLOUD_SERVICES_ENGINE_DIAGNOSTICS_MANAGED
-define:ENABLE_AR
-define:ENABLE_AUDIO
-define:ENABLE_AUDIO_SCRIPTABLE_PIPELINE
-define:ENABLE_CACHING
-define:ENABLE_CLOTH
-define:ENABLE_EVENT_QUEUE
-define:ENABLE_MICROPHONE
-define:ENABLE_MULTIPLE_DISPLAYS
-define:ENABLE_PHYSICS
-define:ENABLE_TEXTURE_STREAMING
-define:ENABLE_VIRTUALTEXTURING
-define:ENABLE_LZMA
-define:ENABLE_UNITYEVENTS
-define:ENABLE_VR
-define:ENABLE_WEBCAM
-define:ENABLE_UNITYWEBREQUEST
-define:ENABLE_WWW
-define:ENABLE_CLOUD_SERVICES
-define:ENABLE_CLOUD_SERVICES_ADS
-define:ENABLE_CLOUD_SERVICES_USE_WEBREQUEST
-define:ENABLE_UNITY_CONSENT
-define:ENABLE_UNITY_CLOUD_IDENTIFIERS
-define:ENABLE_CLOUD_SERVICES_CRASH_REPORTING
-define:ENABLE_CLOUD_SERVICES_NATIVE_CRASH_REPORTING
-define:ENABLE_CLOUD_SERVICES_PURCHASING
-define:ENABLE_CLOUD_SERVICES_ANALYTICS
-define:ENABLE_CLOUD_SERVICES_BUILD
-define:ENABLE_EDITOR_GAME_SERVICES
-define:ENABLE_UNITY_GAME_SERVICES_ANALYTICS_SUPPORT
-define:ENABLE_CLOUD_LICENSE
-define:ENABLE_EDITOR_HUB_LICENSE
-define:ENABLE_WEBSOCKET_CLIENT
-define:ENABLE_GENERATE_NATIVE_PLUGINS_FOR_ASSEMBLIES_API
-define:ENABLE_DIRECTOR_AUDIO
-define:ENABLE_DIRECTOR_TEXTURE
-define:ENABLE_MANAGED_JOBS
-define:ENABLE_MANAGED_TRANSFORM_JOBS
-define:ENABLE_MANAGED_ANIMATION_JOBS
-define:ENABLE_MANAGED_AUDIO_JOBS
-define:ENABLE_MANAGED_UNITYTLS
-define:INCLUDE_DYNAMIC_GI
-define:ENABLE_SCRIPTING_GC_WBARRIERS
-define:PLATFORM_SUPPORTS_MONO
-define:RENDER_SOFTWARE_CURSOR
-define:ENABLE_MARSHALLING_TESTS
-define:ENABLE_VIDEO
-define:ENABLE_NAVIGATION_OFFMESHLINK_TO_NAVMESHLINK
-define:ENABLE_ACCELERATOR_CLIENT_DEBUGGING
-define:ENABLE_ACCESSIBILITY_SCREEN_READER
-define:TEXTCORE_1_0_OR_NEWER
-define:EDITOR_ONLY_NAVMESH_BUILDER_DEPRECATED
-define:PLATFORM_STANDALONE_WIN
-define:PLATFORM_STANDALONE
-define:UNITY_STANDALONE_WIN
-define:UNITY_STANDALONE
-define:ENABLE_RUNTIME_GI
-define:ENABLE_MOVIES
-define:ENABLE_NETWORK
-define:ENABLE_NVIDIA
-define:ENABLE_AMD
-define:ENABLE_CRUNCH_TEXTURE_COMPRESSION
-define:ENABLE_CLOUD_SERVICES_ENGINE_DIAGNOSTICS
-define:ENABLE_OUT_OF_PROCESS_CRASH_HANDLER
-define:ENABLE_CLUSTER_SYNC
-define:ENABLE_CLUSTERINPUT
-define:PLATFORM_UPDATES_TIME_OUTSIDE_OF_PLAYER_LOOP
-define:GFXDEVICE_WAITFOREVENT_MESSAGEPUMP
-define:PLATFORM_USES_EXPLICIT_MEMORY_MANAGER_INITIALIZER
-define:PLATFORM_SUPPORTS_WAIT_FOR_PRESENTATION
-define:PLATFORM_SUPPORTS_SPLIT_GRAPHICS_JOBS
-define:PLATFORM_USES_VULKAN_OLD_SWAPCHAIN
-define:USE_READ_ASYNC_MANAGED_API
-define:ENABLE_MONO
-define:NET_4_6
-define:NET_UNITY_4_8
-define:ENABLE_PROFILER
-define:DEBUG
-define:TRACE
-define:UNITY_ASSERTIONS
-define:UNITY_EDITOR
-define:UNITY_EDITOR_64
-define:UNITY_EDITOR_WIN
-define:ENABLE_UNITY_COLLECTIONS_CHECKS
-define:ENABLE_BURST_AOT
-define:UNITY_TEAM_LICENSE
-define:UNITY_PRO_LICENSE
-define:ENABLE_CUSTOM_RENDER_TEXTURE
-define:ENABLE_DIRECTOR
-define:ENABLE_LOCALIZATION
-define:ENABLE_SPRITES
-define:ENABLE_TERRAIN
-define:ENABLE_TILEMAP
-define:ENABLE_TIMELINE
-define:ENABLE_INPUT_SYSTEM
-define:ENABLE_LEGACY_INPUT_MANAGER
-define:TEXTCORE_FONT_ENGINE_1_5_OR_NEWER
-define:TEXTCORE_TEXT_ENGINE_1_5_OR_NEWER
-define:TEXTCORE_FONT_ENGINE_1_6_OR_NEWER
-define:CSHARP_7_OR_LATER
-define:CSHARP_7_3_OR_NEWER
-define:UNITY_EDITOR_ONLY_COMPILATION
-r:"F:/Unity/6000.5.8f1/Editor/Data/BCLExtensions/TargetingPacks/netstandard2.1/ref/Microsoft.Bcl.AsyncInterfaces.dll"
-r:"F:/Unity/6000.5.8f1/Editor/Data/BCLExtensions/TargetingPacks/netstandard2.1/ref/Microsoft.Extensions.DependencyInjection.Abstractions.dll"
-r:"F:/Unity/6000.5.8f1/Editor/Data/BCLExtensions/TargetingPacks/netstandard2.1/ref/Microsoft.Extensions.Logging.Abstractions.dll"
-r:"F:/Unity/6000.5.8f1/Editor/Data/BCLExtensions/TargetingPacks/netstandard2.1/ref/System.Collections.Immutable.dll"
-r:"F:/Unity/6000.5.8f1/Editor/Data/BCLExtensions/TargetingPacks/netstandard2.1/ref/System.Diagnostics.DiagnosticSource.dll"
-r:"F:/Unity/6000.5.8f1/Editor/Data/BCLExtensions/TargetingPacks/netstandard2.1/ref/System.IO.Hashing.dll"
-r:"F:/Unity/6000.5.8f1/Editor/Data/BCLExtensions/TargetingPacks/netstandard2.1/ref/System.Reflection.Metadata.dll"
-r:"F:/Unity/6000.5.8f1/Editor/Data/BCLExtensions/TargetingPacks/netstandard2.1/ref/System.Runtime.CompilerServices.Unsafe.dll"
-r:"F:/Unity/6000.5.8f1/Editor/Data/BCLExtensions/TargetingPacks/netstandard2.1/ref/System.Text.Encodings.Web.dll"
-r:"F:/Unity/6000.5.8f1/Editor/Data/BCLExtensions/TargetingPacks/netstandard2.1/ref/System.Text.Json.dll"
-r:"F:/Unity/6000.5.8f1/Editor/Data/Managed/UnityEditor.Graphs.dll"
-r:"F:/Unity/6000.5.8f1/Editor/Data/Managed/UnityEngine/Unity.Scripting.dll"
-r:"F:/Unity/6000.5.8f1/Editor/Data/Managed/UnityEngine/UnityEditor.AIModule.dll"
-r:"F:/Unity/6000.5.8f1/Editor/Data/Managed/UnityEngine/UnityEditor.AccessibilityModule.dll"
-r:"F:/Unity/6000.5.8f1/Editor/Data/Managed/UnityEngine/UnityEditor.AdaptivePerformanceModule.dll"
-r:"F:/Unity/6000.5.8f1/Editor/Data/Managed/UnityEngine/UnityEditor.AssetComplianceModule.dll"
-r:"F:/Unity/6000.5.8f1/Editor/Data/Managed/UnityEngine/UnityEditor.BuildProfileModule.dll"
-r:"F:/Unity/6000.5.8f1/Editor/Data/Managed/UnityEngine/UnityEditor.ClothModule.dll"
-r:"F:/Unity/6000.5.8f1/Editor/Data/Managed/UnityEngine/UnityEditor.ContentLoadModule.dll"
-r:"F:/Unity/6000.5.8f1/Editor/Data/Managed/UnityEngine/UnityEditor.CoreBusinessMetricsModule.dll"
-r:"F:/Unity/6000.5.8f1/Editor/Data/Managed/UnityEngine/UnityEditor.CoreModule.dll"
-r:"F:/Unity/6000.5.8f1/Editor/Data/Managed/UnityEngine/UnityEditor.DeviceSimulatorModule.dll"
-r:"F:/Unity/6000.5.8f1/Editor/Data/Managed/UnityEngine/UnityEditor.DiagnosticsModule.dll"
-r:"F:/Unity/6000.5.8f1/Editor/Data/Managed/UnityEngine/UnityEditor.EditorToolbarModule.dll"
-r:"F:/Unity/6000.5.8f1/Editor/Data/Managed/UnityEngine/UnityEditor.EmbreeModule.dll"
-r:"F:/Unity/6000.5.8f1/Editor/Data/Managed/UnityEngine/UnityEditor.GIModule.dll"
-r:"F:/Unity/6000.5.8f1/Editor/Data/Managed/UnityEngine/UnityEditor.GenericRemoteModule.dll"
-r:"F:/Unity/6000.5.8f1/Editor/Data/Managed/UnityEngine/UnityEditor.GraphToolkitModule.dll"
-r:"F:/Unity/6000.5.8f1/Editor/Data/Managed/UnityEngine/UnityEditor.GraphViewModule.dll"
-r:"F:/Unity/6000.5.8f1/Editor/Data/Managed/UnityEngine/UnityEditor.GraphicsStateCollectionSerializerModule.dll"
-r:"F:/Unity/6000.5.8f1/Editor/Data/Managed/UnityEngine/UnityEditor.GridAndSnapModule.dll"
-r:"F:/Unity/6000.5.8f1/Editor/Data/Managed/UnityEngine/UnityEditor.GridModule.dll"
-r:"F:/Unity/6000.5.8f1/Editor/Data/Managed/UnityEngine/UnityEditor.HierarchyModule.dll"
-r:"F:/Unity/6000.5.8f1/Editor/Data/Managed/UnityEngine/UnityEditor.LightingModule.dll"
-r:"F:/Unity/6000.5.8f1/Editor/Data/Managed/UnityEngine/UnityEditor.MathematicsModule.dll"
-r:"F:/Unity/6000.5.8f1/Editor/Data/Managed/UnityEngine/UnityEditor.MediaModule.dll"
-r:"F:/Unity/6000.5.8f1/Editor/Data/Managed/UnityEngine/UnityEditor.MultiplayerModule.dll"
-r:"F:/Unity/6000.5.8f1/Editor/Data/Managed/UnityEngine/UnityEditor.Physics2DModule.dll"
-r:"F:/Unity/6000.5.8f1/Editor/Data/Managed/UnityEngine/UnityEditor.PhysicsCore2DModule.dll"
-r:"F:/Unity/6000.5.8f1/Editor/Data/Managed/UnityEngine/UnityEditor.PhysicsModule.dll"
-r:"F:/Unity/6000.5.8f1/Editor/Data/Managed/UnityEngine/UnityEditor.PlayModeModule.dll"
-r:"F:/Unity/6000.5.8f1/Editor/Data/Managed/UnityEngine/UnityEditor.PresetsUIModule.dll"
-r:"F:/Unity/6000.5.8f1/Editor/Data/Managed/UnityEngine/UnityEditor.ProjectAuditorModule.dll"
-r:"F:/Unity/6000.5.8f1/Editor/Data/Managed/UnityEngine/UnityEditor.PropertiesModule.dll"
-r:"F:/Unity/6000.5.8f1/Editor/Data/Managed/UnityEngine/UnityEditor.QuickInstallModule.dll"
-r:"F:/Unity/6000.5.8f1/Editor/Data/Managed/UnityEngine/UnityEditor.QuickSearchModule.dll"
-r:"F:/Unity/6000.5.8f1/Editor/Data/Managed/UnityEngine/UnityEditor.SafeModeModule.dll"
-r:"F:/Unity/6000.5.8f1/Editor/Data/Managed/UnityEngine/UnityEditor.SceneTemplateModule.dll"
-r:"F:/Unity/6000.5.8f1/Editor/Data/Managed/UnityEngine/UnityEditor.SceneViewModule.dll"
-r:"F:/Unity/6000.5.8f1/Editor/Data/Managed/UnityEngine/UnityEditor.ShaderBuildSettingsModule.dll"
-r:"F:/Unity/6000.5.8f1/Editor/Data/Managed/UnityEngine/UnityEditor.ShaderCompilationModule.dll"
-r:"F:/Unity/6000.5.8f1/Editor/Data/Managed/UnityEngine/UnityEditor.ShaderFoundryModule.dll"
-r:"F:/Unity/6000.5.8f1/Editor/Data/Managed/UnityEngine/UnityEditor.SketchUpModule.dll"
-r:"F:/Unity/6000.5.8f1/Editor/Data/Managed/UnityEngine/UnityEditor.SpriteMaskModule.dll"
-r:"F:/Unity/6000.5.8f1/Editor/Data/Managed/UnityEngine/UnityEditor.SpriteShapeModule.dll"
-r:"F:/Unity/6000.5.8f1/Editor/Data/Managed/UnityEngine/UnityEditor.SubstanceModule.dll"
-r:"F:/Unity/6000.5.8f1/Editor/Data/Managed/UnityEngine/UnityEditor.TerrainModule.dll"
-r:"F:/Unity/6000.5.8f1/Editor/Data/Managed/UnityEngine/UnityEditor.TextCoreFontEngineModule.dll"
-r:"F:/Unity/6000.5.8f1/Editor/Data/Managed/UnityEngine/UnityEditor.TextCoreTextEngineModule.dll"
-r:"F:/Unity/6000.5.8f1/Editor/Data/Managed/UnityEngine/UnityEditor.TextRenderingModule.dll"
-r:"F:/Unity/6000.5.8f1/Editor/Data/Managed/UnityEngine/UnityEditor.TilemapModule.dll"
-r:"F:/Unity/6000.5.8f1/Editor/Data/Managed/UnityEngine/UnityEditor.TreeModule.dll"
-r:"F:/Unity/6000.5.8f1/Editor/Data/Managed/UnityEngine/UnityEditor.U2DModule.dll"
-r:"F:/Unity/6000.5.8f1/Editor/Data/Managed/UnityEngine/UnityEditor.UIAutomationModule.dll"
-r:"F:/Unity/6000.5.8f1/Editor/Data/Managed/UnityEngine/UnityEditor.UIBuilderModule.dll"
-r:"F:/Unity/6000.5.8f1/Editor/Data/Managed/UnityEngine/UnityEditor.UIElementsModule.dll"
-r:"F:/Unity/6000.5.8f1/Editor/Data/Managed/UnityEngine/UnityEditor.UIElementsSamplesModule.dll"
-r:"F:/Unity/6000.5.8f1/Editor/Data/Managed/UnityEngine/UnityEditor.UIToolkitAuthoringModule.dll"
-r:"F:/Unity/6000.5.8f1/Editor/Data/Managed/UnityEngine/UnityEditor.UmbraModule.dll"
-r:"F:/Unity/6000.5.8f1/Editor/Data/Managed/UnityEngine/UnityEditor.UnityConnectModule.dll"
-r:"F:/Unity/6000.5.8f1/Editor/Data/Managed/UnityEngine/UnityEditor.VFXModule.dll"
-r:"F:/Unity/6000.5.8f1/Editor/Data/Managed/UnityEngine/UnityEditor.VectorGraphicsModule.dll"
-r:"F:/Unity/6000.5.8f1/Editor/Data/Managed/UnityEngine/UnityEditor.VideoModule.dll"
-r:"F:/Unity/6000.5.8f1/Editor/Data/Managed/UnityEngine/UnityEditor.XRModule.dll"
-r:"F:/Unity/6000.5.8f1/Editor/Data/Managed/UnityEngine/UnityEditor.dll"
-r:"F:/Unity/6000.5.8f1/Editor/Data/Managed/UnityEngine/UnityEngine.AIModule.dll"
-r:"F:/Unity/6000.5.8f1/Editor/Data/Managed/UnityEngine/UnityEngine.AMDModule.dll"
-r:"F:/Unity/6000.5.8f1/Editor/Data/Managed/UnityEngine/UnityEngine.ARModule.dll"
-r:"F:/Unity/6000.5.8f1/Editor/Data/Managed/UnityEngine/UnityEngine.AccessibilityModule.dll"
-r:"F:/Unity/6000.5.8f1/Editor/Data/Managed/UnityEngine/UnityEngine.AdaptivePerformanceModule.dll"
-r:"F:/Unity/6000.5.8f1/Editor/Data/Managed/UnityEngine/UnityEngine.AndroidJNIModule.dll"
-r:"F:/Unity/6000.5.8f1/Editor/Data/Managed/UnityEngine/UnityEngine.AnimationModule.dll"
-r:"F:/Unity/6000.5.8f1/Editor/Data/Managed/UnityEngine/UnityEngine.AssetBundleModule.dll"
-r:"F:/Unity/6000.5.8f1/Editor/Data/Managed/UnityEngine/UnityEngine.AudioModule.dll"
-r:"F:/Unity/6000.5.8f1/Editor/Data/Managed/UnityEngine/UnityEngine.ClothModule.dll"
-r:"F:/Unity/6000.5.8f1/Editor/Data/Managed/UnityEngine/UnityEngine.ClusterInputModule.dll"
-r:"F:/Unity/6000.5.8f1/Editor/Data/Managed/UnityEngine/UnityEngine.ClusterRendererModule.dll"
-r:"F:/Unity/6000.5.8f1/Editor/Data/Managed/UnityEngine/UnityEngine.ContentLoadModule.dll"
-r:"F:/Unity/6000.5.8f1/Editor/Data/Managed/UnityEngine/UnityEngine.CoreModule.dll"
-r:"F:/Unity/6000.5.8f1/Editor/Data/Managed/UnityEngine/UnityEngine.CrashReportingModule.dll"
-r:"F:/Unity/6000.5.8f1/Editor/Data/Managed/UnityEngine/UnityEngine.DSPGraphModule.dll"
-r:"F:/Unity/6000.5.8f1/Editor/Data/Managed/UnityEngine/UnityEngine.DirectorModule.dll"
-r:"F:/Unity/6000.5.8f1/Editor/Data/Managed/UnityEngine/UnityEngine.GIModule.dll"
-r:"F:/Unity/6000.5.8f1/Editor/Data/Managed/UnityEngine/UnityEngine.GameCenterModule.dll"
-r:"F:/Unity/6000.5.8f1/Editor/Data/Managed/UnityEngine/UnityEngine.GraphicsStateCollectionSerializerModule.dll"
-r:"F:/Unity/6000.5.8f1/Editor/Data/Managed/UnityEngine/UnityEngine.GridModule.dll"
-r:"F:/Unity/6000.5.8f1/Editor/Data/Managed/UnityEngine/UnityEngine.HierarchyCoreModule.dll"
-r:"F:/Unity/6000.5.8f1/Editor/Data/Managed/UnityEngine/UnityEngine.HierarchyModule.dll"
-r:"F:/Unity/6000.5.8f1/Editor/Data/Managed/UnityEngine/UnityEngine.HotReloadModule.dll"
-r:"F:/Unity/6000.5.8f1/Editor/Data/Managed/UnityEngine/UnityEngine.IMGUIModule.dll"
-r:"F:/Unity/6000.5.8f1/Editor/Data/Managed/UnityEngine/UnityEngine.IdentifiersModule.dll"
-r:"F:/Unity/6000.5.8f1/Editor/Data/Managed/UnityEngine/UnityEngine.ImageConversionModule.dll"
-r:"F:/Unity/6000.5.8f1/Editor/Data/Managed/UnityEngine/UnityEngine.InputForUIModule.dll"
-r:"F:/Unity/6000.5.8f1/Editor/Data/Managed/UnityEngine/UnityEngine.InputLegacyModule.dll"
-r:"F:/Unity/6000.5.8f1/Editor/Data/Managed/UnityEngine/UnityEngine.InputModule.dll"
-r:"F:/Unity/6000.5.8f1/Editor/Data/Managed/UnityEngine/UnityEngine.InsightsModule.dll"
-r:"F:/Unity/6000.5.8f1/Editor/Data/Managed/UnityEngine/UnityEngine.JSONSerializeModule.dll"
-r:"F:/Unity/6000.5.8f1/Editor/Data/Managed/UnityEngine/UnityEngine.LocalizationModule.dll"
-r:"F:/Unity/6000.5.8f1/Editor/Data/Managed/UnityEngine/UnityEngine.MarshallingModule.dll"
-r:"F:/Unity/6000.5.8f1/Editor/Data/Managed/UnityEngine/UnityEngine.MathematicsModule.dll"
-r:"F:/Unity/6000.5.8f1/Editor/Data/Managed/UnityEngine/UnityEngine.MultiplayerModule.dll"
-r:"F:/Unity/6000.5.8f1/Editor/Data/Managed/UnityEngine/UnityEngine.NVIDIAModule.dll"
-r:"F:/Unity/6000.5.8f1/Editor/Data/Managed/UnityEngine/UnityEngine.ParticleSystemModule.dll"
-r:"F:/Unity/6000.5.8f1/Editor/Data/Managed/UnityEngine/UnityEngine.PerformanceReportingModule.dll"
-r:"F:/Unity/6000.5.8f1/Editor/Data/Managed/UnityEngine/UnityEngine.Physics2DModule.dll"
-r:"F:/Unity/6000.5.8f1/Editor/Data/Managed/UnityEngine/UnityEngine.PhysicsBackendPhysXModule.dll"
-r:"F:/Unity/6000.5.8f1/Editor/Data/Managed/UnityEngine/UnityEngine.PhysicsCore2DModule.dll"
-r:"F:/Unity/6000.5.8f1/Editor/Data/Managed/UnityEngine/UnityEngine.PhysicsModule.dll"
-r:"F:/Unity/6000.5.8f1/Editor/Data/Managed/UnityEngine/UnityEngine.PropertiesModule.dll"
-r:"F:/Unity/6000.5.8f1/Editor/Data/Managed/UnityEngine/UnityEngine.RenderAs2DModule.dll"
-r:"F:/Unity/6000.5.8f1/Editor/Data/Managed/UnityEngine/UnityEngine.RuntimeInitializeOnLoadManagerInitializerModule.dll"
-r:"F:/Unity/6000.5.8f1/Editor/Data/Managed/UnityEngine/UnityEngine.ScreenCaptureModule.dll"
-r:"F:/Unity/6000.5.8f1/Editor/Data/Managed/UnityEngine/UnityEngine.ScriptingModule.dll"
-r:"F:/Unity/6000.5.8f1/Editor/Data/Managed/UnityEngine/UnityEngine.ShaderVariantAnalyticsModule.dll"
-r:"F:/Unity/6000.5.8f1/Editor/Data/Managed/UnityEngine/UnityEngine.SharedInternalsModule.dll"
-r:"F:/Unity/6000.5.8f1/Editor/Data/Managed/UnityEngine/UnityEngine.SpriteMaskModule.dll"
-r:"F:/Unity/6000.5.8f1/Editor/Data/Managed/UnityEngine/UnityEngine.SpriteShapeModule.dll"
-r:"F:/Unity/6000.5.8f1/Editor/Data/Managed/UnityEngine/UnityEngine.StreamingModule.dll"
-r:"F:/Unity/6000.5.8f1/Editor/Data/Managed/UnityEngine/UnityEngine.SubstanceModule.dll"
-r:"F:/Unity/6000.5.8f1/Editor/Data/Managed/UnityEngine/UnityEngine.SubsystemsModule.dll"
-r:"F:/Unity/6000.5.8f1/Editor/Data/Managed/UnityEngine/UnityEngine.TLSModule.dll"
-r:"F:/Unity/6000.5.8f1/Editor/Data/Managed/UnityEngine/UnityEngine.TerrainModule.dll"
-r:"F:/Unity/6000.5.8f1/Editor/Data/Managed/UnityEngine/UnityEngine.TerrainPhysicsModule.dll"
-r:"F:/Unity/6000.5.8f1/Editor/Data/Managed/UnityEngine/UnityEngine.TextCoreFontEngineModule.dll"
-r:"F:/Unity/6000.5.8f1/Editor/Data/Managed/UnityEngine/UnityEngine.TextCoreTextEngineModule.dll"
-r:"F:/Unity/6000.5.8f1/Editor/Data/Managed/UnityEngine/UnityEngine.TextRenderingModule.dll"
-r:"F:/Unity/6000.5.8f1/Editor/Data/Managed/UnityEngine/UnityEngine.TilemapModule.dll"
-r:"F:/Unity/6000.5.8f1/Editor/Data/Managed/UnityEngine/UnityEngine.U2DRuntimeModule.dll"
-r:"F:/Unity/6000.5.8f1/Editor/Data/Managed/UnityEngine/UnityEngine.UIElementsModule.dll"
-r:"F:/Unity/6000.5.8f1/Editor/Data/Managed/UnityEngine/UnityEngine.UIModule.dll"
-r:"F:/Unity/6000.5.8f1/Editor/Data/Managed/UnityEngine/UnityEngine.UmbraModule.dll"
-r:"F:/Unity/6000.5.8f1/Editor/Data/Managed/UnityEngine/UnityEngine.UnityAnalyticsCommonModule.dll"
-r:"F:/Unity/6000.5.8f1/Editor/Data/Managed/UnityEngine/UnityEngine.UnityAnalyticsModule.dll"
-r:"F:/Unity/6000.5.8f1/Editor/Data/Managed/UnityEngine/UnityEngine.UnityConnectModule.dll"
-r:"F:/Unity/6000.5.8f1/Editor/Data/Managed/UnityEngine/UnityEngine.UnityConsentModule.dll"
-r:"F:/Unity/6000.5.8f1/Editor/Data/Managed/UnityEngine/UnityEngine.UnityCurlModule.dll"
-r:"F:/Unity/6000.5.8f1/Editor/Data/Managed/UnityEngine/UnityEngine.UnityWebRequestAssetBundleModule.dll"
-r:"F:/Unity/6000.5.8f1/Editor/Data/Managed/UnityEngine/UnityEngine.UnityWebRequestAudioModule.dll"
-r:"F:/Unity/6000.5.8f1/Editor/Data/Managed/UnityEngine/UnityEngine.UnityWebRequestModule.dll"
-r:"F:/Unity/6000.5.8f1/Editor/Data/Managed/UnityEngine/UnityEngine.UnityWebRequestTextureModule.dll"
-r:"F:/Unity/6000.5.8f1/Editor/Data/Managed/UnityEngine/UnityEngine.UnityWebRequestWWWModule.dll"
-r:"F:/Unity/6000.5.8f1/Editor/Data/Managed/UnityEngine/UnityEngine.VFXModule.dll"
-r:"F:/Unity/6000.5.8f1/Editor/Data/Managed/UnityEngine/UnityEngine.VectorGraphicsModule.dll"
-r:"F:/Unity/6000.5.8f1/Editor/Data/Managed/UnityEngine/UnityEngine.VehiclesModule.dll"
-r:"F:/Unity/6000.5.8f1/Editor/Data/Managed/UnityEngine/UnityEngine.VideoModule.dll"
-r:"F:/Unity/6000.5.8f1/Editor/Data/Managed/UnityEngine/UnityEngine.VirtualTexturingModule.dll"
-r:"F:/Unity/6000.5.8f1/Editor/Data/Managed/UnityEngine/UnityEngine.WindModule.dll"
-r:"F:/Unity/6000.5.8f1/Editor/Data/Managed/UnityEngine/UnityEngine.XRModule.dll"
-r:"F:/Unity/6000.5.8f1/Editor/Data/Managed/UnityEngine/UnityEngine.dll"
-r:"F:/Unity/6000.5.8f1/Editor/Data/PlaybackEngines/WebGLSupport/UnityEditor.WebGL.Extensions.dll"
-r:"F:/Unity/6000.5.8f1/Editor/Data/PlaybackEngines/WindowsStandaloneSupport/UnityEditor.WindowsStandalone.Extensions.dll"
-r:"F:/Unity/6000.5.8f1/Editor/Data/UnityReferenceAssemblies/unity-4.8-api/Facades/Microsoft.Win32.Primitives.dll"
-r:"F:/Unity/6000.5.8f1/Editor/Data/UnityReferenceAssemblies/unity-4.8-api/Facades/System.AppContext.dll"
-r:"F:/Unity/6000.5.8f1/Editor/Data/UnityReferenceAssemblies/unity-4.8-api/Facades/System.Buffers.dll"
-r:"F:/Unity/6000.5.8f1/Editor/Data/UnityReferenceAssemblies/unity-4.8-api/Facades/System.Collections.Concurrent.dll"
-r:"F:/Unity/6000.5.8f1/Editor/Data/UnityReferenceAssemblies/unity-4.8-api/Facades/System.Collections.NonGeneric.dll"
-r:"F:/Unity/6000.5.8f1/Editor/Data/UnityReferenceAssemblies/unity-4.8-api/Facades/System.Collections.Specialized.dll"
-r:"F:/Unity/6000.5.8f1/Editor/Data/UnityReferenceAssemblies/unity-4.8-api/Facades/System.Collections.dll"
-r:"F:/Unity/6000.5.8f1/Editor/Data/UnityReferenceAssemblies/unity-4.8-api/Facades/System.ComponentModel.Annotations.dll"
-r:"F:/Unity/6000.5.8f1/Editor/Data/UnityReferenceAssemblies/unity-4.8-api/Facades/System.ComponentModel.EventBasedAsync.dll"
-r:"F:/Unity/6000.5.8f1/Editor/Data/UnityReferenceAssemblies/unity-4.8-api/Facades/System.ComponentModel.Primitives.dll"
-r:"F:/Unity/6000.5.8f1/Editor/Data/UnityReferenceAssemblies/unity-4.8-api/Facades/System.ComponentModel.TypeConverter.dll"
-r:"F:/Unity/6000.5.8f1/Editor/Data/UnityReferenceAssemblies/unity-4.8-api/Facades/System.ComponentModel.dll"
-r:"F:/Unity/6000.5.8f1/Editor/Data/UnityReferenceAssemblies/unity-4.8-api/Facades/System.Console.dll"
-r:"F:/Unity/6000.5.8f1/Editor/Data/UnityReferenceAssemblies/unity-4.8-api/Facades/System.Data.Common.dll"
-r:"F:/Unity/6000.5.8f1/Editor/Data/UnityReferenceAssemblies/unity-4.8-api/Facades/System.Diagnostics.Contracts.dll"
-r:"F:/Unity/6000.5.8f1/Editor/Data/UnityReferenceAssemblies/unity-4.8-api/Facades/System.Diagnostics.Debug.dll"
-r:"F:/Unity/6000.5.8f1/Editor/Data/UnityReferenceAssemblies/unity-4.8-api/Facades/System.Diagnostics.FileVersionInfo.dll"
-r:"F:/Unity/6000.5.8f1/Editor/Data/UnityReferenceAssemblies/unity-4.8-api/Facades/System.Diagnostics.Process.dll"
-r:"F:/Unity/6000.5.8f1/Editor/Data/UnityReferenceAssemblies/unity-4.8-api/Facades/System.Diagnostics.StackTrace.dll"
-r:"F:/Unity/6000.5.8f1/Editor/Data/UnityReferenceAssemblies/unity-4.8-api/Facades/System.Diagnostics.TextWriterTraceListener.dll"
-r:"F:/Unity/6000.5.8f1/Editor/Data/UnityReferenceAssemblies/unity-4.8-api/Facades/System.Diagnostics.Tools.dll"
-r:"F:/Unity/6000.5.8f1/Editor/Data/UnityReferenceAssemblies/unity-4.8-api/Facades/System.Diagnostics.TraceSource.dll"
-r:"F:/Unity/6000.5.8f1/Editor/Data/UnityReferenceAssemblies/unity-4.8-api/Facades/System.Drawing.Primitives.dll"
-r:"F:/Unity/6000.5.8f1/Editor/Data/UnityReferenceAssemblies/unity-4.8-api/Facades/System.Dynamic.Runtime.dll"
-r:"F:/Unity/6000.5.8f1/Editor/Data/UnityReferenceAssemblies/unity-4.8-api/Facades/System.Globalization.Calendars.dll"
-r:"F:/Unity/6000.5.8f1/Editor/Data/UnityReferenceAssemblies/unity-4.8-api/Facades/System.Globalization.Extensions.dll"
-r:"F:/Unity/6000.5.8f1/Editor/Data/UnityReferenceAssemblies/unity-4.8-api/Facades/System.Globalization.dll"
-r:"F:/Unity/6000.5.8f1/Editor/Data/UnityReferenceAssemblies/unity-4.8-api/Facades/System.IO.Compression.ZipFile.dll"
-r:"F:/Unity/6000.5.8f1/Editor/Data/UnityReferenceAssemblies/unity-4.8-api/Facades/System.IO.FileSystem.DriveInfo.dll"
-r:"F:/Unity/6000.5.8f1/Editor/Data/UnityReferenceAssemblies/unity-4.8-api/Facades/System.IO.FileSystem.Primitives.dll"
-r:"F:/Unity/6000.5.8f1/Editor/Data/UnityReferenceAssemblies/unity-4.8-api/Facades/System.IO.FileSystem.Watcher.dll"
-r:"F:/Unity/6000.5.8f1/Editor/Data/UnityReferenceAssemblies/unity-4.8-api/Facades/System.IO.FileSystem.dll"
-r:"F:/Unity/6000.5.8f1/Editor/Data/UnityReferenceAssemblies/unity-4.8-api/Facades/System.IO.IsolatedStorage.dll"
-r:"F:/Unity/6000.5.8f1/Editor/Data/UnityReferenceAssemblies/unity-4.8-api/Facades/System.IO.MemoryMappedFiles.dll"
-r:"F:/Unity/6000.5.8f1/Editor/Data/UnityReferenceAssemblies/unity-4.8-api/Facades/System.IO.Pipes.dll"
-r:"F:/Unity/6000.5.8f1/Editor/Data/UnityReferenceAssemblies/unity-4.8-api/Facades/System.IO.UnmanagedMemoryStream.dll"
-r:"F:/Unity/6000.5.8f1/Editor/Data/UnityReferenceAssemblies/unity-4.8-api/Facades/System.IO.dll"
-r:"F:/Unity/6000.5.8f1/Editor/Data/UnityReferenceAssemblies/unity-4.8-api/Facades/System.Linq.Expressions.dll"
-r:"F:/Unity/6000.5.8f1/Editor/Data/UnityReferenceAssemblies/unity-4.8-api/Facades/System.Linq.Parallel.dll"
-r:"F:/Unity/6000.5.8f1/Editor/Data/UnityReferenceAssemblies/unity-4.8-api/Facades/System.Linq.Queryable.dll"
-r:"F:/Unity/6000.5.8f1/Editor/Data/UnityReferenceAssemblies/unity-4.8-api/Facades/System.Linq.dll"
-r:"F:/Unity/6000.5.8f1/Editor/Data/UnityReferenceAssemblies/unity-4.8-api/Facades/System.Memory.dll"
-r:"F:/Unity/6000.5.8f1/Editor/Data/UnityReferenceAssemblies/unity-4.8-api/Facades/System.Net.Http.Rtc.dll"
-r:"F:/Unity/6000.5.8f1/Editor/Data/UnityReferenceAssemblies/unity-4.8-api/Facades/System.Net.NameResolution.dll"
-r:"F:/Unity/6000.5.8f1/Editor/Data/UnityReferenceAssemblies/unity-4.8-api/Facades/System.Net.NetworkInformation.dll"
-r:"F:/Unity/6000.5.8f1/Editor/Data/UnityReferenceAssemblies/unity-4.8-api/Facades/System.Net.Ping.dll"
-r:"F:/Unity/6000.5.8f1/Editor/Data/UnityReferenceAssemblies/unity-4.8-api/Facades/System.Net.Primitives.dll"
-r:"F:/Unity/6000.5.8f1/Editor/Data/UnityReferenceAssemblies/unity-4.8-api/Facades/System.Net.Requests.dll"
-r:"F:/Unity/6000.5.8f1/Editor/Data/UnityReferenceAssemblies/unity-4.8-api/Facades/System.Net.Security.dll"
-r:"F:/Unity/6000.5.8f1/Editor/Data/UnityReferenceAssemblies/unity-4.8-api/Facades/System.Net.Sockets.dll"
-r:"F:/Unity/6000.5.8f1/Editor/Data/UnityReferenceAssemblies/unity-4.8-api/Facades/System.Net.WebHeaderCollection.dll"
-r:"F:/Unity/6000.5.8f1/Editor/Data/UnityReferenceAssemblies/unity-4.8-api/Facades/System.Net.WebSockets.Client.dll"
-r:"F:/Unity/6000.5.8f1/Editor/Data/UnityReferenceAssemblies/unity-4.8-api/Facades/System.Net.WebSockets.dll"
-r:"F:/Unity/6000.5.8f1/Editor/Data/UnityReferenceAssemblies/unity-4.8-api/Facades/System.ObjectModel.dll"
-r:"F:/Unity/6000.5.8f1/Editor/Data/UnityReferenceAssemblies/unity-4.8-api/Facades/System.Reflection.DispatchProxy.dll"
-r:"F:/Unity/6000.5.8f1/Editor/Data/UnityReferenceAssemblies/unity-4.8-api/Facades/System.Reflection.Emit.ILGeneration.dll"
-r:"F:/Unity/6000.5.8f1/Editor/Data/UnityReferenceAssemblies/unity-4.8-api/Facades/System.Reflection.Emit.Lightweight.dll"
-r:"F:/Unity/6000.5.8f1/Editor/Data/UnityReferenceAssemblies/unity-4.8-api/Facades/System.Reflection.Emit.dll"
-r:"F:/Unity/6000.5.8f1/Editor/Data/UnityReferenceAssemblies/unity-4.8-api/Facades/System.Reflection.Extensions.dll"
-r:"F:/Unity/6000.5.8f1/Editor/Data/UnityReferenceAssemblies/unity-4.8-api/Facades/System.Reflection.Primitives.dll"
-r:"F:/Unity/6000.5.8f1/Editor/Data/UnityReferenceAssemblies/unity-4.8-api/Facades/System.Reflection.dll"
-r:"F:/Unity/6000.5.8f1/Editor/Data/UnityReferenceAssemblies/unity-4.8-api/Facades/System.Resources.Reader.dll"
-r:"F:/Unity/6000.5.8f1/Editor/Data/UnityReferenceAssemblies/unity-4.8-api/Facades/System.Resources.ResourceManager.dll"
-r:"F:/Unity/6000.5.8f1/Editor/Data/UnityReferenceAssemblies/unity-4.8-api/Facades/System.Resources.Writer.dll"
-r:"F:/Unity/6000.5.8f1/Editor/Data/UnityReferenceAssemblies/unity-4.8-api/Facades/System.Runtime.CompilerServices.VisualC.dll"
-r:"F:/Unity/6000.5.8f1/Editor/Data/UnityReferenceAssemblies/unity-4.8-api/Facades/System.Runtime.Extensions.dll"
-r:"F:/Unity/6000.5.8f1/Editor/Data/UnityReferenceAssemblies/unity-4.8-api/Facades/System.Runtime.Handles.dll"
-r:"F:/Unity/6000.5.8f1/Editor/Data/UnityReferenceAssemblies/unity-4.8-api/Facades/System.Runtime.InteropServices.RuntimeInformation.dll"
-r:"F:/Unity/6000.5.8f1/Editor/Data/UnityReferenceAssemblies/unity-4.8-api/Facades/System.Runtime.InteropServices.WindowsRuntime.dll"
-r:"F:/Unity/6000.5.8f1/Editor/Data/UnityReferenceAssemblies/unity-4.8-api/Facades/System.Runtime.InteropServices.dll"
-r:"F:/Unity/6000.5.8f1/Editor/Data/UnityReferenceAssemblies/unity-4.8-api/Facades/System.Runtime.Numerics.dll"
-r:"F:/Unity/6000.5.8f1/Editor/Data/UnityReferenceAssemblies/unity-4.8-api/Facades/System.Runtime.Serialization.Formatters.dll"
-r:"F:/Unity/6000.5.8f1/Editor/Data/UnityReferenceAssemblies/unity-4.8-api/Facades/System.Runtime.Serialization.Json.dll"
-r:"F:/Unity/6000.5.8f1/Editor/Data/UnityReferenceAssemblies/unity-4.8-api/Facades/System.Runtime.Serialization.Primitives.dll"
-r:"F:/Unity/6000.5.8f1/Editor/Data/UnityReferenceAssemblies/unity-4.8-api/Facades/System.Runtime.Serialization.Xml.dll"
-r:"F:/Unity/6000.5.8f1/Editor/Data/UnityReferenceAssemblies/unity-4.8-api/Facades/System.Runtime.dll"
-r:"F:/Unity/6000.5.8f1/Editor/Data/UnityReferenceAssemblies/unity-4.8-api/Facades/System.Security.Claims.dll"
-r:"F:/Unity/6000.5.8f1/Editor/Data/UnityReferenceAssemblies/unity-4.8-api/Facades/System.Security.Cryptography.Algorithms.dll"
-r:"F:/Unity/6000.5.8f1/Editor/Data/UnityReferenceAssemblies/unity-4.8-api/Facades/System.Security.Cryptography.Csp.dll"
-r:"F:/Unity/6000.5.8f1/Editor/Data/UnityReferenceAssemblies/unity-4.8-api/Facades/System.Security.Cryptography.Encoding.dll"
-r:"F:/Unity/6000.5.8f1/Editor/Data/UnityReferenceAssemblies/unity-4.8-api/Facades/System.Security.Cryptography.Primitives.dll"
-r:"F:/Unity/6000.5.8f1/Editor/Data/UnityReferenceAssemblies/unity-4.8-api/Facades/System.Security.Cryptography.X509Certificates.dll"
-r:"F:/Unity/6000.5.8f1/Editor/Data/UnityReferenceAssemblies/unity-4.8-api/Facades/System.Security.Principal.dll"
-r:"F:/Unity/6000.5.8f1/Editor/Data/UnityReferenceAssemblies/unity-4.8-api/Facades/System.Security.SecureString.dll"
-r:"F:/Unity/6000.5.8f1/Editor/Data/UnityReferenceAssemblies/unity-4.8-api/Facades/System.ServiceModel.Duplex.dll"
-r:"F:/Unity/6000.5.8f1/Editor/Data/UnityReferenceAssemblies/unity-4.8-api/Facades/System.ServiceModel.Http.dll"
-r:"F:/Unity/6000.5.8f1/Editor/Data/UnityReferenceAssemblies/unity-4.8-api/Facades/System.ServiceModel.NetTcp.dll"
-r:"F:/Unity/6000.5.8f1/Editor/Data/UnityReferenceAssemblies/unity-4.8-api/Facades/System.ServiceModel.Primitives.dll"
-r:"F:/Unity/6000.5.8f1/Editor/Data/UnityReferenceAssemblies/unity-4.8-api/Facades/System.ServiceModel.Security.dll"
-r:"F:/Unity/6000.5.8f1/Editor/Data/UnityReferenceAssemblies/unity-4.8-api/Facades/System.Text.Encoding.Extensions.dll"
-r:"F:/Unity/6000.5.8f1/Editor/Data/UnityReferenceAssemblies/unity-4.8-api/Facades/System.Text.Encoding.dll"
-r:"F:/Unity/6000.5.8f1/Editor/Data/UnityReferenceAssemblies/unity-4.8-api/Facades/System.Text.RegularExpressions.dll"
-r:"F:/Unity/6000.5.8f1/Editor/Data/UnityReferenceAssemblies/unity-4.8-api/Facades/System.Threading.Overlapped.dll"
-r:"F:/Unity/6000.5.8f1/Editor/Data/UnityReferenceAssemblies/unity-4.8-api/Facades/System.Threading.Tasks.Extensions.dll"
-r:"F:/Unity/6000.5.8f1/Editor/Data/UnityReferenceAssemblies/unity-4.8-api/Facades/System.Threading.Tasks.Parallel.dll"
-r:"F:/Unity/6000.5.8f1/Editor/Data/UnityReferenceAssemblies/unity-4.8-api/Facades/System.Threading.Tasks.dll"
-r:"F:/Unity/6000.5.8f1/Editor/Data/UnityReferenceAssemblies/unity-4.8-api/Facades/System.Threading.Thread.dll"
-r:"F:/Unity/6000.5.8f1/Editor/Data/UnityReferenceAssemblies/unity-4.8-api/Facades/System.Threading.ThreadPool.dll"
-r:"F:/Unity/6000.5.8f1/Editor/Data/UnityReferenceAssemblies/unity-4.8-api/Facades/System.Threading.Timer.dll"
-r:"F:/Unity/6000.5.8f1/Editor/Data/UnityReferenceAssemblies/unity-4.8-api/Facades/System.Threading.dll"
-r:"F:/Unity/6000.5.8f1/Editor/Data/UnityReferenceAssemblies/unity-4.8-api/Facades/System.ValueTuple.dll"
-r:"F:/Unity/6000.5.8f1/Editor/Data/UnityReferenceAssemblies/unity-4.8-api/Facades/System.Xml.ReaderWriter.dll"
-r:"F:/Unity/6000.5.8f1/Editor/Data/UnityReferenceAssemblies/unity-4.8-api/Facades/System.Xml.XDocument.dll"
-r:"F:/Unity/6000.5.8f1/Editor/Data/UnityReferenceAssemblies/unity-4.8-api/Facades/System.Xml.XPath.XDocument.dll"
-r:"F:/Unity/6000.5.8f1/Editor/Data/UnityReferenceAssemblies/unity-4.8-api/Facades/System.Xml.XPath.dll"
-r:"F:/Unity/6000.5.8f1/Editor/Data/UnityReferenceAssemblies/unity-4.8-api/Facades/System.Xml.XmlDocument.dll"
-r:"F:/Unity/6000.5.8f1/Editor/Data/UnityReferenceAssemblies/unity-4.8-api/Facades/System.Xml.XmlSerializer.dll"
-r:"F:/Unity/6000.5.8f1/Editor/Data/UnityReferenceAssemblies/unity-4.8-api/Facades/netstandard.dll"
-r:"F:/Unity/6000.5.8f1/Editor/Data/UnityReferenceAssemblies/unity-4.8-api/Microsoft.CSharp.dll"
-r:"F:/Unity/6000.5.8f1/Editor/Data/UnityReferenceAssemblies/unity-4.8-api/System.ComponentModel.Composition.dll"
-r:"F:/Unity/6000.5.8f1/Editor/Data/UnityReferenceAssemblies/unity-4.8-api/System.Core.dll"
-r:"F:/Unity/6000.5.8f1/Editor/Data/UnityReferenceAssemblies/unity-4.8-api/System.Data.DataSetExtensions.dll"
-r:"F:/Unity/6000.5.8f1/Editor/Data/UnityReferenceAssemblies/unity-4.8-api/System.Data.dll"
-r:"F:/Unity/6000.5.8f1/Editor/Data/UnityReferenceAssemblies/unity-4.8-api/System.Drawing.dll"
-r:"F:/Unity/6000.5.8f1/Editor/Data/UnityReferenceAssemblies/unity-4.8-api/System.IO.Compression.FileSystem.dll"
-r:"F:/Unity/6000.5.8f1/Editor/Data/UnityReferenceAssemblies/unity-4.8-api/System.IO.Compression.dll"
-r:"F:/Unity/6000.5.8f1/Editor/Data/UnityReferenceAssemblies/unity-4.8-api/System.Net.Http.dll"
-r:"F:/Unity/6000.5.8f1/Editor/Data/UnityReferenceAssemblies/unity-4.8-api/System.Numerics.Vectors.dll"
-r:"F:/Unity/6000.5.8f1/Editor/Data/UnityReferenceAssemblies/unity-4.8-api/System.Numerics.dll"
-r:"F:/Unity/6000.5.8f1/Editor/Data/UnityReferenceAssemblies/unity-4.8-api/System.Runtime.Serialization.dll"
-r:"F:/Unity/6000.5.8f1/Editor/Data/UnityReferenceAssemblies/unity-4.8-api/System.Transactions.dll"
-r:"F:/Unity/6000.5.8f1/Editor/Data/UnityReferenceAssemblies/unity-4.8-api/System.Xml.Linq.dll"
-r:"F:/Unity/6000.5.8f1/Editor/Data/UnityReferenceAssemblies/unity-4.8-api/System.Xml.dll"
-r:"F:/Unity/6000.5.8f1/Editor/Data/UnityReferenceAssemblies/unity-4.8-api/System.dll"
-r:"F:/Unity/6000.5.8f1/Editor/Data/UnityReferenceAssemblies/unity-4.8-api/mscorlib.dll"
-r:"Library/PackageCache/com.unity.collab-proxy@120d77864ebc/Lib/Editor/TextMateSharp/Onigwrap/OnigwrapPlastic.dll"
-r:"Library/PackageCache/com.unity.collab-proxy@120d77864ebc/Lib/Editor/TextMateSharp/TextMateSharpPlastic.Grammars.dll"
-r:"Library/PackageCache/com.unity.collab-proxy@120d77864ebc/Lib/Editor/TextMateSharp/TextMateSharpPlastic.dll"
-r:"Library/PackageCache/com.unity.collab-proxy@120d77864ebc/Lib/Editor/Unity.Plastic.Antlr3.Runtime.dll"
-r:"Library/PackageCache/com.unity.collab-proxy@120d77864ebc/Lib/Editor/Unity.Plastic.Newtonsoft.Json.dll"
-r:"Library/PackageCache/com.unity.collab-proxy@120d77864ebc/Lib/Editor/log4netPlastic.dll"
-r:"Library/PackageCache/com.unity.collab-proxy@120d77864ebc/Lib/Editor/unityplastic.dll"
-r:"Library/PackageCache/com.unity.collections@ec2c217e4cb2/Unity.Collections.LowLevel.ILSupport/Unity.Collections.LowLevel.ILSupport.dll"
-r:"Library/PackageCache/com.unity.ext.nunit@44f7d31723bd/net472/unity-custom/nunit.framework.dll"
-r:"Library/PackageCache/com.unity.ext.nunit@44f7d31723bd/net472/unity-custom/nunit.framework.dll"
-r:"Library/PackageCache/com.unity.nuget.mono-cecil@ecb9724e46ff/Mono.Cecil.dll"
-r:"Library/PackageCache/com.unity.nuget.newtonsoft-json@4dfd81071c64/Runtime/Newtonsoft.Json.dll"
-r:"Library/PackageCache/com.unity.visualscripting@4edfcc09512f/Editor/VisualScripting.Core/Dependencies/DotNetZip/Unity.VisualScripting.IonicZip.dll"
-r:"Library/PackageCache/com.unity.visualscripting@4edfcc09512f/Editor/VisualScripting.Core/Dependencies/YamlDotNet/Unity.VisualScripting.YamlDotNet.dll"
-r:"Library/PackageCache/com.unity.visualscripting@4edfcc09512f/Editor/VisualScripting.Core/EditorAssetResources/Unity.VisualScripting.TextureAssets.dll"
-r:"Library/PackageCache/com.unity.visualscripting@4edfcc09512f/Runtime/VisualScripting.Flow/Dependencies/NCalc/Unity.VisualScripting.Antlr3.Runtime.dll"
-r:"Library/Bee/artifacts/1900b0aE.dag/UnityEditor.TestRunner.ref.dll"
-r:"Library/Bee/artifacts/1900b0aE.dag/UnityEditor.UI.ref.dll"
-r:"Library/Bee/artifacts/1900b0aE.dag/UnityEngine.TestRunner.ref.dll"
-r:"Library/Bee/artifacts/1900b0aE.dag/UnityEngine.UI.ref.dll"
-analyzer:"F:/Unity/6000.5.8f1/Editor/Data/BCLExtensions/TargetingPacks/netstandard2.1/analyzers/dotnet/roslyn4.0/cs/Microsoft.Extensions.Logging.Generators.dll"
-analyzer:"F:/Unity/6000.5.8f1/Editor/Data/BCLExtensions/TargetingPacks/netstandard2.1/analyzers/dotnet/roslyn4.0/cs/System.Text.Json.SourceGeneration.dll"
-analyzer:"F:/Unity/6000.5.8f1/Editor/Data/Tools/BuildPipeline/Unity.Analyzers.Common/Unity.Analyzers.Common.dll"
-analyzer:"F:/Unity/6000.5.8f1/Editor/Data/Tools/BuildPipeline/Unity.Analyzers.LongLiving/Unity.Analyzers.LongLiving.dll"
-analyzer:"F:/Unity/6000.5.8f1/Editor/Data/Tools/BuildPipeline/Unity.SourceGenerators/Unity.Properties.SourceGenerator.dll"
-analyzer:"F:/Unity/6000.5.8f1/Editor/Data/Tools/BuildPipeline/Unity.SourceGenerators/Unity.SourceGenerators.dll"
-analyzer:"F:/Unity/6000.5.8f1/Editor/Data/Tools/BuildPipeline/Unity.SourceGenerators/Unity.UIToolkit.SourceGenerator.dll"
"Packages/com.diversion.vcs/Editor/Api/AgentApiClient.cs"
"Packages/com.diversion.vcs/Editor/Api/CoreApiClient.cs"
"Packages/com.diversion.vcs/Editor/Api/DiversionApiException.cs"
"Packages/com.diversion.vcs/Editor/Api/Generated/AgentApi/Client/ApiClient.cs"
"Packages/com.diversion.vcs/Editor/Api/Generated/AgentApi/Client/ApiException.cs"
"Packages/com.diversion.vcs/Editor/Api/Generated/AgentApi/Client/ApiResponse.cs"
"Packages/com.diversion.vcs/Editor/Api/Generated/AgentApi/Client/ClientUtils.cs"
"Packages/com.diversion.vcs/Editor/Api/Generated/AgentApi/Client/Configuration.cs"
"Packages/com.diversion.vcs/Editor/Api/Generated/AgentApi/Client/ConnectionException.cs"
"Packages/com.diversion.vcs/Editor/Api/Generated/AgentApi/Client/ExceptionFactory.cs"
"Packages/com.diversion.vcs/Editor/Api/Generated/AgentApi/Client/GlobalConfiguration.cs"
"Packages/com.diversion.vcs/Editor/Api/Generated/AgentApi/Client/IApiAccessor.cs"
"Packages/com.diversion.vcs/Editor/Api/Generated/AgentApi/Client/IAsynchronousClient.cs"
"Packages/com.diversion.vcs/Editor/Api/Generated/AgentApi/Client/IReadableConfiguration.cs"
"Packages/com.diversion.vcs/Editor/Api/Generated/AgentApi/Client/ISynchronousClient.cs"
"Packages/com.diversion.vcs/Editor/Api/Generated/AgentApi/Client/Multimap.cs"
"Packages/com.diversion.vcs/Editor/Api/Generated/AgentApi/Client/OpenAPIDateConverter.cs"
"Packages/com.diversion.vcs/Editor/Api/Generated/AgentApi/Client/RequestOptions.cs"
"Packages/com.diversion.vcs/Editor/Api/Generated/AgentApi/Client/UnexpectedResponseException.cs"
"Packages/com.diversion.vcs/Editor/Api/Generated/AgentApi/Client/WebRequestPathBuilder.cs"
"Packages/com.diversion.vcs/Editor/Api/Generated/AgentApi/Model/AbstractOpenAPISchema.cs"
"Packages/com.diversion.vcs/Editor/Api/Generated/AgentApi/Model/AuthNotification.cs"
"Packages/com.diversion.vcs/Editor/Api/Generated/AgentApi/Model/BinaryArchiveJob.cs"
"Packages/com.diversion.vcs/Editor/Api/Generated/AgentApi/Model/BinaryArchiveJobList.cs"
"Packages/com.diversion.vcs/Editor/Api/Generated/AgentApi/Model/BinaryArchiveJobPhase.cs"
"Packages/com.diversion.vcs/Editor/Api/Generated/AgentApi/Model/BinaryArchiveJobStatus.cs"
"Packages/com.diversion.vcs/Editor/Api/Generated/AgentApi/Model/BinaryArchiveUnpackEntry.cs"
"Packages/com.diversion.vcs/Editor/Api/Generated/AgentApi/Model/BlobCacheEntry.cs"
"Packages/com.diversion.vcs/Editor/Api/Generated/AgentApi/Model/CleanIgnored200Response.cs"
"Packages/com.diversion.vcs/Editor/Api/Generated/AgentApi/Model/CloneRepo.cs"
"Packages/com.diversion.vcs/Editor/Api/Generated/AgentApi/Model/CommitBlockInfo.cs"
"Packages/com.diversion.vcs/Editor/Api/Generated/AgentApi/Model/CommitPaymentRequired.cs"
"Packages/com.diversion.vcs/Editor/Api/Generated/AgentApi/Model/CommitRejected.cs"
"Packages/com.diversion.vcs/Editor/Api/Generated/AgentApi/Model/CommitRequest.cs"
"Packages/com.diversion.vcs/Editor/Api/Generated/AgentApi/Model/CommitResult.cs"
"Packages/com.diversion.vcs/Editor/Api/Generated/AgentApi/Model/CoreAccessToken200Response.cs"
"Packages/com.diversion.vcs/Editor/Api/Generated/AgentApi/Model/CoreApiCredentials.cs"
"Packages/com.diversion.vcs/Editor/Api/Generated/AgentApi/Model/CreateSlothbotSessionRequest.cs"
"Packages/com.diversion.vcs/Editor/Api/Generated/AgentApi/Model/DirectionalThrottleConfig.cs"
"Packages/com.diversion.vcs/Editor/Api/Generated/AgentApi/Model/Error.cs"
"Packages/com.diversion.vcs/Editor/Api/Generated/AgentApi/Model/FetchBinaryArchiveRequest.cs"
"Packages/com.diversion.vcs/Editor/Api/Generated/AgentApi/Model/FileEntry.cs"
"Packages/com.diversion.vcs/Editor/Api/Generated/AgentApi/Model/FileMode.cs"
"Packages/com.diversion.vcs/Editor/Api/Generated/AgentApi/Model/FileStatusAggregation.cs"
"Packages/com.diversion.vcs/Editor/Api/Generated/AgentApi/Model/FileSyncStatus.cs"
"Packages/com.diversion.vcs/Editor/Api/Generated/AgentApi/Model/GetLocalConflicts200Response.cs"
"Packages/com.diversion.vcs/Editor/Api/Generated/AgentApi/Model/HookResult.cs"
"Packages/com.diversion.vcs/Editor/Api/Generated/AgentApi/Model/InitRepo.cs"
"Packages/com.diversion.vcs/Editor/Api/Generated/AgentApi/Model/InternalState.cs"
"Packages/com.diversion.vcs/Editor/Api/Generated/AgentApi/Model/IsAlive200Response.cs"
"Packages/com.diversion.vcs/Editor/Api/Generated/AgentApi/Model/LastAppliedChanges.cs"
"Packages/com.diversion.vcs/Editor/Api/Generated/AgentApi/Model/ListDir200Response.cs"
"Packages/com.diversion.vcs/Editor/Api/Generated/AgentApi/Model/ListDirRequest.cs"
"Packages/com.diversion.vcs/Editor/Api/Generated/AgentApi/Model/LoadDirection.cs"
"Packages/com.diversion.vcs/Editor/Api/Generated/AgentApi/Model/ObjectStatus.cs"
"Packages/com.diversion.vcs/Editor/Api/Generated/AgentApi/Model/OpenLocalWorkspaceRequest.cs"
"Packages/com.diversion.vcs/Editor/Api/Generated/AgentApi/Model/OpenWorkspaceFileParams.cs"
"Packages/com.diversion.vcs/Editor/Api/Generated/AgentApi/Model/ProgressStatus.cs"
"Packages/com.diversion.vcs/Editor/Api/Generated/AgentApi/Model/PublishBinaryArchiveRequest.cs"
"Packages/com.diversion.vcs/Editor/Api/Generated/AgentApi/Model/Reference.cs"
"Packages/com.diversion.vcs/Editor/Api/Generated/AgentApi/Model/RepoInitResponse.cs"
"Packages/com.diversion.vcs/Editor/Api/Generated/AgentApi/Model/SlothbotChatCompletionChoice.cs"
"Packages/com.diversion.vcs/Editor/Api/Generated/AgentApi/Model/SlothbotChatCompletionRequest.cs"
"Packages/com.diversion.vcs/Editor/Api/Generated/AgentApi/Model/SlothbotChatCompletionResponse.cs"
"Packages/com.diversion.vcs/Editor/Api/Generated/AgentApi/Model/SlothbotChatCompletionUsage.cs"
"Packages/com.diversion.vcs/Editor/Api/Generated/AgentApi/Model/SlothbotChatMessage.cs"
"Packages/com.diversion.vcs/Editor/Api/Generated/AgentApi/Model/SlothbotChatMessageContent.cs"
"Packages/com.diversion.vcs/Editor/Api/Generated/AgentApi/Model/SlothbotContentPart.cs"
"Packages/com.diversion.vcs/Editor/Api/Generated/AgentApi/Model/SlothbotImageUrl.cs"
"Packages/com.diversion.vcs/Editor/Api/Generated/AgentApi/Model/SlothbotMessage.cs"
"Packages/com.diversion.vcs/Editor/Api/Generated/AgentApi/Model/SlothbotMessageList.cs"
"Packages/com.diversion.vcs/Editor/Api/Generated/AgentApi/Model/SlothbotMessageRequest.cs"
"Packages/com.diversion.vcs/Editor/Api/Generated/AgentApi/Model/SlothbotModelList.cs"
"Packages/com.diversion.vcs/Editor/Api/Generated/AgentApi/Model/SlothbotModelListDataInner.cs"
"Packages/com.diversion.vcs/Editor/Api/Generated/AgentApi/Model/SlothbotSession.cs"
"Packages/com.diversion.vcs/Editor/Api/Generated/AgentApi/Model/SlothbotSessionList.cs"
"Packages/com.diversion.vcs/Editor/Api/Generated/AgentApi/Model/SlothbotSessionStatus.cs"
"Packages/com.diversion.vcs/Editor/Api/Generated/AgentApi/Model/SlothbotStatus.cs"
"Packages/com.diversion.vcs/Editor/Api/Generated/AgentApi/Model/SlothbotTool.cs"
"Packages/com.diversion.vcs/Editor/Api/Generated/AgentApi/Model/SlothbotToolCall.cs"
"Packages/com.diversion.vcs/Editor/Api/Generated/AgentApi/Model/SlothbotToolCallFunction.cs"
"Packages/com.diversion.vcs/Editor/Api/Generated/AgentApi/Model/SlothbotToolFunctionDefinition.cs"
"Packages/com.diversion.vcs/Editor/Api/Generated/AgentApi/Model/SlothbotToolKind.cs"
"Packages/com.diversion.vcs/Editor/Api/Generated/AgentApi/Model/SlothbotToolPermissions.cs"
"Packages/com.diversion.vcs/Editor/Api/Generated/AgentApi/Model/StartProfilingRequest.cs"
"Packages/com.diversion.vcs/Editor/Api/Generated/AgentApi/Model/StopProfiling200Response.cs"
"Packages/com.diversion.vcs/Editor/Api/Generated/AgentApi/Model/SupportBundle.cs"
"Packages/com.diversion.vcs/Editor/Api/Generated/AgentApi/Model/SupportBundleExtraInfoInner.cs"
"Packages/com.diversion.vcs/Editor/Api/Generated/AgentApi/Model/SupportBundleResponse.cs"
"Packages/com.diversion.vcs/Editor/Api/Generated/AgentApi/Model/ThrottleConfig.cs"
"Packages/com.diversion.vcs/Editor/Api/Generated/AgentApi/Model/ThrottleMode.cs"
"Packages/com.diversion.vcs/Editor/Api/Generated/AgentApi/Model/UserErrors.cs"
"Packages/com.diversion.vcs/Editor/Api/Generated/AgentApi/Model/VerifyNoIgnored200Response.cs"
"Packages/com.diversion.vcs/Editor/Api/Generated/AgentApi/Model/WorkspaceConfiguration.cs"
"Packages/com.diversion.vcs/Editor/Api/Generated/AgentApi/Model/WorkspaceDefinition.cs"
"Packages/com.diversion.vcs/Editor/Api/Generated/AgentApi/Model/WorkspaceJournalID.cs"
"Packages/com.diversion.vcs/Editor/Api/Generated/AgentApi/Model/WorkspaceStatus.cs"
"Packages/com.diversion.vcs/Editor/Api/Generated/AgentApi/Model/WorkspaceStatusItems.cs"
"Packages/com.diversion.vcs/Editor/Api/Generated/AgentApi/Model/WorkspaceSyncProgress.cs"
"Packages/com.diversion.vcs/Editor/Api/Generated/AgentApi/Model/WorkspaceSyncProgressErrorPathsInner.cs"
"Packages/com.diversion.vcs/Editor/Api/Generated/AgentApi/Model/WorkspaceSyncProgressFileStats.cs"
"Packages/com.diversion.vcs/Editor/Api/Generated/AgentApi/Model/WorkspaceSyncStatus.cs"
"Packages/com.diversion.vcs/Editor/Api/Generated/CoreApi/Client/ApiClient.cs"
"Packages/com.diversion.vcs/Editor/Api/Generated/CoreApi/Client/ApiException.cs"
"Packages/com.diversion.vcs/Editor/Api/Generated/CoreApi/Client/ApiResponse.cs"
"Packages/com.diversion.vcs/Editor/Api/Generated/CoreApi/Client/ClientUtils.cs"
"Packages/com.diversion.vcs/Editor/Api/Generated/CoreApi/Client/Configuration.cs"
"Packages/com.diversion.vcs/Editor/Api/Generated/CoreApi/Client/ConnectionException.cs"
"Packages/com.diversion.vcs/Editor/Api/Generated/CoreApi/Client/ExceptionFactory.cs"
"Packages/com.diversion.vcs/Editor/Api/Generated/CoreApi/Client/GlobalConfiguration.cs"
"Packages/com.diversion.vcs/Editor/Api/Generated/CoreApi/Client/IApiAccessor.cs"
"Packages/com.diversion.vcs/Editor/Api/Generated/CoreApi/Client/IAsynchronousClient.cs"
"Packages/com.diversion.vcs/Editor/Api/Generated/CoreApi/Client/IReadableConfiguration.cs"
"Packages/com.diversion.vcs/Editor/Api/Generated/CoreApi/Client/ISynchronousClient.cs"
"Packages/com.diversion.vcs/Editor/Api/Generated/CoreApi/Client/Multimap.cs"
"Packages/com.diversion.vcs/Editor/Api/Generated/CoreApi/Client/OpenAPIDateConverter.cs"
"Packages/com.diversion.vcs/Editor/Api/Generated/CoreApi/Client/RequestOptions.cs"
"Packages/com.diversion.vcs/Editor/Api/Generated/CoreApi/Client/UnexpectedResponseException.cs"
"Packages/com.diversion.vcs/Editor/Api/Generated/CoreApi/Client/WebRequestPathBuilder.cs"
"Packages/com.diversion.vcs/Editor/Api/Generated/CoreApi/Model/AbortMultipartUpload.cs"
"Packages/com.diversion.vcs/Editor/Api/Generated/CoreApi/Model/AbstractOpenAPISchema.cs"
"Packages/com.diversion.vcs/Editor/Api/Generated/CoreApi/Model/AccessMode.cs"
"Packages/com.diversion.vcs/Editor/Api/Generated/CoreApi/Model/AddCommentPayload.cs"
"Packages/com.diversion.vcs/Editor/Api/Generated/CoreApi/Model/AddGroupMemberRequest.cs"
"Packages/com.diversion.vcs/Editor/Api/Generated/CoreApi/Model/AgentInputPayload.cs"
"Packages/com.diversion.vcs/Editor/Api/Generated/CoreApi/Model/AgentMessage.cs"
"Packages/com.diversion.vcs/Editor/Api/Generated/CoreApi/Model/AgentMessageList.cs"
"Packages/com.diversion.vcs/Editor/Api/Generated/CoreApi/Model/AgentSession.cs"
"Packages/com.diversion.vcs/Editor/Api/Generated/CoreApi/Model/AgentSessionList.cs"
"Packages/com.diversion.vcs/Editor/Api/Generated/CoreApi/Model/AnalyticsEvent.cs"
"Packages/com.diversion.vcs/Editor/Api/Generated/CoreApi/Model/AnalyticsEvents.cs"
"Packages/com.diversion.vcs/Editor/Api/Generated/CoreApi/Model/AnalyticsIdentify.cs"
"Packages/com.diversion.vcs/Editor/Api/Generated/CoreApi/Model/AppendTranscriptPayload.cs"
"Packages/com.diversion.vcs/Editor/Api/Generated/CoreApi/Model/ApplyShelf.cs"
"Packages/com.diversion.vcs/Editor/Api/Generated/CoreApi/Model/AskQueryPayload.cs"
"Packages/com.diversion.vcs/Editor/Api/Generated/CoreApi/Model/AsyncResponse.cs"
"Packages/com.diversion.vcs/Editor/Api/Generated/CoreApi/Model/AuthorInfo.cs"
"Packages/com.diversion.vcs/Editor/Api/Generated/CoreApi/Model/BatchPermissionItem.cs"
"Packages/com.diversion.vcs/Editor/Api/Generated/CoreApi/Model/BatchUpdateGranularPermissions.cs"
"Packages/com.diversion.vcs/Editor/Api/Generated/CoreApi/Model/BillingSession.cs"
"Packages/com.diversion.vcs/Editor/Api/Generated/CoreApi/Model/BinaryArchive.cs"
"Packages/com.diversion.vcs/Editor/Api/Generated/CoreApi/Model/BinaryArchiveList.cs"
"Packages/com.diversion.vcs/Editor/Api/Generated/CoreApi/Model/BinaryArchiveUnpackEntry.cs"
"Packages/com.diversion.vcs/Editor/Api/Generated/CoreApi/Model/BlameRange.cs"
"Packages/com.diversion.vcs/Editor/Api/Generated/CoreApi/Model/BlameStreamEvent.cs"
"Packages/com.diversion.vcs/Editor/Api/Generated/CoreApi/Model/BlobCacheEntry.cs"
"Packages/com.diversion.vcs/Editor/Api/Generated/CoreApi/Model/BlobDiffResult.cs"
"Packages/com.diversion.vcs/Editor/Api/Generated/CoreApi/Model/BlobExistingUrl.cs"
"Packages/com.diversion.vcs/Editor/Api/Generated/CoreApi/Model/BlobLocation.cs"
"Packages/com.diversion.vcs/Editor/Api/Generated/CoreApi/Model/BlobMetadata.cs"
"Packages/com.diversion.vcs/Editor/Api/Generated/CoreApi/Model/BlobMultipartUploadUrl.cs"
"Packages/com.diversion.vcs/Editor/Api/Generated/CoreApi/Model/BlobSingleOrMultipartUploadUrl.cs"
"Packages/com.diversion.vcs/Editor/Api/Generated/CoreApi/Model/BlobUploadBatchRequest.cs"
"Packages/com.diversion.vcs/Editor/Api/Generated/CoreApi/Model/BlobUploadBatchRequestEntry.cs"
"Packages/com.diversion.vcs/Editor/Api/Generated/CoreApi/Model/BlobUploadBatchResponse.cs"
"Packages/com.diversion.vcs/Editor/Api/Generated/CoreApi/Model/BlobUploadUrl.cs"
"Packages/com.diversion.vcs/Editor/Api/Generated/CoreApi/Model/BlobUploadUrlForDigest.cs"
"Packages/com.diversion.vcs/Editor/Api/Generated/CoreApi/Model/Branch.cs"
"Packages/com.diversion.vcs/Editor/Api/Generated/CoreApi/Model/BranchLockingConfig.cs"
"Packages/com.diversion.vcs/Editor/Api/Generated/CoreApi/Model/BranchProtectionConfig.cs"
"Packages/com.diversion.vcs/Editor/Api/Generated/CoreApi/Model/ChangeRoleRequest.cs"
"Packages/com.diversion.vcs/Editor/Api/Generated/CoreApi/Model/CheckpointList.cs"
"Packages/com.diversion.vcs/Editor/Api/Generated/CoreApi/Model/ClientUpdate.cs"
"Packages/com.diversion.vcs/Editor/Api/Generated/CoreApi/Model/ClientUpdateResult.cs"
"Packages/com.diversion.vcs/Editor/Api/Generated/CoreApi/Model/ClientUpdateResults.cs"
"Packages/com.diversion.vcs/Editor/Api/Generated/CoreApi/Model/ClientUpdates.cs"
"Packages/com.diversion.vcs/Editor/Api/Generated/CoreApi/Model/CollaborationInvite.cs"
"Packages/com.diversion.vcs/Editor/Api/Generated/CoreApi/Model/CollaborationInviteRequest.cs"
"Packages/com.diversion.vcs/Editor/Api/Generated/CoreApi/Model/CollaborationRequest.cs"
"Packages/com.diversion.vcs/Editor/Api/Generated/CoreApi/Model/Collaborator.cs"
"Packages/com.diversion.vcs/Editor/Api/Generated/CoreApi/Model/Commit.cs"
"Packages/com.diversion.vcs/Editor/Api/Generated/CoreApi/Model/CommitAsDraftRequest.cs"
"Packages/com.diversion.vcs/Editor/Api/Generated/CoreApi/Model/CommitAsDraftResponse.cs"
"Packages/com.diversion.vcs/Editor/Api/Generated/CoreApi/Model/CommitBlockInfo.cs"
"Packages/com.diversion.vcs/Editor/Api/Generated/CoreApi/Model/CommitId.cs"
"Packages/com.diversion.vcs/Editor/Api/Generated/CoreApi/Model/CommitMessage.cs"
"Packages/com.diversion.vcs/Editor/Api/Generated/CoreApi/Model/CommitOnBehalfRequest.cs"
"Packages/com.diversion.vcs/Editor/Api/Generated/CoreApi/Model/CommitPaymentResponse.cs"
"Packages/com.diversion.vcs/Editor/Api/Generated/CoreApi/Model/CommitRequest.cs"
"Packages/com.diversion.vcs/Editor/Api/Generated/CoreApi/Model/CommitTranscript.cs"
"Packages/com.diversion.vcs/Editor/Api/Generated/CoreApi/Model/ComparisonItem.cs"
"Packages/com.diversion.vcs/Editor/Api/Generated/CoreApi/Model/CompletedMultipartUpload.cs"
"Packages/com.diversion.vcs/Editor/Api/Generated/CoreApi/Model/CompletedPart.cs"
"Packages/com.diversion.vcs/Editor/Api/Generated/CoreApi/Model/ConfigurationResponse.cs"
"Packages/com.diversion.vcs/Editor/Api/Generated/CoreApi/Model/Conflict.cs"
"Packages/com.diversion.vcs/Editor/Api/Generated/CoreApi/Model/ConflictIndex.cs"
"Packages/com.diversion.vcs/Editor/Api/Generated/CoreApi/Model/ContentGenerateRequest.cs"
"Packages/com.diversion.vcs/Editor/Api/Generated/CoreApi/Model/ContentGenerateResponse.cs"
"Packages/com.diversion.vcs/Editor/Api/Generated/CoreApi/Model/CreateAgentSessionPayload.cs"
"Packages/com.diversion.vcs/Editor/Api/Generated/CoreApi/Model/CreateCheckpointPayload.cs"
"Packages/com.diversion.vcs/Editor/Api/Generated/CoreApi/Model/CreateGranularPermission.cs"
"Packages/com.diversion.vcs/Editor/Api/Generated/CoreApi/Model/CreateGroupRequest.cs"
"Packages/com.diversion.vcs/Editor/Api/Generated/CoreApi/Model/CreateOrganization.cs"
"Packages/com.diversion.vcs/Editor/Api/Generated/CoreApi/Model/CreateReviewPayload.cs"
"Packages/com.diversion.vcs/Editor/Api/Generated/CoreApi/Model/CreateShelf.cs"
"Packages/com.diversion.vcs/Editor/Api/Generated/CoreApi/Model/CreateTag.cs"
"Packages/com.diversion.vcs/Editor/Api/Generated/CoreApi/Model/CreateWebhookRequest.cs"
"Packages/com.diversion.vcs/Editor/Api/Generated/CoreApi/Model/CustomPKCELoginRequest.cs"
"Packages/com.diversion.vcs/Editor/Api/Generated/CoreApi/Model/CustomPKCELoginResponse.cs"
"Packages/com.diversion.vcs/Editor/Api/Generated/CoreApi/Model/CustomRedirectResponse.cs"
"Packages/com.diversion.vcs/Editor/Api/Generated/CoreApi/Model/DeleteAccountBlocker.cs"
"Packages/com.diversion.vcs/Editor/Api/Generated/CoreApi/Model/DeleteAccountBlockers.cs"
"Packages/com.diversion.vcs/Editor/Api/Generated/CoreApi/Model/DetailedMerge.cs"
"Packages/com.diversion.vcs/Editor/Api/Generated/CoreApi/Model/DiffSide.cs"
"Packages/com.diversion.vcs/Editor/Api/Generated/CoreApi/Model/DownloadUrl.cs"
"Packages/com.diversion.vcs/Editor/Api/Generated/CoreApi/Model/DraftCommit.cs"
"Packages/com.diversion.vcs/Editor/Api/Generated/CoreApi/Model/EmailInviteSummary.cs"
"Packages/com.diversion.vcs/Editor/Api/Generated/CoreApi/Model/EnterpriseLoginResponse.cs"
"Packages/com.diversion.vcs/Editor/Api/Generated/CoreApi/Model/Error.cs"
"Packages/com.diversion.vcs/Editor/Api/Generated/CoreApi/Model/ErrorReport.cs"
"Packages/com.diversion.vcs/Editor/Api/Generated/CoreApi/Model/FailedCommitPaths.cs"
"Packages/com.diversion.vcs/Editor/Api/Generated/CoreApi/Model/Features.cs"
"Packages/com.diversion.vcs/Editor/Api/Generated/CoreApi/Model/FileBlame.cs"
"Packages/com.diversion.vcs/Editor/Api/Generated/CoreApi/Model/FileEntry.cs"
"Packages/com.diversion.vcs/Editor/Api/Generated/CoreApi/Model/FileEntryBlob.cs"
"Packages/com.diversion.vcs/Editor/Api/Generated/CoreApi/Model/FileHistoryEntry.cs"
"Packages/com.diversion.vcs/Editor/Api/Generated/CoreApi/Model/FileLock.cs"
"Packages/com.diversion.vcs/Editor/Api/Generated/CoreApi/Model/FileLockList.cs"
"Packages/com.diversion.vcs/Editor/Api/Generated/CoreApi/Model/FileMode.cs"
"Packages/com.diversion.vcs/Editor/Api/Generated/CoreApi/Model/FilePatternList.cs"
"Packages/com.diversion.vcs/Editor/Api/Generated/CoreApi/Model/FilePatternMatchResult.cs"
"Packages/com.diversion.vcs/Editor/Api/Generated/CoreApi/Model/GitRepoImport.cs"
"Packages/com.diversion.vcs/Editor/Api/Generated/CoreApi/Model/GitSyncLevel.cs"
"Packages/com.diversion.vcs/Editor/Api/Generated/CoreApi/Model/GitSyncRepoByRemoteResponse.cs"
"Packages/com.diversion.vcs/Editor/Api/Generated/CoreApi/Model/GranularPermission.cs"
"Packages/com.diversion.vcs/Editor/Api/Generated/CoreApi/Model/GranularPermissionType.cs"
"Packages/com.diversion.vcs/Editor/Api/Generated/CoreApi/Model/Group.cs"
"Packages/com.diversion.vcs/Editor/Api/Generated/CoreApi/Model/GroupData.cs"
"Packages/com.diversion.vcs/Editor/Api/Generated/CoreApi/Model/GroupMember.cs"
"Packages/com.diversion.vcs/Editor/Api/Generated/CoreApi/Model/GroupMemberRole.cs"
"Packages/com.diversion.vcs/Editor/Api/Generated/CoreApi/Model/GroupMemberWithUser.cs"
"Packages/com.diversion.vcs/Editor/Api/Generated/CoreApi/Model/InviteStatus.cs"
"Packages/com.diversion.vcs/Editor/Api/Generated/CoreApi/Model/InvitingUserInfo.cs"
"Packages/com.diversion.vcs/Editor/Api/Generated/CoreApi/Model/JournalEntry.cs"
"Packages/com.diversion.vcs/Editor/Api/Generated/CoreApi/Model/JournalEvent.cs"
"Packages/com.diversion.vcs/Editor/Api/Generated/CoreApi/Model/KnownDigestsResponse.cs"
"Packages/com.diversion.vcs/Editor/Api/Generated/CoreApi/Model/ListDraftCommitsResponse.cs"
"Packages/com.diversion.vcs/Editor/Api/Generated/CoreApi/Model/LockStatus.cs"
"Packages/com.diversion.vcs/Editor/Api/Generated/CoreApi/Model/MembershipInfo.cs"
"Packages/com.diversion.vcs/Editor/Api/Generated/CoreApi/Model/Merge.cs"
"Packages/com.diversion.vcs/Editor/Api/Generated/CoreApi/Model/MergeId.cs"
"Packages/com.diversion.vcs/Editor/Api/Generated/CoreApi/Model/MergeRequestResponse.cs"
"Packages/com.diversion.vcs/Editor/Api/Generated/CoreApi/Model/MfaChallengeResponse.cs"
"Packages/com.diversion.vcs/Editor/Api/Generated/CoreApi/Model/MfaCodeRequest.cs"
"Packages/com.diversion.vcs/Editor/Api/Generated/CoreApi/Model/ModifyGranularPermission.cs"
"Packages/com.diversion.vcs/Editor/Api/Generated/CoreApi/Model/ModifyTag.cs"
"Packages/com.diversion.vcs/Editor/Api/Generated/CoreApi/Model/NeedLogsOutput.cs"
"Packages/com.diversion.vcs/Editor/Api/Generated/CoreApi/Model/NewBranch.cs"
"Packages/com.diversion.vcs/Editor/Api/Generated/CoreApi/Model/NewCommit.cs"
"Packages/com.diversion.vcs/Editor/Api/Generated/CoreApi/Model/NewRepo.cs"
"Packages/com.diversion.vcs/Editor/Api/Generated/CoreApi/Model/NewRepoRequest.cs"
"Packages/com.diversion.vcs/Editor/Api/Generated/CoreApi/Model/NewResourceId.cs"
"Packages/com.diversion.vcs/Editor/Api/Generated/CoreApi/Model/NewWorkspace.cs"
"Packages/com.diversion.vcs/Editor/Api/Generated/CoreApi/Model/Notification.cs"
"Packages/com.diversion.vcs/Editor/Api/Generated/CoreApi/Model/NotificationList.cs"
"Packages/com.diversion.vcs/Editor/Api/Generated/CoreApi/Model/ObjectStatus.cs"
"Packages/com.diversion.vcs/Editor/Api/Generated/CoreApi/Model/ObliterateCounts.cs"
"Packages/com.diversion.vcs/Editor/Api/Generated/CoreApi/Model/ObliterateRequest.cs"
"Packages/com.diversion.vcs/Editor/Api/Generated/CoreApi/Model/ObliterateResponse.cs"
"Packages/com.diversion.vcs/Editor/Api/Generated/CoreApi/Model/ObliterateTopObject.cs"
"Packages/com.diversion.vcs/Editor/Api/Generated/CoreApi/Model/OnboardingData.cs"
"Packages/com.diversion.vcs/Editor/Api/Generated/CoreApi/Model/Organization.cs"
"Packages/com.diversion.vcs/Editor/Api/Generated/CoreApi/Model/OrganizationBasicInfo.cs"
"Packages/com.diversion.vcs/Editor/Api/Generated/CoreApi/Model/OrganizationInvite.cs"
"Packages/com.diversion.vcs/Editor/Api/Generated/CoreApi/Model/OrganizationInviteList.cs"
"Packages/com.diversion.vcs/Editor/Api/Generated/CoreApi/Model/OrganizationInviteRequest.cs"
"Packages/com.diversion.vcs/Editor/Api/Generated/CoreApi/Model/OrganizationMember.cs"
"Packages/com.diversion.vcs/Editor/Api/Generated/CoreApi/Model/OrganizationMemberData.cs"
"Packages/com.diversion.vcs/Editor/Api/Generated/CoreApi/Model/OrganizationPreferencesPayload.cs"
"Packages/com.diversion.vcs/Editor/Api/Generated/CoreApi/Model/OrganizationSubscriptionInfo.cs"
"Packages/com.diversion.vcs/Editor/Api/Generated/CoreApi/Model/OrganizationSubscriptionInfoList.cs"
"Packages/com.diversion.vcs/Editor/Api/Generated/CoreApi/Model/P4BatchInsertResult.cs"
"Packages/com.diversion.vcs/Editor/Api/Generated/CoreApi/Model/P4BlobFailureKey.cs"
"Packages/com.diversion.vcs/Editor/Api/Generated/CoreApi/Model/P4BlobImportCheckpoint.cs"
"Packages/com.diversion.vcs/Editor/Api/Generated/CoreApi/Model/P4BlobImportCheckpointUpdate.cs"
"Packages/com.diversion.vcs/Editor/Api/Generated/CoreApi/Model/P4BlobImportFailure.cs"
"Packages/com.diversion.vcs/Editor/Api/Generated/CoreApi/Model/P4BlobImportPlan.cs"
"Packages/com.diversion.vcs/Editor/Api/Generated/CoreApi/Model/P4BlobImportPlanEntry.cs"
"Packages/com.diversion.vcs/Editor/Api/Generated/CoreApi/Model/P4BlobPhaseStats.cs"
"Packages/com.diversion.vcs/Editor/Api/Generated/CoreApi/Model/P4BlobRequestFulfillment.cs"
"Packages/com.diversion.vcs/Editor/Api/Generated/CoreApi/Model/P4BlobRequestFulfillmentEntry.cs"
"Packages/com.diversion.vcs/Editor/Api/Generated/CoreApi/Model/P4BlobRequestFulfillmentResult.cs"
"Packages/com.diversion.vcs/Editor/Api/Generated/CoreApi/Model/P4BlobRequestItem.cs"
"Packages/com.diversion.vcs/Editor/Api/Generated/CoreApi/Model/P4BlobRequestLease.cs"
"Packages/com.diversion.vcs/Editor/Api/Generated/CoreApi/Model/P4BlobRequestList.cs"
"Packages/com.diversion.vcs/Editor/Api/Generated/CoreApi/Model/P4ExportCommitResult.cs"
"Packages/com.diversion.vcs/Editor/Api/Generated/CoreApi/Model/P4ExportFileOperation.cs"
"Packages/com.diversion.vcs/Editor/Api/Generated/CoreApi/Model/P4ExportPrepareBatchRequest.cs"
"Packages/com.diversion.vcs/Editor/Api/Generated/CoreApi/Model/P4ExportPrepareBatchResponse.cs"
"Packages/com.diversion.vcs/Editor/Api/Generated/CoreApi/Model/P4ExportPreparedCommit.cs"
"Packages/com.diversion.vcs/Editor/Api/Generated/CoreApi/Model/P4ExportReportResultRequest.cs"
"Packages/com.diversion.vcs/Editor/Api/Generated/CoreApi/Model/P4ExportState.cs"
"Packages/com.diversion.vcs/Editor/Api/Generated/CoreApi/Model/P4ExportStateUpdate.cs"
"Packages/com.diversion.vcs/Editor/Api/Generated/CoreApi/Model/P4FetchProgressUpdate.cs"
"Packages/com.diversion.vcs/Editor/Api/Generated/CoreApi/Model/P4ImportJobResult.cs"
"Packages/com.diversion.vcs/Editor/Api/Generated/CoreApi/Model/P4ImportSessionCreate.cs"
"Packages/com.diversion.vcs/Editor/Api/Generated/CoreApi/Model/P4ImportSessionResponse.cs"
"Packages/com.diversion.vcs/Editor/Api/Generated/CoreApi/Model/P4ImportState.cs"
"Packages/com.diversion.vcs/Editor/Api/Generated/CoreApi/Model/P4ImportStateUpdate.cs"
"Packages/com.diversion.vcs/Editor/Api/Generated/CoreApi/Model/P4ImportStatus.cs"
"Packages/com.diversion.vcs/Editor/Api/Generated/CoreApi/Model/P4ImportStatusFetchPhase.cs"
"Packages/com.diversion.vcs/Editor/Api/Generated/CoreApi/Model/P4ImportStatusTranslatePhase.cs"
"Packages/com.diversion.vcs/Editor/Api/Generated/CoreApi/Model/P4RawChangesBatch.cs"
"Packages/com.diversion.vcs/Editor/Api/Generated/CoreApi/Model/P4RawChangesBatchChangesInner.cs"
"Packages/com.diversion.vcs/Editor/Api/Generated/CoreApi/Model/P4RawDataBatch.cs"
"Packages/com.diversion.vcs/Editor/Api/Generated/CoreApi/Model/P4RawRevisionsBatch.cs"
"Packages/com.diversion.vcs/Editor/Api/Generated/CoreApi/Model/P4RawRevisionsBatchRevisionsInner.cs"
"Packages/com.diversion.vcs/Editor/Api/Generated/CoreApi/Model/P4RawRevisionsBatchRevisionsInnerRevisionData.cs"
"Packages/com.diversion.vcs/Editor/Api/Generated/CoreApi/Model/P4RawRevisionsBatchRevisionsInnerRevisionDataIntegrationsInner.cs"
"Packages/com.diversion.vcs/Editor/Api/Generated/CoreApi/Model/P4Revision.cs"
"Packages/com.diversion.vcs/Editor/Api/Generated/CoreApi/Model/P4RevisionData.cs"
"Packages/com.diversion.vcs/Editor/Api/Generated/CoreApi/Model/P4TranslateError.cs"
"Packages/com.diversion.vcs/Editor/Api/Generated/CoreApi/Model/P4TranslateRequest.cs"
"Packages/com.diversion.vcs/Editor/Api/Generated/CoreApi/Model/P4TranslateResult.cs"
"Packages/com.diversion.vcs/Editor/Api/Generated/CoreApi/Model/P4User.cs"
"Packages/com.diversion.vcs/Editor/Api/Generated/CoreApi/Model/PaginatedGroupList.cs"
"Packages/com.diversion.vcs/Editor/Api/Generated/CoreApi/Model/PaginatedGroupMemberList.cs"
"Packages/com.diversion.vcs/Editor/Api/Generated/CoreApi/Model/PaginatedOrganizationInviteList.cs"
"Packages/com.diversion.vcs/Editor/Api/Generated/CoreApi/Model/PaginatedOrganizationMemberList.cs"
"Packages/com.diversion.vcs/Editor/Api/Generated/CoreApi/Model/ParentBranchInfo.cs"
"Packages/com.diversion.vcs/Editor/Api/Generated/CoreApi/Model/PartNumberToUrl.cs"
"Packages/com.diversion.vcs/Editor/Api/Generated/CoreApi/Model/PathAccessLevel.cs"
"Packages/com.diversion.vcs/Editor/Api/Generated/CoreApi/Model/PresignedUploadUrl.cs"
"Packages/com.diversion.vcs/Editor/Api/Generated/CoreApi/Model/PresignedUploadUrlFields.cs"
"Packages/com.diversion.vcs/Editor/Api/Generated/CoreApi/Model/Reaction.cs"
"Packages/com.diversion.vcs/Editor/Api/Generated/CoreApi/Model/RecommendationRequest.cs"
"Packages/com.diversion.vcs/Editor/Api/Generated/CoreApi/Model/ReconcileGitShaPayload.cs"
"Packages/com.diversion.vcs/Editor/Api/Generated/CoreApi/Model/ReconcileGitShaResponse.cs"
"Packages/com.diversion.vcs/Editor/Api/Generated/CoreApi/Model/ReconcileGitShaStatus.cs"
"Packages/com.diversion.vcs/Editor/Api/Generated/CoreApi/Model/RefFileStatus.cs"
"Packages/com.diversion.vcs/Editor/Api/Generated/CoreApi/Model/RefsFileStatus.cs"
"Packages/com.diversion.vcs/Editor/Api/Generated/CoreApi/Model/RefsFilesStatus.cs"
"Packages/com.diversion.vcs/Editor/Api/Generated/CoreApi/Model/RenameOrganizationPayload.cs"
"Packages/com.diversion.vcs/Editor/Api/Generated/CoreApi/Model/RenameRepoRequest.cs"
"Packages/com.diversion.vcs/Editor/Api/Generated/CoreApi/Model/Repo.cs"
"Packages/com.diversion.vcs/Editor/Api/Generated/CoreApi/Model/RepoInvite.cs"
"Packages/com.diversion.vcs/Editor/Api/Generated/CoreApi/Model/RepoInviteList.cs"
"Packages/com.diversion.vcs/Editor/Api/Generated/CoreApi/Model/RepoTransfer.cs"
"Packages/com.diversion.vcs/Editor/Api/Generated/CoreApi/Model/RepoTransferIncomingMember.cs"
"Packages/com.diversion.vcs/Editor/Api/Generated/CoreApi/Model/RepoTransferList.cs"
"Packages/com.diversion.vcs/Editor/Api/Generated/CoreApi/Model/RepositoryInviteDetail.cs"
"Packages/com.diversion.vcs/Editor/Api/Generated/CoreApi/Model/ResetStatus.cs"
"Packages/com.diversion.vcs/Editor/Api/Generated/CoreApi/Model/Review.cs"
"Packages/com.diversion.vcs/Editor/Api/Generated/CoreApi/Model/ReviewComment.cs"
"Packages/com.diversion.vcs/Editor/Api/Generated/CoreApi/Model/ReviewerStatus.cs"
"Packages/com.diversion.vcs/Editor/Api/Generated/CoreApi/Model/RevokeInvitesRequest.cs"
"Packages/com.diversion.vcs/Editor/Api/Generated/CoreApi/Model/SetDefaultBranchRequest.cs"
"Packages/com.diversion.vcs/Editor/Api/Generated/CoreApi/Model/Shelf.cs"
"Packages/com.diversion.vcs/Editor/Api/Generated/CoreApi/Model/SrcHandlersAuthFetchCode200Response.cs"
"Packages/com.diversion.vcs/Editor/Api/Generated/CoreApi/Model/SrcHandlersAuthGithubJwks200Response.cs"
"Packages/com.diversion.vcs/Editor/Api/Generated/CoreApi/Model/SrcHandlersAuthGithubTokenProxy200Response.cs"
"Packages/com.diversion.vcs/Editor/Api/Generated/CoreApi/Model/SrcHandlersAuthGithubUserinfoProxy200Response.cs"
"Packages/com.diversion.vcs/Editor/Api/Generated/CoreApi/Model/SrcHandlersCollaborationListCollaborators200Response.cs"
"Packages/com.diversion.vcs/Editor/Api/Generated/CoreApi/Model/SrcHandlersIntegrationsIntercomHandleSupportBundleRequestRequest.cs"
"Packages/com.diversion.vcs/Editor/Api/Generated/CoreApi/Model/SrcHandlersv2BlobDiffBlobDiffRequest.cs"
"Packages/com.diversion.vcs/Editor/Api/Generated/CoreApi/Model/SrcHandlersv2BranchListAll200Response.cs"
"Packages/com.diversion.vcs/Editor/Api/Generated/CoreApi/Model/SrcHandlersv2BranchPatchRequest.cs"
"Packages/com.diversion.vcs/Editor/Api/Generated/CoreApi/Model/SrcHandlersv2CommitCountChanges200Response.cs"
"Packages/com.diversion.vcs/Editor/Api/Generated/CoreApi/Model/SrcHandlersv2CommitGetObjectHistory200Response.cs"
"Packages/com.diversion.vcs/Editor/Api/Generated/CoreApi/Model/SrcHandlersv2CommitListAll200Response.cs"
"Packages/com.diversion.vcs/Editor/Api/Generated/CoreApi/Model/SrcHandlersv2FilesCreateOrUpdateFile202Response.cs"
"Packages/com.diversion.vcs/Editor/Api/Generated/CoreApi/Model/SrcHandlersv2MergeListOpenMerges200Response.cs"
"Packages/com.diversion.vcs/Editor/Api/Generated/CoreApi/Model/SrcHandlersv2OrganizationListAll200Response.cs"
"Packages/com.diversion.vcs/Editor/Api/Generated/CoreApi/Model/SrcHandlersv2P4ExportTriggerExport202Response.cs"
"Packages/com.diversion.vcs/Editor/Api/Generated/CoreApi/Model/SrcHandlersv2P4ImportMarkJobRunning200Response.cs"
"Packages/com.diversion.vcs/Editor/Api/Generated/CoreApi/Model/SrcHandlersv2PathPermissionListPermissions200Response.cs"
"Packages/com.diversion.vcs/Editor/Api/Generated/CoreApi/Model/SrcHandlersv2RepoListAll200Response.cs"
"Packages/com.diversion.vcs/Editor/Api/Generated/CoreApi/Model/SrcHandlersv2ReviewListAll200Response.cs"
"Packages/com.diversion.vcs/Editor/Api/Generated/CoreApi/Model/SrcHandlersv2ReviewListComments200Response.cs"
"Packages/com.diversion.vcs/Editor/Api/Generated/CoreApi/Model/SrcHandlersv2ShelfListAll200Response.cs"
"Packages/com.diversion.vcs/Editor/Api/Generated/CoreApi/Model/SrcHandlersv2ShelfPatchRequest.cs"
"Packages/com.diversion.vcs/Editor/Api/Generated/CoreApi/Model/SrcHandlersv2TagListAll200Response.cs"
"Packages/com.diversion.vcs/Editor/Api/Generated/CoreApi/Model/SrcHandlersv2TreeCompare200Response.cs"
"Packages/com.diversion.vcs/Editor/Api/Generated/CoreApi/Model/SrcHandlersv2TreeFiletree200Response.cs"
"Packages/com.diversion.vcs/Editor/Api/Generated/CoreApi/Model/SrcHandlersv2TreeSnapshotTreeSnapshot200Response.cs"
"Packages/com.diversion.vcs/Editor/Api/Generated/CoreApi/Model/SrcHandlersv2WorkspaceCherryPickRequest.cs"
"Packages/com.diversion.vcs/Editor/Api/Generated/CoreApi/Model/SrcHandlersv2WorkspaceCommitWorkspace400Response.cs"
"Packages/com.diversion.vcs/Editor/Api/Generated/CoreApi/Model/SrcHandlersv2WorkspaceForceRepair200Response.cs"
"Packages/com.diversion.vcs/Editor/Api/Generated/CoreApi/Model/SrcHandlersv2WorkspaceGetUploadingAgents200Response.cs"
"Packages/com.diversion.vcs/Editor/Api/Generated/CoreApi/Model/SrcHandlersv2WorkspaceListAllWorkspaces200Response.cs"
"Packages/com.diversion.vcs/Editor/Api/Generated/CoreApi/Model/SrcHandlersv2WorkspaceResetRequest.cs"
"Packages/com.diversion.vcs/Editor/Api/Generated/CoreApi/Model/StorageInfo.cs"
"Packages/com.diversion.vcs/Editor/Api/Generated/CoreApi/Model/SubscriptionInfo.cs"
"Packages/com.diversion.vcs/Editor/Api/Generated/CoreApi/Model/Tag.cs"
"Packages/com.diversion.vcs/Editor/Api/Generated/CoreApi/Model/TelemetryPayload.cs"
"Packages/com.diversion.vcs/Editor/Api/Generated/CoreApi/Model/Tier.cs"
"Packages/com.diversion.vcs/Editor/Api/Generated/CoreApi/Model/TierWrapper.cs"
"Packages/com.diversion.vcs/Editor/Api/Generated/CoreApi/Model/TimelineEvent.cs"
"Packages/com.diversion.vcs/Editor/Api/Generated/CoreApi/Model/TimelineEventType.cs"
"Packages/com.diversion.vcs/Editor/Api/Generated/CoreApi/Model/ToggleReactionPayload.cs"
"Packages/com.diversion.vcs/Editor/Api/Generated/CoreApi/Model/TranscriptCheckpoint.cs"
"Packages/com.diversion.vcs/Editor/Api/Generated/CoreApi/Model/TranscriptResponse.cs"
"Packages/com.diversion.vcs/Editor/Api/Generated/CoreApi/Model/TransferOwnershipRequest.cs"
"Packages/com.diversion.vcs/Editor/Api/Generated/CoreApi/Model/UpdateGroupMemberRequest.cs"
"Packages/com.diversion.vcs/Editor/Api/Generated/CoreApi/Model/UpdateGroupRequest.cs"
"Packages/com.diversion.vcs/Editor/Api/Generated/CoreApi/Model/UpdateReviewPayload.cs"
"Packages/com.diversion.vcs/Editor/Api/Generated/CoreApi/Model/UpdateReviewerStatusPayload.cs"
"Packages/com.diversion.vcs/Editor/Api/Generated/CoreApi/Model/UpdateWebhookRequest.cs"
"Packages/com.diversion.vcs/Editor/Api/Generated/CoreApi/Model/UrgencyLevel.cs"
"Packages/com.diversion.vcs/Editor/Api/Generated/CoreApi/Model/User.cs"
"Packages/com.diversion.vcs/Editor/Api/Generated/CoreApi/Model/WebhookConfiguration.cs"
"Packages/com.diversion.vcs/Editor/Api/Generated/CoreApi/Model/WebhookEventType.cs"
"Packages/com.diversion.vcs/Editor/Api/Generated/CoreApi/Model/Workspace.cs"
"Packages/com.diversion.vcs/Editor/Api/Generated/CoreApi/Model/WorkspaceAutoForwarding.cs"
"Packages/com.diversion.vcs/Editor/Api/Generated/CoreApi/Model/WorkspaceChanges.cs"
"Packages/com.diversion.vcs/Editor/Api/Generated/CoreApi/Model/WorkspaceCheckout.cs"
"Packages/com.diversion.vcs/Editor/Api/Generated/CoreApi/Model/WorkspacePreferences.cs"
"Packages/com.diversion.vcs/Editor/Api/Generated/CoreApi/Model/WorkspaceRename.cs"
"Packages/com.diversion.vcs/Editor/Api/Generated/CoreApi/Model/WorkspaceStatus.cs"
"Packages/com.diversion.vcs/Editor/Api/Generated/CoreApi/Model/WorkspaceStatusItems.cs"
"Packages/com.diversion.vcs/Editor/Api/Generated/CoreApi/Model/WorkspaceUpdates.cs"
"Packages/com.diversion.vcs/Editor/Api/IAgentApiClient.cs"
"Packages/com.diversion.vcs/Editor/Api/ICoreApiClient.cs"
"Packages/com.diversion.vcs/Editor/AssemblyInfo.cs"
"Packages/com.diversion.vcs/Editor/Config/DiversionConfig.cs"
"Packages/com.diversion.vcs/Editor/Core/AgentConnection.cs"
"Packages/com.diversion.vcs/Editor/Core/DiversionPaths.cs"
"Packages/com.diversion.vcs/Editor/Core/DiversionSettings.cs"
"Packages/com.diversion.vcs/Editor/Core/DiversionUtils.cs"
"Packages/com.diversion.vcs/Editor/Core/DiversionVersionControlProvider.cs"
"Packages/com.diversion.vcs/Editor/Core/FileState.cs"
"Packages/com.diversion.vcs/Editor/Core/Paths/AbsolutePath.cs"
"Packages/com.diversion.vcs/Editor/Core/Paths/PathContext.cs"
"Packages/com.diversion.vcs/Editor/Core/Paths/PathNormalizer.cs"
"Packages/com.diversion.vcs/Editor/Core/Paths/UnityAssetPath.cs"
"Packages/com.diversion.vcs/Editor/Core/Paths/WorkspaceRelativePath.cs"
"Packages/com.diversion.vcs/Editor/Core/PotentialClashInfo.cs"
"Packages/com.diversion.vcs/Editor/Services/AnalyticsService.cs"
"Packages/com.diversion.vcs/Editor/Services/CommitService.cs"
"Packages/com.diversion.vcs/Editor/Services/DiversionAssetModificationProcessor.cs"
"Packages/com.diversion.vcs/Editor/Services/ErrorReportingService.cs"
"Packages/com.diversion.vcs/Editor/Services/Logging/DvLog.cs"
"Packages/com.diversion.vcs/Editor/Services/Logging/LogFileWriter.cs"
"Packages/com.diversion.vcs/Editor/Services/Logging/LogLevel.cs"
"Packages/com.diversion.vcs/Editor/Services/ResetService.cs"
"Packages/com.diversion.vcs/Editor/UI/DiversionColors.cs"
"Packages/com.diversion.vcs/Editor/UI/DiversionVersionControlSettings.cs"
"Packages/com.diversion.vcs/Editor/UI/DiversionWindow.cs"
"Packages/com.diversion.vcs/Editor/UI/ProjectWindowOverlay.cs"
"Packages/com.diversion.vcs/Editor/UI/VisualElementExtensions.cs"
-langversion:9.0
/deterministic
/optimize+
/debug:portable
/nologo
/RuntimeMetadataVersion:v4.0.30319
/nowarn:0169
/nowarn:0649
/nowarn:0282
/nowarn:1701
/nowarn:1702
/utf8output
/preferreduilang:en-US
/additionalfile:"Library/Bee/artifacts/1900b0aE.dag/Diversion.Editor.UnityAdditionalFile.txt"
##### Custom Environment Variables
DOTNET_HOST_PATH=F:\Unity\6000.5.8f1\Editor\Data\DotNetSdk\dotnet.exe
DOTNET_MULTILEVEL_LOOKUP=0
##### ExitCode
1
##### Output
Packages\com.diversion.vcs\Editor\Services\DiversionAssetModificationProcessor.cs(53,25): error CS0619: 'EditorUtility.InstanceIDToObject(int)' is obsolete: 'InstanceIDToObject(int) is obsolete. Use EditorUtility.EntityIdToObject instead.'

Packages\com.diversion.vcs\Editor\Services\DiversionAssetModificationProcessor.cs(111,45): error CS0619: 'EditorUtility.InstanceIDToObject(int)' is obsolete: 'InstanceIDToObject(int) is obsolete. Use EditorUtility.EntityIdToObject instead.'

Packages\com.diversion.vcs\Editor\Services\DiversionAssetModificationProcessor.cs(128,33): error CS0234: The type or namespace name 'EntityId' does not exist in the namespace 'UnityEditor' (are you missing an assembly reference?)

Packages\com.diversion.vcs\Editor\Services\DiversionAssetModificationProcessor.cs(128,53): error CS0234: The type or namespace name 'EntityId' does not exist in the namespace 'UnityEditor' (are you missing an assembly reference?)
*** Tundra build failed (3.47 seconds), 252 items updated, 1538 evaluated
Total cache size 268127392
Total cache size after purge 268127392, took 00:00:00.3230708
Begin MonoManager ReloadAssembly
Symbol file LoadedFromMemory is not a mono symbol file
Refreshing native plugins compatible for Editor in 209.65 ms, found 5 plugins.
Native extension for WindowsStandalone target not found
Native extension for WebGL target not found
Refreshing native plugins compatible for Editor in 3.64 ms, found 5 plugins.
ScheduleIndexationOnStartup MainProcess:True IndexOnStartup:True
Mono: successfully reloaded assembly
- Finished resetting the current domain, in  9.279 seconds
Domain Reload Profiling: 15330ms
	BeginReloadAssembly (493ms)
		DisableScriptedObjects (79ms)
		CreateAndSetChildDomain (73ms)
	RebuildCommonClasses (11ms)
	RebuildNativeTypeToScriptingClass (25ms)
	initialDomainReloadingComplete (98ms)
	LoadAllAssembliesAndSetupDomain (5423ms)
		LoadAssemblies (4128ms)
		AnalyzeDomain (1167ms)
			TypeCache.Refresh (1005ms)
				TypeCache.ScanAssembly (973ms)
			BuildScriptInfoCaches (144ms)
			ResolveRequiredComponents (14ms)
	FinalizeReload (9281ms)
		SetupLoadedEditorAssemblies (0ms)
			InitializePlatformSupportModulesInManaged (3ms)
			BeforeProcessingInitializeOnLoad (129ms)
			ProcessInitializeOnLoadAttributes (6111ms)
			ProcessInitializeOnLoadMethodAttributes (1806ms)
			AfterProcessingInitializeOnLoad (39ms)
		AwakeInstancesAfterBackupRestoration (27ms)
Starting new worker id: 0 with log in F:/unity/ss/soul-seeker/Logs/AssetImportWorkerHW0.log
Refreshing native plugins compatible for Editor in 3.14 ms, found 5 plugins.

Asset Pipeline Refresh (id=550effb394ccd184bbbe00c64fc342e1): Total: 191.614 seconds - Initiated by InitialRefreshV2(ForceSynchronousImport)
	(Values over 0.05ms)
	Summary:
		Imports: total=0 (actual=0, local cache=0, cache server=0)
		Asset DB Process Time: managed=0 ms, native=152011 ms
		Asset DB Callback time: managed=683 ms, native=86 ms
		Scripting: domain reloads=1, domain reload time=21177 ms, compile time=17429 ms, other=226 ms
		Project Asset Count: scripts=2045, non-scripts=3348
		Asset File Changes: new=0, changed=1, moved=0, deleted=0
		Scan Filter Count: 0
	InvokePackagesCallback: 55.513ms
	ApplyChangesToAssetFolders: 1.093ms
	Scan: 562.988ms
	Collect global state as custom dependencies: 27.759ms
	OnSourceAssetsModified: 1.754ms
	CategorizeScriptCompilationAssets: 2914.856ms
	ProcessAssetsWithTransientArtifactChanges: 146.086ms
	CategorizeAssets: 388.999ms
	CompileScripts: 17428.877ms
	ImportOutOfDateAssets: 9987.462ms (9902.152ms without children)
		UnloadImportedAssets: 0.947ms
		EnsureUptoDateAssetsAreRegisteredWithGuidPM: 1.131ms
		ImportSchedulerStart: 83.192ms
	PostProcessAllAssets: 697.057ms
		XRBuildSystem.XRAssetImported 5.577ms
		VCAutoAddAssetPostprocess 4.237ms
		PostProcessCallbackCreateDeferredMaterials 0.860ms
		ShaderAssetModifiedCallback 0.729ms
		SpriteAtlasDatabase.OnAssetPostprocessCallback 0.388ms
		WindowTitlePostprocess 0.368ms
		MonoPostProcessAllAssets: 682.542ms
			AssetPostprocessor.OnPostprocessAllAssets 540.723ms
			StyleCatalogPostProcessor.OnPostprocessAllAssets 55.489ms
			UniversalRenderPipelineGlobalSettingsPostprocessor.OnPostprocessAllAssets 14.663ms
			BuilderAssetPostprocessor.OnPostprocessAllAssets 9.915ms
			AssetChangedListener.OnPostprocessAllAssets 7.051ms
			SpriteSlicePostprocessor.OnPostprocessAllAssets 2.873ms
			WindowAssetPostprocessingWatcher.OnPostprocessAllAssets 2.810ms
			SpeedTree9Postprocessor.OnPostprocessAllAssets 2.478ms
			ShaderGraphAssetPostProcessor.OnPostprocessAllAssets 2.430ms
			RenderPipelineGlobalSettingsPostprocessor.OnPostprocessAllAssets 1.818ms
			RetainedModeAssetPostprocessor.OnPostprocessAllAssets 1.519ms
			EditModeScopePostprocessor.OnPostprocessAllAssets 1.323ms
			ArtifactBrowserPostProcessor.OnPostprocessAllAssets 1.038ms
			MaterialPostprocessor.OnPostprocessAllAssets 0.901ms
			SpriteShapeAssetPostProcessor.OnPostprocessAllAssets 0.811ms
			UVCSAssetPostprocessor.OnPostprocessAllAssets 0.800ms
			AssetProcessor.OnPostprocessAllAssets 0.772ms
			SpriteEditorTexturePostprocessor.OnPostprocessAllAssets 0.748ms
			SampleDependencyImporterPostProcessor.OnPostprocessAllAssets 0.717ms
			AudioMixerPostprocessor.OnPostprocessAllAssets 0.693ms
			TMPro_TexturePostProcessor.OnPostprocessAllAssets 0.527ms
			InputActionAssetPostprocessor.OnPostprocessAllAssets 0.500ms
			ShaderReflectionAssetPostProcessor.OnPostprocessAllAssets 0.438ms
			TextAssetPostProcessor.OnPostprocessAllAssets 0.423ms
			UploadAssetPostprocessor.OnPostprocessAllAssets 0.384ms
			ReferencedClipsPostProcessor.OnPostprocessAllAssets 0.366ms
			PostProcessor.OnPostprocessAllAssets 0.366ms
			InputActionJsonNameModifierAssetProcessor.OnPostprocessAllAssets 0.350ms
			AssetDatabaseCallbacks.OnPostprocessAllAssets 0.343ms
			ConfigAssetsTracker.OnPostprocessAllAssets 0.321ms
			ScenarioDriftAssetsTracker.OnPostprocessAllAssets 0.319ms
			AssetEvents.OnPostprocessAllAssets 0.297ms
			SpriteLibraryAssetPostprocessor.OnPostprocessAllAssets 0.270ms
			AudioContainerPostProcessor.OnPostprocessAllAssets 0.261ms
			TerrainToolbarOverlayPostProcessor.OnPostprocessAllAssets 0.240ms
			AssetReloadNotifier.OnPostprocessAllAssets 0.221ms
			SamplePostprocessor.OnPostprocessAllAssets 0.214ms
			PSDImportPostProcessor.OnPostprocessAllAssets 0.190ms
			SpeedTreePostProcessor.OnPostprocessAllAssets 0.185ms
			ProjectSettingsPostprocessor.OnPostprocessAllAssets 0.177ms
			PSDImporterAssetPostProcessor.OnPostprocessAllAssets 0.168ms
			SyncVS.PostprocessSyncProject 0.143ms
	PostAssetChangesProfiler: 19.323ms
	UnloadStreamsBegin: 4.973ms
	PersistCurrentRevisions: 0.196ms
	GenerateScriptTypeHashes: 2.913ms
	GenerateScriptTypeSerializationHashes: 5.238ms
	Untracked: 159334.826ms

Application.AssetDatabase Initial Refresh End
Launched and connected shader compiler UnityShaderCompiler.exe after 0.06 seconds
Scanning for USB devices : 7.034ms
Initializing Unity extensions:
[MODES] ModeService[none].Initialize
[MODES] ModeService[none].LoadModes
[MODES] Loading mode Default (0) for mode-current-id-soul-seeker
Unloading 24 Unused Serialized files (Serialized files now loaded: 0)
Loaded scene 'Assets/Scenes/SampleScene.unity'
	Deserialize:            39.581 ms
	Integration:            692.509 ms
	Integration of assets:  0.013 ms
	Thread Wait Time:       0.024 ms
	Total Operation Time:   732.127 ms
[Licensing::Client] Successfully resolved entitlement details
Unloading 9665 unused Assets / (8.3 MB). Loaded Objects now: 10833.
Memory consumption went from 508.6 MB to 500.2 MB.
Total: 64.081700 ms (FindLiveObjects: 2.390600 ms CreateObjectMapping: 11.729600 ms MarkObjects: 20.793900 ms  DeleteObjects: 28.839900 ms)

[LAYOUT] About to load UserSettings\Layouts\default-6000.dwlt, keepMainWindow=False
[LAYOUT] About to save layout F:\unity\ss\soul-seeker\UserSettings\Layouts\default-6000.dwlt
[LAYOUT] About to save layout C:/Users/May/AppData/Roaming/Unity/Editor-5.x/Preferences\Layouts\current\default-6000.dwlt
[MODES] ModeService[default].InitializeCurrentMode
[MODES] ModeService[default].RaiseModeChanged(default, default)
This project uses Input Manager, which is marked for deprecation. To manage input in your project, use the <a href="https://docs.unity3d.com/Packages/com.unity.inputsystem@latest">Input System package</a> instead.
<RI> Initializing input.
Using Windows.Gaming.Input
<RI> Input initialized.
[Project] Loading completed in 230.776 seconds
	Project init time: 				227.624 seconds
		Template init time: 		0.000 seconds
		Package Manager init time: 		11.503 seconds
		Asset Database init time: 		1.778 seconds
		Global illumination init time: 	0.040 seconds
		Assemblies load time: 			16.388 seconds
		Unity extensions init time: 	0.135 seconds
		Asset Database refresh time: 	191.616 seconds
	Scene opening time: 			2.810 seconds
##utp:{"type":"ProjectInfo","version":2,"phase":"Immediate","time":1787965565306,"processId":17372,"projectLoad":230.7763661,"projectInit":227.6242566,"templateInit":0.0,"packageManagerInit":11.5034242,"assetDatabaseInit":1.7783461,"globalIlluminationInit":0.0404891,"assembliesLoad":16.3881021,"unityExtensionsInit":0.1346703,"assetDatabaseRefresh":191.6155728,"sceneOpening":2.8103571}
##utp:{"type":"EditorInfo","version":2,"phase":"Immediate","time":1787965565307,"processId":17372,"editorVersion":"6000.5.8f1 (5cb7df797b7d)","branch":"6000.5/staging","buildType":"Release","platform":"Windows"}
[Licensing::Client] Successfully resolved entitlement details

Asset Pipeline Refresh (id=306b20be1da1e1643b1ea3a0604321cc): Total: 0.538 seconds - Initiated by RefreshV2(AllowForceSynchronousImport)
	(Values over 0.05ms)
	Summary:
		Imports: total=0 (actual=0, local cache=0, cache server=0)
		Asset DB Process Time: managed=0 ms, native=514 ms
		Asset DB Callback time: managed=0 ms, native=23 ms
		Scripting: domain reloads=0, domain reload time=0 ms, compile time=0 ms, other=0 ms
		Project Asset Count: scripts=2045, non-scripts=3348
		Asset File Changes: new=0, changed=0, moved=0, deleted=0
		Scan Filter Count: 0
	InvokePackagesCallback: 29.111ms
	ApplyChangesToAssetFolders: 0.409ms
	Collect global state as custom dependencies: 21.677ms
	ProcessAssetsWithTransientArtifactChanges: 0.424ms
	CategorizeAssets: 98.010ms
	ImportOutOfDateAssets: 66.700ms (16.057ms without children)
		UnloadImportedAssets: 0.189ms
		EnsureUptoDateAssetsAreRegisteredWithGuidPM: 0.882ms
		ImportSchedulerStart: 49.529ms
	GatherAllCurrentPrimaryImportResultRevisions: 0.801ms
	UnloadStreamsBegin: 5.384ms
	PersistCurrentRevisions: 0.194ms
	Untracked: 259.941ms

Try refresh the unity services token.
UnityEngine.Debug:ExtractStackTraceNoAlloc (byte*,int,string)
UnityEngine.StackTraceUtility:ExtractStackTrace ()
UnityEngine.DebugLogHandler:Internal_Log (UnityEngine.LogType,UnityEngine.LogOption,string,UnityEngine.Object)
UnityEngine.DebugLogHandler:LogFormat (UnityEngine.LogType,UnityEngine.Object,string,object[])
UnityEngine.Logger:Log (UnityEngine.LogType,object)
UnityEngine.Debug:Log (object)
Unity.Cloud.IdentityEmbedded.Editor.UnityEditorServiceAuthorizer/<RefreshUnityTokenFromAccessTokenAsync>d__36:MoveNext () (at ./Library/PackageCache/com.unity.asset-manager-for-unity@71c49222cba8/Embedded/Editor/com.unity.cloud.identity/Editor/UnityEditorServiceAuthorizer.cs:191)
System.Runtime.CompilerServices.AsyncTaskMethodBuilder:Start<Unity.Cloud.IdentityEmbedded.Editor.UnityEditorServiceAuthorizer/<RefreshUnityTokenFromAccessTokenAsync>d__36> (Unity.Cloud.IdentityEmbedded.Editor.UnityEditorServiceAuthorizer/<RefreshUnityTokenFromAccessTokenAsync>d__36&)
Unity.Cloud.IdentityEmbedded.Editor.UnityEditorServiceAuthorizer:RefreshUnityTokenFromAccessTokenAsync ()
Unity.Cloud.IdentityEmbedded.Editor.UnityEditorServiceAuthorizer/<Update>d__35:MoveNext () (at ./Library/PackageCache/com.unity.asset-manager-for-unity@71c49222cba8/Embedded/Editor/com.unity.cloud.identity/Editor/UnityEditorServiceAuthorizer.cs:175)
System.Runtime.CompilerServices.AsyncVoidMethodBuilder:Start<Unity.Cloud.IdentityEmbedded.Editor.UnityEditorServiceAuthorizer/<Update>d__35> (Unity.Cloud.IdentityEmbedded.Editor.UnityEditorServiceAuthorizer/<Update>d__35&)
Unity.Cloud.IdentityEmbedded.Editor.UnityEditorServiceAuthorizer:Update ()
UnityEditor.EditorApplication:Internal_CallUpdateFunctions ()

(Filename: ./Library/PackageCache/com.unity.asset-manager-for-unity@71c49222cba8/Embedded/Editor/com.unity.cloud.identity/Editor/UnityEditorServiceAuthorizer.cs Line: 191)

Created GICache directory at C:/Users/May/AppData/LocalLow/Unity/Caches/GiCache. Took: 0.082s, timestamps: [234.462 - 234.543]
[Licensing::Client] Successfully resolved entitlement details
[Licensing::Client] Successfully resolved entitlement details
[Licensing::Client] Successfully updated the access token
[Licensing::Module] Successfully updated access token: "__95httH"... (expires: 2026-08-29T03:03:27Z)
[Licensing::Client] Successfully resolved entitlement details
Try refresh the unity services token.
UnityEngine.Debug:ExtractStackTraceNoAlloc (byte*,int,string)
UnityEngine.StackTraceUtility:ExtractStackTrace ()
UnityEngine.DebugLogHandler:Internal_Log (UnityEngine.LogType,UnityEngine.LogOption,string,UnityEngine.Object)
UnityEngine.DebugLogHandler:LogFormat (UnityEngine.LogType,UnityEngine.Object,string,object[])
UnityEngine.Logger:Log (UnityEngine.LogType,object)
UnityEngine.Debug:Log (object)
Unity.Cloud.IdentityEmbedded.Editor.UnityEditorServiceAuthorizer/<RefreshUnityTokenFromAccessTokenAsync>d__36:MoveNext () (at ./Library/PackageCache/com.unity.asset-manager-for-unity@71c49222cba8/Embedded/Editor/com.unity.cloud.identity/Editor/UnityEditorServiceAuthorizer.cs:191)
System.Runtime.CompilerServices.AsyncTaskMethodBuilder:Start<Unity.Cloud.IdentityEmbedded.Editor.UnityEditorServiceAuthorizer/<RefreshUnityTokenFromAccessTokenAsync>d__36> (Unity.Cloud.IdentityEmbedded.Editor.UnityEditorServiceAuthorizer/<RefreshUnityTokenFromAccessTokenAsync>d__36&)
Unity.Cloud.IdentityEmbedded.Editor.UnityEditorServiceAuthorizer:RefreshUnityTokenFromAccessTokenAsync ()
Unity.Cloud.IdentityEmbedded.Editor.UnityEditorServiceAuthorizer/<Update>d__35:MoveNext () (at ./Library/PackageCache/com.unity.asset-manager-for-unity@71c49222cba8/Embedded/Editor/com.unity.cloud.identity/Editor/UnityEditorServiceAuthorizer.cs:175)
System.Runtime.CompilerServices.AsyncVoidMethodBuilder:Start<Unity.Cloud.IdentityEmbedded.Editor.UnityEditorServiceAuthorizer/<Update>d__35> (Unity.Cloud.IdentityEmbedded.Editor.UnityEditorServiceAuthorizer/<Update>d__35&)
Unity.Cloud.IdentityEmbedded.Editor.UnityEditorServiceAuthorizer:Update ()
UnityEditor.EditorApplication:Internal_CallUpdateFunctions ()

(Filename: ./Library/PackageCache/com.unity.asset-manager-for-unity@71c49222cba8/Embedded/Editor/com.unity.cloud.identity/Editor/UnityEditorServiceAuthorizer.cs Line: 191)

Unity services token refreshed.
UnityEngine.Debug:ExtractStackTraceNoAlloc (byte*,int,string)
UnityEngine.StackTraceUtility:ExtractStackTrace ()
UnityEngine.DebugLogHandler:Internal_Log (UnityEngine.LogType,UnityEngine.LogOption,string,UnityEngine.Object)
UnityEngine.DebugLogHandler:LogFormat (UnityEngine.LogType,UnityEngine.Object,string,object[])
UnityEngine.Logger:Log (UnityEngine.LogType,object)
UnityEngine.Debug:Log (object)
Unity.Cloud.IdentityEmbedded.Editor.UnityEditorServiceAuthorizer/<RefreshUnityTokenFromAccessTokenAsync>d__36:MoveNext () (at ./Library/PackageCache/com.unity.asset-manager-for-unity@71c49222cba8/Embedded/Editor/com.unity.cloud.identity/Editor/UnityEditorServiceAuthorizer.cs:206)
System.Runtime.CompilerServices.AsyncMethodBuilderCore/MoveNextRunner:InvokeMoveNext (object)
System.Threading.ExecutionContext:RunInternal (System.Threading.ExecutionContext,System.Threading.ContextCallback,object,bool)
System.Threading.ExecutionContext:Run (System.Threading.ExecutionContext,System.Threading.ContextCallback,object,bool)
System.Runtime.CompilerServices.AsyncMethodBuilderCore/MoveNextRunner:Run ()
System.Threading.Tasks.AwaitTaskContinuation:InvokeAction (object)
System.Threading.Tasks.AwaitTaskContinuation:RunCallback (System.Threading.ContextCallback,object,System.Threading.Tasks.Task&)
System.Threading.Tasks.SynchronizationContextAwaitTaskContinuation:Run (System.Threading.Tasks.Task,bool)
System.Threading.Tasks.Task:FinishContinuations ()
System.Threading.Tasks.Task:FinishStageThree ()
System.Threading.Tasks.Task`1<System.Threading.Tasks.VoidTaskResult>:TrySetResult (System.Threading.Tasks.VoidTaskResult)
System.Runtime.CompilerServices.AsyncTaskMethodBuilder`1<System.Threading.Tasks.VoidTaskResult>:SetResult (System.Threading.Tasks.VoidTaskResult)
System.Runtime.CompilerServices.AsyncTaskMethodBuilder`1<System.Threading.Tasks.VoidTaskResult>:SetResult (System.Threading.Tasks.Task`1<System.Threading.Tasks.VoidTaskResult>)
System.Runtime.CompilerServices.AsyncTaskMethodBuilder:SetResult ()
Unity.Cloud.IdentityEmbedded.Editor.UnityEditorServiceAuthorizer/<RefreshUnityTokenAsync>d__38:MoveNext () (at ./Library/PackageCache/com.unity.asset-manager-for-unity@71c49222cba8/Embedded/Editor/com.unity.cloud.identity/Editor/UnityEditorServiceAuthorizer.cs:270)
System.Runtime.CompilerServices.AsyncMethodBuilderCore/MoveNextRunner:InvokeMoveNext (object)
System.Threading.ExecutionContext:RunInternal (System.Threading.ExecutionContext,System.Threading.ContextCallback,object,bool)
System.Threading.ExecutionContext:Run (System.Threading.ExecutionContext,System.Threading.ContextCallback,object,bool)
System.Runtime.CompilerServices.AsyncMethodBuilderCore/MoveNextRunner:Run ()
System.Threading.Tasks.AwaitTaskContinuation:InvokeAction (object)
System.Threading.Tasks.AwaitTaskContinuation:RunCallback (System.Threading.ContextCallback,object,System.Threading.Tasks.Task&)
System.Threading.Tasks.SynchronizationContextAwaitTaskContinuation:Run (System.Threading.Tasks.Task,bool)
System.Threading.Tasks.Task:FinishContinuations ()
System.Threading.Tasks.Task:FinishStageThree ()
System.Threading.Tasks.Task`1<Unity.Cloud.IdentityEmbedded.UnityServicesToken>:TrySetResult (Unity.Cloud.IdentityEmbedded.UnityServicesToken)
System.Runtime.CompilerServices.AsyncTaskMethodBuilder`1<Unity.Cloud.IdentityEmbedded.UnityServicesToken>:SetResult (Unity.Cloud.IdentityEmbedded.UnityServicesToken)
Unity.Cloud.IdentityEmbedded.TargetClientIdTokenToUnityServicesTokenExchanger/<ExchangeAsync>d__4:MoveNext () (at ./Library/PackageCache/com.unity.asset-manager-for-unity@71c49222cba8/Embedded/Editor/com.unity.cloud.identity/Core/TokenExchange/TargetClientIdTokenToUnityServicesTokenExchanger.cs:43)
System.Runtime.CompilerServices.AsyncMethodBuilderCore/MoveNextRunner:InvokeMoveNext (object)
System.Threading.ExecutionContext:RunInternal (System.Threading.ExecutionContext,System.Threading.ContextCallback,object,bool)
System.Threading.ExecutionContext:Run (System.Threading.ExecutionContext,System.Threading.ContextCallback,object,bool)
System.Runtime.CompilerServices.AsyncMethodBuilderCore/MoveNextRunner:Run ()
System.Threading.Tasks.AwaitTaskContinuation:InvokeAction (object)
System.Threading.Tasks.AwaitTaskContinuation:RunCallback (System.Threading.ContextCallback,object,System.Threading.Tasks.Task&)
System.Threading.Tasks.SynchronizationContextAwaitTaskContinuation:Run (System.Threading.Tasks.Task,bool)
System.Threading.Tasks.Task:FinishContinuations ()
System.Threading.Tasks.Task:FinishStageThree ()
System.Threading.Tasks.Task`1<System.Net.Http.HttpResponseMessage>:TrySetResult (System.Net.Http.HttpResponseMessage)
System.Runtime.CompilerServices.AsyncTaskMethodBuilder`1<System.Net.Http.HttpResponseMessage>:SetResult (System.Net.Http.HttpResponseMessage)
Unity.Cloud.CommonEmbedded.HttpClientExtensions/<PostAsync>d__10:MoveNext () (at ./Library/PackageCache/com.unity.asset-manager-for-unity@71c49222cba8/Embedded/Editor/com.unity.cloud.common/Core/Networking/Http/HttpClientExtensions.cs:166)
System.Runtime.CompilerServices.AsyncMethodBuilderCore/MoveNextRunner:InvokeMoveNext (object)
System.Threading.ExecutionContext:RunInternal (System.Threading.ExecutionContext,System.Threading.ContextCallback,object,bool)
System.Threading.ExecutionContext:Run (System.Threading.ExecutionContext,System.Threading.ContextCallback,object,bool)
System.Runtime.CompilerServices.AsyncMethodBuilderCore/MoveNextRunner:Run ()
System.Threading.Tasks.AwaitTaskContinuation:InvokeAction (object)
System.Threading.Tasks.AwaitTaskContinuation:RunCallback (System.Threading.ContextCallback,object,System.Threading.Tasks.Task&)
System.Threading.Tasks.SynchronizationContextAwaitTaskContinuation:Run (System.Threading.Tasks.Task,bool)
System.Threading.Tasks.Task:FinishContinuations ()
System.Threading.Tasks.Task:FinishStageThree ()
System.Threading.Tasks.Task`1<System.Net.Http.HttpResponseMessage>:TrySetResult (System.Net.Http.HttpResponseMessage)
System.Runtime.CompilerServices.AsyncTaskMethodBuilder`1<System.Net.Http.HttpResponseMessage>:SetResult (System.Net.Http.HttpResponseMessage)
Unity.Cloud.CommonEmbedded.Runtime.UnityHttpClient/<SendAsync>d__9:MoveNext () (at ./Library/PackageCache/com.unity.asset-manager-for-unity@71c49222cba8/Embedded/Editor/com.unity.cloud.common/Runtime/Networking/Http/UnityHttpClient.cs:103)
System.Runtime.CompilerServices.AsyncMethodBuilderCore/MoveNextRunner:InvokeMoveNext (object)
System.Threading.ExecutionContext:RunInternal (System.Threading.ExecutionContext,System.Threading.ContextCallback,object,bool)
System.Threading.ExecutionContext:Run (System.Threading.ExecutionContext,System.Threading.ContextCallback,object,bool)
System.Runtime.CompilerServices.AsyncMethodBuilderCore/MoveNextRunner:Run ()
System.Threading.Tasks.AwaitTaskContinuation:InvokeAction (object)
System.Threading.Tasks.AwaitTaskContinuation:RunCallback (System.Threading.ContextCallback,object,System.Threading.Tasks.Task&)
System.Threading.Tasks.SynchronizationContextAwaitTaskContinuation:Run (System.Threading.Tasks.Task,bool)
System.Threading.Tasks.Task:FinishContinuations ()
System.Threading.Tasks.Task:FinishStageThree ()
System.Threading.Tasks.Task`1<System.Net.Http.HttpResponseMessage>:TrySetResult (System.Net.Http.HttpResponseMessage)
System.Runtime.CompilerServices.AsyncTaskMethodBuilder`1<System.Net.Http.HttpResponseMessage>:SetResult (System.Net.Http.HttpResponseMessage)
Unity.Cloud.CommonEmbedded.Runtime.LegacyRequestHandler/<RequestAsync>d__8:MoveNext () (at ./Library/PackageCache/com.unity.asset-manager-for-unity@71c49222cba8/Embedded/Editor/com.unity.cloud.common/Runtime/Networking/Http/LegacyRequestHandler.cs:55)
System.Runtime.CompilerServices.AsyncMethodBuilderCore/MoveNextRunner:InvokeMoveNext (object)
System.Threading.ExecutionContext:RunInternal (System.Threading.ExecutionContext,System.Threading.ContextCallback,object,bool)
System.Threading.ExecutionContext:Run (System.Threading.ExecutionContext,System.Threading.ContextCallback,object,bool)
System.Runtime.CompilerServices.AsyncMethodBuilderCore/MoveNextRunner:Run ()
System.Threading.Tasks.AwaitTaskContinuation:InvokeAction (object)
System.Threading.Tasks.AwaitTaskContinuation:RunCallback (System.Threading.ContextCallback,object,System.Threading.Tasks.Task&)
System.Threading.Tasks.SynchronizationContextAwaitTaskContinuation:Run (System.Threading.Tasks.Task,bool)
System.Threading.Tasks.Task:FinishContinuations ()
System.Threading.Tasks.Task:FinishStageThree ()
System.Threading.Tasks.Task`1<Unity.Cloud.CommonEmbedded.Runtime.LegacyRequestHandler/SafeHttpResponseMessageAccessor>:TrySetResult (Unity.Cloud.CommonEmbedded.Runtime.LegacyRequestHandler/SafeHttpResponseMessageAccessor)
System.Runtime.CompilerServices.AsyncTaskMethodBuilder`1<Unity.Cloud.CommonEmbedded.Runtime.LegacyRequestHandler/SafeHttpResponseMessageAccessor>:SetResult (Unity.Cloud.CommonEmbedded.Runtime.LegacyRequestHandler/SafeHttpResponseMessageAccessor)
Unity.Cloud.CommonEmbedded.Runtime.LegacyRequestHandler/<>c__DisplayClass8_0/<<RequestAsync>b__0>d:MoveNext () (at ./Library/PackageCache/com.unity.asset-manager-for-unity@71c49222cba8/Embedded/Editor/com.unity.cloud.common/Runtime/Networking/Http/LegacyRequestHandler.cs:49)
System.Runtime.CompilerServices.AsyncMethodBuilderCore/MoveNextRunner:InvokeMoveNext (object)
System.Threading.ExecutionContext:RunInternal (System.Threading.ExecutionContext,System.Threading.ContextCallback,object,bool)
System.Threading.ExecutionContext:Run (System.Threading.ExecutionContext,System.Threading.ContextCallback,object,bool)
System.Runtime.CompilerServices.AsyncMethodBuilderCore/MoveNextRunner:Run ()
System.Threading.Tasks.AwaitTaskContinuation:InvokeAction (object)
System.Threading.Tasks.AwaitTaskContinuation:RunCallback (System.Threading.ContextCallback,object,System.Threading.Tasks.Task&)
System.Threading.Tasks.SynchronizationContextAwaitTaskContinuation:Run (System.Threading.Tasks.Task,bool)
System.Threading.Tasks.Task:FinishContinuations ()
System.Threading.Tasks.Task:FinishStageThree ()
System.Threading.Tasks.Task`1<System.Threading.Tasks.VoidTaskResult>:TrySetResult (System.Threading.Tasks.VoidTaskResult)
System.Runtime.CompilerServices.AsyncTaskMethodBuilder`1<System.Threading.Tasks.VoidTaskResult>:SetResult (System.Threading.Tasks.VoidTaskResult)
System.Runtime.CompilerServices.AsyncTaskMethodBuilder`1<System.Threading.Tasks.VoidTaskResult>:SetResult (System.Threading.Tasks.Task`1<System.Threading.Tasks.VoidTaskResult>)
System.Runtime.CompilerServices.AsyncTaskMethodBuilder:SetResult ()
Unity.Cloud.CommonEmbedded.Runtime.LegacyRequestHandler/<HandleRequestWithRedirection>d__9:MoveNext () (at ./Library/PackageCache/com.unity.asset-manager-for-unity@71c49222cba8/Embedded/Editor/com.unity.cloud.common/Runtime/Networking/Http/LegacyRequestHandler.cs:93)
System.Runtime.CompilerServices.AsyncMethodBuilderCore/MoveNextRunner:InvokeMoveNext (object)
System.Threading.ExecutionContext:RunInternal (System.Threading.ExecutionContext,System.Threading.ContextCallback,object,bool)
System.Threading.ExecutionContext:Run (System.Threading.ExecutionContext,System.Threading.ContextCallback,object,bool)
System.Runtime.CompilerServices.AsyncMethodBuilderCore/MoveNextRunner:Run ()
System.Threading.Tasks.AwaitTaskContinuation:InvokeAction (object)
System.Threading.Tasks.AwaitTaskContinuation:RunCallback (System.Threading.ContextCallback,object,System.Threading.Tasks.Task&)
System.Threading.Tasks.SynchronizationContextAwaitTaskContinuation:Run (System.Threading.Tasks.Task,bool)
System.Threading.Tasks.Task:FinishContinuations ()
System.Threading.Tasks.Task:FinishStageThree ()
System.Threading.Tasks.Task`1<System.Threading.Tasks.VoidTaskResult>:TrySetResult (System.Threading.Tasks.VoidTaskResult)
System.Runtime.CompilerServices.AsyncTaskMethodBuilder`1<System.Threading.Tasks.VoidTaskResult>:SetResult (System.Threading.Tasks.VoidTaskResult)
System.Runtime.CompilerServices.AsyncTaskMethodBuilder`1<System.Threading.Tasks.VoidTaskResult>:SetResult (System.Threading.Tasks.Task`1<System.Threading.Tasks.VoidTaskResult>)
System.Runtime.CompilerServices.AsyncTaskMethodBuilder:SetResult ()
Unity.Cloud.CommonEmbedded.Runtime.LegacyRequestHandler/<ProcessRequestWithResponseContentReadOption>d__12:MoveNext () (at ./Library/PackageCache/com.unity.asset-manager-for-unity@71c49222cba8/Embedded/Editor/com.unity.cloud.common/Runtime/Networking/Http/LegacyRequestHandler.cs:136)
System.Runtime.CompilerServices.AsyncMethodBuilderCore/MoveNextRunner:InvokeMoveNext (object)
System.Threading.ExecutionContext:RunInternal (System.Threading.ExecutionContext,System.Threading.ContextCallback,object,bool)
System.Threading.ExecutionContext:Run (System.Threading.ExecutionContext,System.Threading.ContextCallback,object,bool)
System.Runtime.CompilerServices.AsyncMethodBuilderCore/MoveNextRunner:Run ()
System.Threading.Tasks.SynchronizationContextAwaitTaskContinuation/<>c:<.cctor>b__7_0 (object)
UnityEngine.UnitySynchronizationContext/WorkRequest:Invoke ()
UnityEngine.UnitySynchronizationContext:Exec ()
UnityEngine.UnitySynchronizationContext:ExecuteTasks ()

(Filename: ./Library/PackageCache/com.unity.asset-manager-for-unity@71c49222cba8/Embedded/Editor/com.unity.cloud.identity/Editor/UnityEditorServiceAuthorizer.cs Line: 206)

UPID Received 'c576347a-05d0-4fb0-a4ea-0708e3165bef'.
[Licensing::Client] Successfully resolved entitlement details
Asset Pipeline Refresh (id=ea6c56a7b78b2f14abb354fc5d608d33): Total: 0.025 seconds - Initiated by RefreshV2(AllowForceSynchronousImport)
Start Indexing on Editor startup
[Indexing] Starting Initial Indexing for Assets
Worker ready: AssetImportWorkerHW0 0
Starting new worker id: 1 with log in F:/unity/ss/soul-seeker/Logs/AssetImportWorkerHW1.log
TrimDiskCacheJob: Current cache size 0mb
Worker ready: AssetImportWorkerHW1 1
[Worker0] Imported GUID: 0707daf477d255148889bd84fb7047ec - Path: Packages/com.diversion.vcs/Editor/Services/DiversionAssetModificationProcessor.cs - Importer: ScriptedImporter/UnityEditor.QuickSearchModule:UnityEditor.Search:ASIAI0B -> (ImportResultId: '5a89028913d9b09be6311b23af314e66') in 0.2141115 seconds

Asset Pipeline Refresh (id=b5005d2ef9ce409488c4f8218b0c9a0c): Total: 1.048 seconds - Initiated by RefreshV2(AllowForceSynchronousImport)
	(Values over 0.05ms)
	Summary:
		Imports: total=0 (actual=0, local cache=0, cache server=0)
		Asset DB Process Time: managed=0 ms, native=885 ms
		Asset DB Callback time: managed=0 ms, native=161 ms
		Scripting: domain reloads=0, domain reload time=0 ms, compile time=0 ms, other=0 ms
		Project Asset Count: scripts=2045, non-scripts=3348
		Asset File Changes: new=0, changed=0, moved=0, deleted=0
		Scan Filter Count: 0
	InvokeCustomDependenciesCallbacks: 0.055ms
	InvokePackagesCallback: 161.448ms
	ApplyChangesToAssetFolders: 138.086ms
	Scan: 239.999ms
	Collect global state as custom dependencies: 4.917ms
	GatherAllCurrentPrimaryImportResultRevisions: 444.706ms
	UnloadStreamsBegin: 40.565ms
	UnloadStreamsEnd: 0.166ms
	Untracked: 17.664ms

[Licensing::Client] Successfully resolved entitlement details
Asset Pipeline Refresh (id=be85012b428e2d541860deae5c8ea08a): Total: 0.012 seconds - Initiated by RefreshV2(AllowForceSynchronousImport)
[Licensing::Client] Successfully resolved entitlement details
[Licensing::Client] Successfully resolved entitlement details
[Licensing::Client] Successfully resolved entitlement details
[Licensing::Client] Successfully resolved entitlement details
[Licensing::Client] Successfully resolved entitlement details
[Licensing::Client] Successfully resolved entitlement details
[Licensing::Client] Successfully resolved entitlement details
[Licensing::Client] Successfully resolved entitlement details
[Licensing::Client] Successfully resolved entitlement details
[Licensing::Client] Successfully resolved entitlement details
[Licensing::Client] Successfully resolved entitlement details
[Licensing::Client] Successfully resolved entitlement details
[Licensing::Client] Successfully resolved entitlement details
[Licensing::Client] Successfully resolved entitlement details
[Licensing::Client] Successfully resolved entitlement details
[Licensing::Client] Successfully resolved entitlement details
[Licensing::Client] Successfully resolved entitlement details
[Licensing::Client] Successfully resolved entitlement details
[Licensing::Client] Successfully resolved entitlement details
Asset Pipeline Refresh (id=9890456e767ff694884bf6391859966e): Total: 0.016 seconds - Initiated by RefreshV2(AllowForceSynchronousImport)
Asset Pipeline Refresh (id=6b17f89c3cb62bf4aa37f64b6d3b1d59): Total: 0.016 seconds - Initiated by RefreshV2(AllowForceSynchronousImport)
Asset Pipeline Refresh (id=fde23b45d2a56ad4b85308ed389c639c): Total: 0.018 seconds - Initiated by RefreshV2(AllowForceSynchronousImport)
Asset Pipeline Refresh (id=187fb6c64156d464488eb55197a4b3a8): Total: 0.014 seconds - Initiated by RefreshV2(AllowForceSynchronousImport)
Asset Pipeline Refresh (id=c2574a05477927d4f90826f8e040b811): Total: 0.014 seconds - Initiated by RefreshV2(AllowForceSynchronousImport)
Asset Pipeline Refresh (id=f868901fe0786754a89d37e92b0208c0): Total: 0.015 seconds - Initiated by RefreshV2(AllowForceSynchronousImport)
MonoPathRemapper: Attempts to remap: 215749; Successful remaps: 30290
Serialized file version minimum: 23, current 23
[LAYOUT] About to save layout F:\unity\ss\soul-seeker\UserSettings\Layouts\default-6000.dwlt
[LAYOUT] About to save layout C:/Users/May/AppData/Roaming/Unity/Editor-5.x/Preferences\Layouts\current\default-6000.dwlt
AcceleratorClientConnectionCallback - disconnected - :0
Importing 'GUID: 00000000000000004000000000000000 - Path: ProjectSettings/ProjectSettings.asset' with importer (LibraryAssetImporter)
Imported 'GUID: 00000000000000004000000000000000' -> (Import Result ID: 'b3b93b4f5284004f4249fe9e394c1758') in 0.058 seconds [static dependencies only]. Details - ImportResultOutputID=276a810dac73e1f29404d5e5f692e214 DependenciesID=4b277d4971e39c443eed8b0beafb3241 StaticDependenciesID=a97729ae9f282e2a8ca1fcad850fb2da 
Refreshing native plugins compatible for Editor in 5.67 ms, found 5 plugins.

Asset Pipeline Refresh (id=3d95b3128bdf75e4f885f42e34bb412c): Total: 1.658 seconds - Initiated by StopAssetImportingV2(NoUpdateAssetOptions)
	(Values over 0.05ms)
	Summary:
		Imports: total=1 (actual=1, local cache=0, cache server=0)
		Asset DB Process Time: managed=12 ms, native=1437 ms
		Asset DB Callback time: managed=22 ms, native=186 ms
		Scripting: domain reloads=0, domain reload time=0 ms, compile time=0 ms, other=0 ms
		Project Asset Count: scripts=2045, non-scripts=3348
		Asset File Changes: new=0, changed=1, moved=0, deleted=0
		Scan Filter Count: 1
	ApplyChangesToAssetFolders: 0.147ms
	Scan: 161.142ms
	Collect global state as custom dependencies: 0.258ms
	OnSourceAssetsModified: 6.454ms
	CategorizeScriptCompilationAssets: 1.150ms
	ProcessAssetsWithTransientArtifactChanges: 3.680ms
	CategorizeAssets: 330.126ms
	ImportOutOfDateAssets: 856.010ms (649.459ms without children)
		ImportManagerImport: 64.476ms (2.441ms without children)
		ReloadNativeAssets: 2.194ms
		UnloadImportedAssets: 0.918ms
		ReloadImportedAssets: 0.246ms
		EnsureUptoDateAssetsAreRegisteredWithGuidPM: 0.882ms
		InitializingProgressBar: 0.301ms
		ImportSchedulerStart: 137.777ms
	PostProcessAllAssets: 153.606ms
		XRBuildSystem.XRAssetImported 129.130ms
		SpriteAtlasDatabase.OnAssetPostprocessCallback 0.389ms
		AssemblyValidation.PostprocessAllAssets 0.345ms
		RaytracingShaderImportPostprocess 0.319ms
		MonoPostProcessAllAssets: 17.678ms
			SpriteShapeAssetPostProcessor.OnPostprocessAllAssets 6.080ms
			AssetPostprocessor.OnPostprocessAllAssets 2.934ms
			RetainedModeAssetPostprocessor.OnPostprocessAllAssets 0.901ms
			ShaderGraphAssetPostProcessor.OnPostprocessAllAssets 0.896ms
			AssetProcessor.OnPostprocessAllAssets 0.602ms
			RenderPipelineGlobalSettingsPostprocessor.OnPostprocessAllAssets 0.475ms
			SpriteEditorTexturePostprocessor.OnPostprocessAllAssets 0.358ms
			TMPro_TexturePostProcessor.OnPostprocessAllAssets 0.337ms
			UniversalRenderPipelineGlobalSettingsPostprocessor.OnPostprocessAllAssets 0.334ms
			ScenarioDriftAssetsTracker.OnPostprocessAllAssets 0.330ms
			StyleCatalogPostProcessor.OnPostprocessAllAssets 0.314ms
			EditModeScopePostprocessor.OnPostprocessAllAssets 0.286ms
			PSDImporterAssetPostProcessor.OnPostprocessAllAssets 0.251ms
			AssetChangedListener.OnPostprocessAllAssets 0.068ms
			SpriteSlicePostprocessor.OnPostprocessAllAssets 0.063ms
	PostAssetChangesProfiler: 48.721ms
	GatherAllCurrentPrimaryImportResultRevisions: 0.424ms
	UnloadStreamsBegin: 2.172ms
	PersistCurrentRevisions: 0.278ms
	Untracked: 88.294ms

Input System module state changed to: ShutdownInProgress.
Input Polling Thread exited.
Input System module state changed to: Shutdown.
[Physics::Module] Cleanup current backend.
[Physics::Module] Id: 0xf2b8ea05
[Licensing::IpcConnector] LicenseClient-May-6000.5.8-notifications channel disconnected successfully.
[Licensing::IpcConnector] LicenseClient-May-6000.5.8 channel disconnected successfully.
Shut down.
Lingering sessions upon destruction of worker manager
AcceleratorClientConnectionCallback - disconnected - :0
Cleanup mono
CodeReloadManager destroyed
abort_threads: Failed aborting id: 0000000000006AB8, mono_thread_manage will ignore it

abort_threads: Failed aborting id: 0000000000006AB8, mono_thread_manage will ignore it

debugger-agent: Unable to listen on 2672
Checking for leaked weakptr:
  Found no leaked weakptrs.
[Package Manager] Server process was shutdown
##utp:{"type":"MemoryLeaks","version":2,"phase":"Immediate","time":1787966090535,"processId":17372,"allocatedMemory":53111653,"memoryLabels":[{"Default":205930},{"Permanent":15516},{"NewDelete":70613},{"Thread":4205688},{"Manager":818344},{"VertexData":8},{"Geometry":816},{"Texture":24},{"Shader":865119},{"Material":24},{"GfxDevice":70808},{"GfxThread":1536},{"Animation":952},{"Audio":1544},{"FreeType":8},{"FontEngine":736},{"Physics":2146},{"Physics2D":16},{"Serialization":110592},{"Input":45280},{"JobScheduler":256},{"TextLib":23626},{"Mono":48},{"MonoCode":128},{"ScriptingNativeRuntime":1859556},{"BaseObject":1622696},{"Resource":1208},{"Renderer":3080},{"Transform":4685},{"File":6974},{"WebCam":616},{"Culling":32},{"Terrain":11442},{"Wind":24},{"STL":40},{"String":9516},{"StaticString":3808},{"Utility":2672906},{"PoolAlloc":2360},{"AI":80},{"TypeTree":17165},{"CodeReload":448},{"RuntimeInitializeOnLoadManager":64},{"Sprites":102},{"SpriteAtlas":120},{"GI":7816},{"Director":8296},{"CloudService":7208},{"WebRequest":133610},{"VR":47114},{"SceneManager":608},{"Video":208},{"LazyScriptCache":32},{"NativeArray":33098184},{"Camera":17},{"Secure":265},{"SerializationCache":1576},{"APIUpdating":10320},{"Subsystems":336},{"VirtualTexturing":57888},{"StaticSafetyDebugInfo":278528},{"Analytics":552},{"Hierarchy":1176},{"UIElements":1138944},{"CoreStats":13688},{"Identifiers":6768},{"Gui":268179},{"EditorUtility":268406},{"VersionControl":8},{"Undo":931},{"AssetDatabase":5057855},{"AssetImporter":40},{"EditorGi":328},{"UnityConnect":35385},{"Upm":1988},{"UpmDiagnostics":8},{"AssetCompliance":64},{"DrivenProperties":72},{"LocalIPC":209},{"ProfilerEditor":9746},{"CoreBusinessMetrics":3476},{"Windowing":456},{"Licensing":664},{"AssetReference":32},{"IPCStream":32}]}
